,Player,Position,90s,TCmp,LFTP,LPrgP,LPPA,LxA,Def_3rd,Mid_3rd,Att_3rd,Live,TOSucc,CaPrgC,PrgR,CaFTC,CaCPA,Att_Pen,SSh,npxG,SDist,PTTB
0,Brenden Aaronson,attacking midfield,26.4,0.08811516119457403,0.11958261863922244,0.1628787878787879,0.030303030303030304,0.04924242424242425,0.11078204137694225,0.16746111389864526,0.2623106060606061,0.11252661506501019,0.12878787878787878,0.08143939393939395,0.2859848484848485,0.04292929292929293,0.0984848484848485,0.13636363636363638,0.15530303030303033,0.0590909090909091,0.5031897926634769,0.20490620490620493
1,Paxten Aaronson,attacking midfield,1.9,0.11897292262270352,0.1060575968222443,0.15789473684210528,0.0,0.026315789473684213,0.07961830922916358,0.19272717669738826,0.3486842105263158,0.16816428421223908,0.15789473684210528,0.21052631578947367,0.3947368421052632,0.03508771929824561,0.21052631578947367,0.44736842105263164,0.21052631578947367,0.04210526315789474,0.5041551246537396,0.0
2,Himad Abdelli,attacking midfield,23.7,0.2388758360364881,0.35143698750099517,0.31856540084388185,0.05485232067510548,0.052742616033755275,0.2521246458923513,0.34443759910742455,0.2157172995780591,0.24307140163828697,0.18143459915611815,0.12236286919831224,0.23417721518987344,0.08438818565400845,0.05907172995780591,0.048523206751054856,0.10126582278481014,0.023628691983122365,0.5316455696202531,0.22824994976893712
3,Yacine Adli,attacking midfield,1.6,0.14539557709466905,0.2518867924528302,0.3125,0.0625,0.0625,0.2206090651558074,0.2511916708479679,0.328125,0.2219700273895829,0.25,0.21875,0.25,0.10416666666666667,0.0,0.0625,0.125,0.025,0.513157894736842,0.0
4,Maghnes Akliouche,attacking midfield,4.5,0.133269238085796,0.17911949685534592,0.17777777777777778,0.05555555555555556,0.05555555555555555,0.12886370790053508,0.16870156659419078,0.2916666666666667,0.1338172460964571,0.13333333333333333,0.1,0.46666666666666673,0.037037037037037035,0.08888888888888889,0.18888888888888888,0.11111111111111112,0.044444444444444446,0.5029239766081871,0.0
5,Dele Alli,attacking midfield,0.4,0.14103009505147474,0.3358490566037736,0.125,0.0,0.0,0.06303116147308782,0.17862518815855494,0.34375,0.154868656554517,0.0,0.0,0.125,0.0,0.0,0.25,0.0,0.0,0.5263157894736842,0.0
6,Selim Amallah,attacking midfield,3.0,0.0781671536294767,0.1567295597484277,0.16666666666666669,0.03333333333333333,0.03333333333333333,0.17648725212464592,0.2292356581368122,0.18333333333333335,0.12960696400484514,0.3666666666666667,0.18333333333333335,0.15000000000000002,0.07777777777777778,0.2,0.18333333333333335,0.16666666666666669,0.12,0.6035087719298246,0.0
7,Lukáš Ambros,attacking midfield,0.2,0.03625852601481132,0.0,0.0,0.0,0.0,0.3781869688385269,0.22328148519819369,0.0625,0.12329154086742719,0.0,0.0,0.0,0.0,0.0,0.0,0.0,0.0,0.5263157894736842,0.0
8,Elliot Anderson,attacking midfield,4.6,0.1592512374926336,0.2190319934372437,0.2608695652173913,0.04347826086956522,0.16304347826086957,0.24116270476659693,0.19221623508366242,0.4103260869565218,0.23175206866221407,0.21739130434782614,0.25,0.38043478260869573,0.10869565217391305,0.5217391304347826,0.423913043478261,0.23913043478260876,0.08695652173913045,0.48054919908466814,0.14699792960662528
9,Adil Aouchiche,attacking midfield,2.8,0.21836149124520254,0.3598382749326146,0.4107142857142858,0.053571428571428575,0.01785714285714286,0.2701335491703764,0.3317324922944592,0.2723214285714286,0.2721550862494221,0.07142857142857144,0.28571428571428575,0.3571428571428572,0.11904761904761905,0.07142857142857144,0.14285714285714288,0.28571428571428575,0.07142857142857144,0.48872180451127817,0.0
10,Ricard Artero,attacking midfield,1.5,0.10377798161621664,0.08955974842767296,0.1,0.0,0.03333333333333333,0.23531633616619457,0.21435022579026594,0.16666666666666669,0.1253966819132332,0.2,0.13333333333333333,0.30000000000000004,0.08888888888888888,0.0,0.2,0.26666666666666666,0.13333333333333333,0.45614035087719296,0.0
11,Mathias Autret,attacking midfield,14.3,0.151775897003953,0.28652856577384883,0.2692307692307692,0.05594405594405594,0.06993006993006992,0.2168624576556588,0.22859027575535354,0.20891608391608393,0.15751848444434277,0.06993006993006994,0.06993006993006994,0.2027972027972028,0.027972027972027972,0.04195804195804196,0.08391608391608392,0.16083916083916083,0.06993006993006994,0.5160103054839896,0.18914418914418912
12,Nedim Bajrami,attacking midfield,19.5,0.11237462317819928,0.11022738268021287,0.18717948717948718,0.043589743589743594,0.05897435897435897,0.16679015035955547,0.15343445649516899,0.2987179487179487,0.13316951039005528,0.14871794871794872,0.11538461538461538,0.3666666666666667,0.06324786324786325,0.22564102564102564,0.1435897435897436,0.22564102564102564,0.0635897435897436,0.5144399460188933,0.0
13,Nedim Bajrami,attacking midfield,19.5,0.11237462317819928,0.11022738268021287,0.18717948717948718,0.043589743589743594,0.05897435897435897,0.16679015035955547,0.15343445649516899,0.2987179487179487,0.13316951039005528,0.14871794871794872,0.11538461538461538,0.3666666666666667,0.06324786324786325,0.22564102564102564,0.1435897435897436,0.22564102564102564,0.0635897435897436,0.5144399460188933,0.0
14,Tommaso Baldanzi,attacking midfield,19.7,0.12082035077029095,0.1295661335121157,0.17512690355329952,0.043147208121827416,0.045685279187817264,0.1395004385901842,0.18497227606266603,0.21192893401015228,0.10870515747897455,0.116751269035533,0.14467005076142134,0.23857868020304573,0.08629441624365482,0.14213197969543148,0.116751269035533,0.16751269035532998,0.04873096446700508,0.5434143734971948,0.1029731689630167
15,Antonín Barák,attacking midfield,20.3,0.1382774758321207,0.20184031973231717,0.20689655172413796,0.034482758620689655,0.027093596059113302,0.10432743967959365,0.2111824884633162,0.22660098522167488,0.12531372068975313,0.09852216748768473,0.11083743842364531,0.23152709359605914,0.0509031198686371,0.07881773399014778,0.16502463054187191,0.15763546798029557,0.05123152709359607,0.5200933367902515,0.0
16,Antonín Barák,attacking midfield,20.3,0.1382774758321207,0.20184031973231717,0.20689655172413796,0.034482758620689655,0.027093596059113302,0.10432743967959365,0.2111824884633162,0.22660098522167488,0.12531372068975313,0.09852216748768473,0.11083743842364531,0.23152709359605914,0.0509031198686371,0.07881773399014778,0.16502463054187191,0.15763546798029557,0.05123152709359607,0.5200933367902515,0.16654937837203848
17,Mickaël Barreto,attacking midfield,14.7,0.160036275375586,0.32442561930432556,0.29591836734693877,0.054421768707483,0.07142857142857144,0.2727062496386657,0.3043919022701906,0.19302721088435376,0.21243781984798696,0.15646258503401364,0.08843537414965988,0.18027210884353742,0.06802721088435375,0.0,0.030612244897959186,0.1292517006802721,0.02448979591836735,0.5277479412817758,0.09199870424360222
18,Christoph Baumgartner,attacking midfield,28.5,0.08098557010648634,0.16497848394571335,0.17543859649122806,0.06140350877192983,0.07543859649122807,0.1804681675861041,0.2052622776207956,0.22149122807017543,0.1360331840394108,0.18947368421052632,0.13333333333333333,0.2543859649122807,0.06900584795321638,0.23157894736842108,0.20701754385964916,0.23157894736842108,0.09964912280701754,0.5255771006463527,0.09490392648287385
19,Eliesse Ben Seghir,attacking midfield,11.7,0.13565719407523563,0.17223028543783264,0.23504273504273507,0.08974358974358976,0.047008547008547015,0.08188663712743034,0.21679296340610946,0.2905982905982906,0.15378909704384727,0.11965811965811966,0.1324786324786325,0.39743589743589747,0.07977207977207977,0.13675213675213677,0.17094017094017097,0.17948717948717952,0.06495726495726496,0.5641025641025641,0.28897028897028904
20,Jason Berthomier,attacking midfield,0.3,0.3738558040218379,0.22389937106918242,0.16666666666666669,0.0,0.0,0.08404154863078377,0.3870212410102024,0.25,0.26012570884481656,0.0,0.0,0.33333333333333337,0.0,0.0,0.0,0.0,0.0,0.5263157894736842,0.0
21,Tom Bischof,attacking midfield,3.5,0.09912146743680937,0.17272237196765503,0.22857142857142856,0.05714285714285714,0.1142857142857143,0.2521246458923513,0.19648770697441045,0.2642857142857143,0.16749950282935297,0.02857142857142857,0.11428571428571428,0.17142857142857143,0.10476190476190476,0.11428571428571428,0.11428571428571428,0.2,0.11428571428571428,0.46616541353383456,0.19319727891156463
22,Leonardo Bittencourt,attacking midfield,18.1,0.15492245779666763,0.1632857291775253,0.20441988950276244,0.0718232044198895,0.06629834254143646,0.24515987666880568,0.28027377589519115,0.20925414364640882,0.19883237563267522,0.143646408839779,0.1408839779005525,0.2569060773480663,0.08839779005524862,0.07734806629834254,0.10497237569060774,0.13812154696132595,0.03093922651933701,0.5449258505379471,0.07471717968955538
23,Ludovic Blas,attacking midfield,31.3,0.1396911612618688,0.18670203146663453,0.23482428115015974,0.04313099041533547,0.07667731629392971,0.12404854781923992,0.2239948445758237,0.2887380191693291,0.16657135757593047,0.26198083067092653,0.19488817891373802,0.39616613418530355,0.07348242811501597,0.24920127795527158,0.1645367412140575,0.30351437699680517,0.11884984025559107,0.5168992769463595,0.06481058877225011
24,Kevin-Prince Boateng,attacking midfield,5.2,0.17998362712920857,0.2454281567489115,0.23076923076923075,0.019230769230769232,0.028846153846153844,0.32000435824798434,0.2954185804160716,0.2043269230769231,0.22773892352472433,0.019230769230769232,0.019230769230769232,0.1923076923076923,0.006410256410256409,0.07692307692307693,0.14423076923076925,0.11538461538461538,0.023076923076923078,0.5141700404858299,0.13003663003663005
25,Jean-Paul Boëtius,attacking midfield,11.7,0.11237462317819928,0.21815836155458798,0.2606837606837607,0.04273504273504274,0.038461538461538464,0.32754654850972137,0.23893027304969103,0.1153846153846154,0.14353328169248483,0.05982905982905983,0.017094017094017096,0.0982905982905983,0.014245014245014245,0.0,0.029914529914529916,0.04273504273504274,0.017094017094017096,0.51731893837157,0.2311762311762312
26,Quentin Boisgard,attacking midfield,2.0,0.20738542210802824,0.30226415094339626,0.275,0.1,0.1,0.2647308781869689,0.25900652282990466,0.36250000000000004,0.26538856145933143,0.05,0.17500000000000002,0.375,0.06666666666666667,0.1,0.2,0.30000000000000004,0.08000000000000002,0.5894736842105263,0.0
27,Julian Brandt,attacking midfield,26.6,0.2079893684959589,0.15151085260320615,0.22368421052631582,0.07518796992481203,0.14661654135338345,0.16302796651685872,0.22428877009382464,0.3825187969924812,0.22704492098215093,0.15413533834586468,0.12593984962406016,0.40977443609022557,0.05263157894736842,0.20300751879699247,0.15037593984962405,0.15789473684210528,0.07819548872180451,0.556390977443609,0.15252416756176154
28,Facundo Buonanotte,attacking midfield,6.3,0.10555189177980036,0.0959568733153639,0.1031746031746032,0.07936507936507937,0.03174603174603175,0.13206529070551734,0.1616132654767878,0.22817460317460317,0.09772911388264019,0.11111111111111112,0.07142857142857144,0.33333333333333337,0.026455026455026457,0.06349206349206349,0.1507936507936508,0.17460317460317462,0.08888888888888889,0.5129490392648287,0.0
29,Rémy Cabella,attacking midfield,28.1,0.27873697345316284,0.36572886591015913,0.4092526690391459,0.13523131672597863,0.21530249110320282,0.14535299869950502,0.29304701687222,0.42971530249110323,0.29533625302733657,0.14234875444839856,0.20106761565836298,0.4306049822064057,0.10913404507710556,0.15658362989323843,0.24199288256227758,0.1494661921708185,0.11814946619217082,0.5165761378535306,0.2647008981528554
30,Axel Camblan,attacking midfield,0.8,0.09737527461953165,0.0,0.25,0.0,0.0625,0.18909348441926346,0.18978926241846464,0.375,0.20223433008515176,0.125,0.125,0.5625,0.125,0.25,0.5625,0.125,0.1,0.47368421052631576,0.0
31,Chem Campbell,attacking midfield,0.8,0.1322991309650861,0.1679245283018868,0.25,0.0,0.0,0.18909348441926346,0.212117410938284,0.359375,0.21012860900692423,0.25,0.125,0.625,0.25,0.25,0.3125,0.25,0.05,0.5,0.0
32,Sergio Canales,attacking midfield,26.7,0.22343469991177184,0.23647798742138368,0.2677902621722847,0.0955056179775281,0.09550561797752809,0.169971671388102,0.24920555276802145,0.3656367041198502,0.23552630786011727,0.10486891385767792,0.15355805243445694,0.2808988764044944,0.08614232209737828,0.03745318352059925,0.10112359550561799,0.14232209737827717,0.0659176029962547,0.5215848610289769,0.329231317995363
33,Valentin Carboni,attacking midfield,0.3,0.2108778077425837,0.0,0.16666666666666669,0.0,0.0,0.33616619452313506,0.3572503763171099,0.41666666666666674,0.36538276113511603,0.33333333333333337,0.33333333333333337,0.5,0.0,0.0,0.16666666666666669,0.0,0.0,0.5263157894736842,0.0
34,Juan Carlos,attacking midfield,10.0,0.13264836952854164,0.006716981132075472,0.0,0.0,0.0,0.8950424929178471,0.0008931259407927748,0.0,0.0639265633756983,0.0,0.0,0.0,0.0,0.0,0.0,0.0,0.0,0.5263157894736842,0.0
35,Fabio Carvalho,attacking midfield,3.9,0.14103009505147474,0.12056119980648285,0.15384615384615385,0.025641025641025647,0.038461538461538464,0.20040676981186897,0.17175498861399513,0.2916666666666667,0.1516299780225078,0.051282051282051294,0.1153846153846154,0.33333333333333337,0.07692307692307693,0.10256410256410259,0.33333333333333337,0.2820512820512821,0.11282051282051285,0.5748987854251012,0.0
36,El Chadaille Bitshiabu,attacking midfield,6.5,0.3935564409347148,0.2686792452830189,0.17692307692307693,0.007692307692307693,0.007692307692307693,0.8300719110917412,0.38885329422208503,0.04038461538461539,0.33947333287904224,0.015384615384615385,0.007692307692307693,0.06153846153846154,0.015384615384615385,0.0,0.015384615384615385,0.0,0.0,0.5263157894736842,0.0
37,Ryan Christie,attacking midfield,20.4,0.1098725369392644,0.14158342582315947,0.17401960784313728,0.04656862745098039,0.04901960784313726,0.23111425873465538,0.18431667699694032,0.2144607843137255,0.1301022913097407,0.18137254901960786,0.09558823529411765,0.17401960784313728,0.05555555555555556,0.12745098039215688,0.14950980392156862,0.16176470588235295,0.05490196078431373,0.5077399380804953,0.1988795518207283
38,Alexis Claude-Maurice,attacking midfield,7.4,0.14008620704213542,0.15430902600713925,0.18243243243243246,0.05405405405405405,0.06081081081081081,0.1805757598958732,0.22448841214521092,0.22972972972972974,0.1557220921136275,0.16216216216216217,0.07432432432432433,0.2972972972972973,0.03153153153153153,0.1891891891891892,0.18243243243243246,0.2162162162162162,0.15675675675675677,0.5860597439544808,0.0
39,Alexis Claude-Maurice,attacking midfield,7.4,0.14008620704213542,0.15430902600713925,0.18243243243243246,0.05405405405405405,0.06081081081081081,0.1805757598958732,0.22448841214521092,0.22972972972972974,0.1557220921136275,0.16216216216216217,0.07432432432432433,0.2972972972972973,0.03153153153153153,0.1891891891891892,0.18243243243243246,0.2162162162162162,0.15675675675675677,0.5860597439544808,0.18275418275418273
40,Álex Collado,attacking midfield,8.1,0.16948657059229694,0.2073142324714652,0.20987654320987656,0.061728395061728406,0.09876543209876544,0.1805336970587207,0.22273017288906236,0.2916666666666667,0.18371688570074726,0.1851851851851852,0.14814814814814817,0.2654320987654321,0.09465020576131687,0.14814814814814817,0.11728395061728397,0.20987654320987656,0.02962962962962963,0.5367121507472384,0.08348030570252793
41,Alessandro Cortinovis,attacking midfield,0.1,0.28072552043369264,0.0,1.0,1.0,0.0,0.7563739376770539,0.0,0.625,0.3443313506770561,0.0,0.0,1.0,0.0,0.0,0.0,0.0,0.0,0.5263157894736842,0.0
42,David Pereira da Costa,attacking midfield,15.6,0.20684813201040436,0.2970972423802613,0.375,0.10256410256410259,0.13461538461538464,0.0937386503958742,0.2524798332625729,0.3357371794871795,0.20587784343366214,0.1730769230769231,0.1955128205128205,0.4262820512820513,0.15598290598290598,0.1153846153846154,0.14423076923076925,0.16666666666666669,0.0717948717948718,0.5020242914979757,0.13003663003663005
43,Muhammed Damar,attacking midfield,1.8,0.133269238085796,0.18658280922431866,0.25,0.02777777777777778,0.02777777777777778,0.23811772112055402,0.243128728326922,0.2013888888888889,0.16890293019322364,0.0,0.05555555555555556,0.19444444444444445,0.05555555555555555,0.11111111111111112,0.16666666666666666,0.05555555555555556,0.022222222222222227,0.5146198830409356,0.0
45,Kevin De Bruyne,attacking midfield,26.9,0.2409980109848463,0.30963035701760544,0.4572490706319703,0.1784386617100372,0.2620817843866171,0.0937266341607254,0.24668868922268836,0.48373605947955395,0.2757773151333369,0.11895910780669146,0.1858736059479554,0.4553903345724908,0.10037174721189591,0.11895910780669146,0.1858736059479554,0.241635687732342,0.08327137546468402,0.5372725494032479,0.7038413878562578
46,Charles De Ketelaere,attacking midfield,12.4,0.09991007064461223,0.15167376749847838,0.23790322580645162,0.07661290322580645,0.07258064516129033,0.10166316366627068,0.17358334817020862,0.2540322580645161,0.1105588329290845,0.2903225806451613,0.1814516129032258,0.27822580645161293,0.06989247311827956,0.22580645161290322,0.24193548387096775,0.1532258064516129,0.06451612903225806,0.4923599320882852,0.10906298003072197
47,Brahim Díaz,attacking midfield,21.4,0.11916188593790326,0.2511020983953448,0.28271028037383183,0.09345794392523366,0.07943925233644861,0.0742236107066268,0.22453353090958544,0.24123831775700935,0.1312595980968798,0.18224299065420563,0.1869158878504673,0.2710280373831776,0.10591900311526481,0.15887850467289721,0.1518691588785047,0.1635514018691589,0.11214953271028039,0.5263157894736842,0.34757454383622616
48,Désiré Doué,attacking midfield,12.4,0.12920104693443207,0.2220937309799148,0.22983870967741937,0.05241935483870968,0.05241935483870968,0.12402905967285023,0.25281226227279346,0.2560483870967742,0.17065721439806195,0.3870967741935484,0.15725806451612903,0.33467741935483875,0.08870967741935483,0.14516129032258066,0.13709677419354838,0.16935483870967744,0.05161290322580645,0.5500848896434635,0.16359447004608293
49,Dominick Drexler,attacking midfield,15.2,0.0808323952979532,0.1325719960278054,0.17105263157894737,0.06578947368421054,0.052631578947368425,0.1874347696436559,0.17862518815855494,0.18338815789473686,0.10002419246641361,0.06578947368421054,0.055921052631578955,0.22697368421052633,0.03728070175438596,0.02631578947368421,0.1348684210526316,0.10526315789473684,0.06315789473684211,0.5484764542936288,0.08897243107769423
50,Ondrej Duda,attacking midfield,19.5,0.12168765153701379,0.2411223996129657,0.2153846153846154,0.01282051282051282,0.03333333333333333,0.15903246894748313,0.2601515560873313,0.1608974358974359,0.1412662067200783,0.14871794871794872,0.06923076923076923,0.14102564102564105,0.039316239316239315,0.03076923076923077,0.06410256410256411,0.12820512820512822,0.03076923076923077,0.5101214574898785,0.06935286935286936
51,Ondrej Duda,attacking midfield,19.5,0.12168765153701379,0.2411223996129657,0.2153846153846154,0.01282051282051282,0.03333333333333333,0.15903246894748313,0.2601515560873313,0.1608974358974359,0.1412662067200783,0.14871794871794872,0.06923076923076923,0.14102564102564105,0.039316239316239315,0.03076923076923077,0.06410256410256411,0.12820512820512822,0.03076923076923077,0.5101214574898785,0.0
52,Lilian Egloff,attacking midfield,2.7,0.0401389544976507,0.07463312368972747,0.12962962962962962,0.05555555555555555,0.14814814814814814,0.14006924771797294,0.13231495419152217,0.26851851851851855,0.1034096532125928,0.1111111111111111,0.14814814814814814,0.4074074074074074,0.03703703703703703,0.2222222222222222,0.25925925925925924,0.2962962962962963,0.05925925925925926,0.4951267056530214,0.5008818342151675
53,Elif Elmas,attacking midfield,18.1,0.2706921473399422,0.22266235796935266,0.2016574585635359,0.0856353591160221,0.06353591160220994,0.181083999812186,0.2871819323433121,0.34392265193370164,0.25605499411535737,0.12707182320441987,0.11602209944751381,0.2845303867403315,0.07550644567219152,0.143646408839779,0.1298342541436464,0.17679558011049723,0.08839779005524862,0.5460889793544634,0.11207576953433307
54,Christian Eriksen,attacking midfield,22.8,0.30002554630886746,0.43896060906984447,0.35964912280701755,0.05921052631578947,0.07456140350877193,0.2974628497589583,0.3580338201248228,0.2549342105263158,0.29447274696059844,0.03508771929824561,0.050438596491228074,0.14473684210526316,0.03508771929824561,0.02631578947368421,0.07675438596491228,0.17105263157894737,0.08771929824561403,0.48938134810710987,0.2669172932330827
55,Eberechi Eze,attacking midfield,29.3,0.15151917136003717,0.20173868246506538,0.2235494880546075,0.059726962457337884,0.052901023890784986,0.18242465846136,0.22404353804869945,0.25682593856655295,0.16543028569217846,0.242320819112628,0.11774744027303755,0.22013651877133109,0.06484641638225255,0.19112627986348124,0.14334470989761092,0.23890784982935154,0.09965870307167235,0.5442787857014549,0.25385990573703887
56,Nabil Fekir,attacking midfield,10.7,0.17823868966262624,0.21343678363604307,0.191588785046729,0.06542056074766356,0.11214953271028037,0.087183288766514,0.21201307379566806,0.37500000000000006,0.19677473531682318,0.15887850467289721,0.19626168224299068,0.3551401869158879,0.08411214953271028,0.2429906542056075,0.20093457943925236,0.22429906542056077,0.0897196261682243,0.514510575504181,0.12639074321317315
57,Bruno Fernandes,attacking midfield,36.8,0.21581270048706425,0.2701394585726006,0.3573369565217392,0.12092391304347827,0.1453804347826087,0.264456829658825,0.23444555945810341,0.3661684782608696,0.25200261024415216,0.08695652173913045,0.12092391304347827,0.31385869565217395,0.06159420289855073,0.15217391304347827,0.20244565217391305,0.24456521739130435,0.10108695652173914,0.5165903890160183,0.6431159420289856
58,Álex Fernández,attacking midfield,17.5,0.17176308863556267,0.21878167115902966,0.19714285714285718,0.017142857142857144,0.054285714285714284,0.2506839336301093,0.24599240197835284,0.14142857142857143,0.1454857421789246,0.02857142857142857,0.054285714285714284,0.07428571428571429,0.04,0.03428571428571429,0.07142857142857144,0.09142857142857143,0.06171428571428572,0.5275187969924812,0.07727891156462585
59,Pablo Fornals,attacking midfield,16.7,0.16445208254070887,0.2413286634278613,0.26646706586826346,0.03592814371257485,0.059880239520958084,0.21740089226645862,0.2267577238899021,0.2694610778443114,0.18587851866638969,0.05988023952095809,0.09880239520958084,0.3023952095808384,0.04790419161676647,0.1437125748502994,0.10778443113772457,0.16167664670658685,0.05269461077844312,0.536400882445635,0.283433133732535
60,Philipp Förster,attacking midfield,14.5,0.12128005215260944,0.23625243981782695,0.21724137931034485,0.05517241379310345,0.09999999999999999,0.13910325290612485,0.21619807256431997,0.23362068965517244,0.14136671743314064,0.041379310344827586,0.06551724137931035,0.16206896551724137,0.041379310344827586,0.041379310344827586,0.07931034482758621,0.11724137931034483,0.038620689655172416,0.549546279491833,0.09326765188834155
61,Angelo Fulgini,attacking midfield,15.3,0.19079088383141507,0.19316808484400053,0.23529411764705885,0.032679738562091505,0.1241830065359477,0.14501286822566611,0.2667702973479072,0.315359477124183,0.21884843343685592,0.13725490196078433,0.07516339869281047,0.369281045751634,0.0849673202614379,0.09150326797385622,0.10784313725490197,0.13071895424836602,0.04967320261437908,0.5139318885448916,0.22097727980080922
62,Angelo Fulgini,attacking midfield,15.3,0.19079088383141507,0.19316808484400053,0.23529411764705885,0.032679738562091505,0.1241830065359477,0.14501286822566611,0.2667702973479072,0.315359477124183,0.21884843343685592,0.13725490196078433,0.07516339869281047,0.369281045751634,0.0849673202614379,0.09150326797385622,0.10784313725490197,0.13071895424836602,0.04967320261437908,0.5139318885448916,0.04419545596016185
63,Gianluca Gaetano,attacking midfield,0.8,0.35057323312480154,0.2518867924528302,0.25,0.0,0.0625,0.09454674220963173,0.4353988961364777,0.59375,0.462745534503643,0.25,0.25,0.5625,0.08333333333333333,0.5,0.5,0.875,0.55,0.5,0.0
64,Borja García,attacking midfield,7.5,0.13357967236442314,0.22389937106918242,0.26,0.04666666666666667,0.02,0.23195467422096316,0.22149523331660814,0.15333333333333335,0.13129107684148997,0.08000000000000002,0.04666666666666667,0.21333333333333335,0.04,0.0,0.06666666666666667,0.10666666666666667,0.03733333333333333,0.5347368421052632,0.2704761904761905
65,Denis Genreau,attacking midfield,7.3,0.16399372662115436,0.22083225639700185,0.18493150684931509,0.04109589041095891,0.0410958904109589,0.3660988008847841,0.2544797201162975,0.21575342465753425,0.21542750855715512,0.1095890410958904,0.06164383561643836,0.23287671232876714,0.0639269406392694,0.0547945205479452,0.1095890410958904,0.09589041095890412,0.03287671232876712,0.5090122566690699,0.0
66,Ismaël Gharbi,attacking midfield,0.6,0.304008091330729,0.11194968553459121,0.08333333333333334,0.0,0.08333333333333334,0.12606232294617564,0.3721358086636562,0.41666666666666674,0.33380564544802616,0.8333333333333335,0.25,0.6666666666666667,0.05555555555555556,0.0,0.16666666666666669,0.5,0.13333333333333336,0.45614035087719296,0.0
67,Saman Ghoddos,attacking midfield,1.5,0.20622129356317642,0.22389937106918242,0.26666666666666666,0.03333333333333333,0.09999999999999999,0.38659112370160537,0.22625857166750293,0.33333333333333337,0.25170514466159244,0.0,0.03333333333333333,0.2,0.04444444444444444,0.0,0.1,0.06666666666666667,0.0,0.5263157894736842,0.4507936507936508
68,Morgan Gibbs-White,attacking midfield,35.0,0.07796758873607353,0.15353099730458222,0.2042857142857143,0.05857142857142858,0.09142857142857143,0.13470659651962769,0.17326643251379828,0.2603571428571429,0.12130669359566723,0.13999999999999999,0.1042857142857143,0.24142857142857144,0.06190476190476191,0.11428571428571428,0.11428571428571428,0.17142857142857143,0.07657142857142857,0.5136842105263157,0.0
69,Morgan Gibbs-White,attacking midfield,35.0,0.07796758873607353,0.15353099730458222,0.2042857142857143,0.05857142857142858,0.09142857142857143,0.13470659651962769,0.17326643251379828,0.2603571428571429,0.12130669359566723,0.13999999999999999,0.1042857142857143,0.24142857142857144,0.06190476190476191,0.11428571428571428,0.11428571428571428,0.17142857142857143,0.07657142857142857,0.5136842105263157,0.3091156462585034
70,Aleksandr Golovin,attacking midfield,27.4,0.12751940610027485,0.18140751962539597,0.24087591240875914,0.10036496350364965,0.10218978102189781,0.16930998118318483,0.18710010584490974,0.30109489051094895,0.15763453530083152,0.09854014598540146,0.16240875912408761,0.3832116788321168,0.07420924574209246,0.20437956204379565,0.1551094890510949,0.1788321167883212,0.07737226277372264,0.5470610833653476,0.19742787625999308
71,Angel Gomes,attacking midfield,31.3,0.27001405011684526,0.3412140575079872,0.26517571884984026,0.06070287539936103,0.054313099041533544,0.2537356659938999,0.3381323449966256,0.2104632587859425,0.24546370411683863,0.09584664536741215,0.062300319488817896,0.18370607028753994,0.06070287539936102,0.06389776357827476,0.07827476038338659,0.1757188498402556,0.05878594249201278,0.5074827644190347,0.1728282367260003
72,Papu Gómez,attacking midfield,11.8,0.19785535283407185,0.2618484170131116,0.34745762711864403,0.1059322033898305,0.0847457627118644,0.14742881836078167,0.236905440227236,0.2796610169491525,0.18002330803406316,0.1271186440677966,0.1440677966101695,0.2838983050847458,0.10169491525423728,0.1016949152542373,0.11440677966101694,0.1864406779661017,0.04745762711864407,0.5191793041926851,0.11460855528652139
73,Mario Götze,attacking midfield,30.4,0.1911182574418095,0.1988579940417081,0.2450657894736842,0.07236842105263158,0.11019736842105264,0.17748248099001046,0.27028811366097133,0.2894736842105263,0.2171919112000891,0.08223684210526316,0.09375,0.3486842105263158,0.0537280701754386,0.0986842105263158,0.12828947368421054,0.08552631578947369,0.04210526315789474,0.5249307479224377,0.2669172932330827
75,Genki Haraguchi,attacking midfield,13.8,0.11471066708091192,0.21903199343724367,0.17028985507246377,0.018115942028985508,0.02536231884057971,0.18269901876257338,0.21875113622315787,0.14855072463768115,0.11139291756504552,0.10144927536231883,0.07971014492753624,0.16666666666666666,0.043478260869565216,0.07246376811594203,0.06884057971014493,0.07971014492753624,0.017391304347826087,0.517162471395881,0.0
76,Genki Haraguchi,attacking midfield,13.8,0.11471066708091192,0.21903199343724367,0.17028985507246377,0.018115942028985508,0.02536231884057971,0.18269901876257338,0.21875113622315787,0.14855072463768115,0.11139291756504552,0.10144927536231883,0.07971014492753624,0.16666666666666666,0.043478260869565216,0.07246376811594203,0.06884057971014493,0.07971014492753624,0.017391304347826087,0.517162471395881,0.0
77,Amine Harit,attacking midfield,5.7,0.20230001846472823,0.24746772591857003,0.3333333333333333,0.14035087719298245,0.14035087719298245,0.14596690025346654,0.21779737854420297,0.3859649122807018,0.21691491895721984,0.2280701754385965,0.16666666666666666,0.47368421052631576,0.07602339181286549,0.31578947368421056,0.2631578947368421,0.10526315789473684,0.03508771929824561,0.507848568790397,0.23725981620718464
78,Luke Harris,attacking midfield,0.1,0.8395072219625641,0.6716981132075472,0.5,0.0,0.0,0.0,0.7145007526342197,0.75,0.7232567389221342,0.0,0.0,0.0,0.0,0.0,0.0,0.0,0.0,0.5263157894736842,0.0
79,Luiz Henrique,attacking midfield,20.1,0.07569989611650714,0.04344316155073688,0.06467661691542288,0.03482587064676617,0.05223880597014925,0.20069623553620003,0.1635175851799707,0.23320895522388058,0.11559363704321121,0.27860696517412936,0.1517412935323383,0.3407960199004975,0.06799336650082918,0.23880597014925373,0.14925373134328357,0.208955223880597,0.06368159203980099,0.503273108143493,0.033641317223406776
80,Omari Hutchinson,attacking midfield,0.3,0.11774752415443844,0.0,0.0,0.0,0.0,0.0,0.11908345877236998,0.4583333333333334,0.154868656554517,0.0,0.16666666666666669,0.16666666666666669,0.0,0.6666666666666667,0.33333333333333337,0.0,0.0,0.5263157894736842,0.0
81,Arijon Ibrahimović,attacking midfield,0.2,0.17595395139702918,0.0,0.0,0.0,0.0,0.3781869688385269,0.26793778223783243,0.25,0.24960000361578652,0.0,0.0,0.5,0.16666666666666666,0.0,0.5,1.0,1.0,0.0,0.0
82,Isco,attacking midfield,8.9,0.2030297501368411,0.33962264150943394,0.20786516853932585,0.0449438202247191,0.06179775280898877,0.19830028328611898,0.27596588058203714,0.24157303370786518,0.20028293529550015,0.12359550561797752,0.0898876404494382,0.20224719101123598,0.08614232209737828,0.02247191011235955,0.11235955056179775,0.0449438202247191,0.017977528089887642,0.5168539325842696,0.22792937399678972
83,Lee Jae-sung,attacking midfield,21.0,0.11907795677712622,0.14073674752920037,0.16428571428571428,0.06190476190476191,0.08571428571428572,0.21370565223256444,0.20584426444938236,0.22321428571428573,0.14825249898198392,0.11904761904761905,0.06904761904761905,0.24523809523809526,0.03809523809523809,0.08571428571428572,0.18333333333333335,0.16666666666666669,0.08190476190476191,0.5533834586466165,0.06439909297052154
84,Fredrik Jensen,attacking midfield,10.3,0.039988258245889946,0.14346949990840815,0.11650485436893204,0.05339805825242719,0.07766990291262135,0.16400341043483044,0.1439406856034957,0.21601941747572814,0.09048812942549886,0.03883495145631068,0.014563106796116505,0.3009708737864078,0.029126213592233007,0.03883495145631068,0.16990291262135923,0.10679611650485438,0.06990291262135923,0.5304036791006642,0.0
85,Joelinton,attacking midfield,29.6,0.1757179793946944,0.17700152983171852,0.21959459459459463,0.03547297297297297,0.03209459459459459,0.2657530051297757,0.25707543971467706,0.23733108108108106,0.2024476889749294,0.17905405405405406,0.1081081081081081,0.2533783783783784,0.05067567567567567,0.08783783783783783,0.16216216216216217,0.17229729729729729,0.09594594594594594,0.5184921763869133,0.06853281853281853
86,Hamed Junior Traorè,attacking midfield,11.3,0.11259651289403215,0.16643847052930374,0.11504424778761063,0.0752212389380531,0.08407079646017698,0.16064579207300259,0.19838461162742163,0.2688053097345133,0.14872089951809245,0.17699115044247787,0.14601769911504422,0.252212389380531,0.05899705014749262,0.1415929203539823,0.15486725663716816,0.12389380530973451,0.06725663716814159,0.4909175593851886,0.2991993257479983
87,Hamed Junior Traorè,attacking midfield,11.3,0.11259651289403215,0.16643847052930374,0.11504424778761063,0.0752212389380531,0.08407079646017698,0.16064579207300259,0.19838461162742163,0.2688053097345133,0.14872089951809245,0.17699115044247787,0.14601769911504422,0.252212389380531,0.05899705014749262,0.1415929203539823,0.15486725663716816,0.12389380530973451,0.06725663716814159,0.4909175593851886,0.059839865149599665
88,Gaël Kakuta,attacking midfield,0.2,0.35057323312480154,0.6716981132075472,0.25,0.0,0.0,0.5042492917847026,0.4912192674360261,0.25,0.40748558205123575,0.0,0.5,0.25,0.3333333333333333,0.0,0.0,0.5,0.0,0.5263157894736842,0.0
89,Daichi Kamada,attacking midfield,25.2,0.2100462873534038,0.3118598382749327,0.3174603174603175,0.05555555555555556,0.06944444444444445,0.2061018930707316,0.3182647201713935,0.20337301587301587,0.2150155435775453,0.05952380952380953,0.09325396825396826,0.20833333333333337,0.048941798941798946,0.1031746031746032,0.13690476190476192,0.1626984126984127,0.15714285714285717,0.5137844611528821,0.1341647770219199
90,Nordine Kandil,attacking midfield,1.1,0.2108778077425837,0.244253859348199,0.2727272727272727,0.09090909090909091,0.36363636363636365,0.2521246458923513,0.2679377822378324,0.5227272727272727,0.33859005691576693,0.5454545454545454,0.4090909090909091,0.4090909090909091,0.303030303030303,0.5454545454545454,0.22727272727272727,0.2727272727272727,0.07272727272727274,0.4880382775119617,0.6147186147186148
91,Wilfried Kanga,attacking midfield,15.7,0.0,0.034226655450066104,0.038216560509554146,0.015923566878980895,0.04140127388535032,0.04657079446419228,0.09101920415722546,0.1711783439490446,0.0,0.050955414012738856,0.03503184713375797,0.22929936305732485,0.010615711252653929,0.06369426751592358,0.21974522292993634,0.15923566878980894,0.08407643312101912,0.5088836741535366,0.043069457082195936
92,Saîf-Eddine Khaoui,attacking midfield,22.5,0.08235801639094324,0.14926624737945496,0.16000000000000003,0.031111111111111114,0.042222222222222223,0.16472143531633618,0.20283882477560353,0.18333333333333335,0.10939760996510764,0.10666666666666667,0.05111111111111111,0.19555555555555557,0.04148148148148148,0.035555555555555556,0.10666666666666667,0.2088888888888889,0.09066666666666667,0.544093567251462,0.060105820105820114
93,Viktor Kovalenko,attacking midfield,6.1,0.14790036187355105,0.07708011135168576,0.18032786885245902,0.03278688524590164,0.04098360655737705,0.23145869131101107,0.21962113298182986,0.21516393442622955,0.15900991762823377,0.06557377049180328,0.03278688524590164,0.2295081967213115,0.01639344262295082,0.06557377049180328,0.15573770491803282,0.18032786885245902,0.10491803278688526,0.47109577221742877,0.0
94,Daniel Kyereh,attacking midfield,6.2,0.08808102252756957,0.0325015216068168,0.08870967741935484,0.024193548387096774,0.06451612903225806,0.14639495567942978,0.16277940533803797,0.2318548387096774,0.10495644143621372,0.04838709677419355,0.04032258064516129,0.1935483870967742,0.03225806451612903,0.03225806451612903,0.12903225806451613,0.1774193548387097,0.14193548387096774,0.5195246179966044,0.0
95,Adam Lallana,attacking midfield,8.0,0.1602382160415297,0.19311320754716982,0.20625000000000002,0.05625,0.075,0.13551699716713883,0.2009533366783743,0.23593750000000002,0.1335541034657314,0.037500000000000006,0.0625,0.26875,0.016666666666666666,0.1,0.20625000000000002,0.1,0.045000000000000005,0.5552631578947368,0.0
96,Manuel Lanzini,attacking midfield,2.8,0.2956928874389303,0.3118598382749327,0.33928571428571436,0.053571428571428575,0.053571428571428575,0.2881424524484015,0.35406064081427857,0.22321428571428573,0.2721550862494221,0.03571428571428572,0.03571428571428572,0.10714285714285715,0.07142857142857142,0.0,0.053571428571428575,0.10714285714285715,0.07142857142857144,0.5639097744360901,0.0
97,Enzo Le Fée,attacking midfield,33.6,0.28654616315795167,0.3398472596585804,0.3244047619047619,0.05505952380952381,0.06994047619047619,0.41870700121408344,0.37798365708551357,0.2511160714285714,0.32985850598713984,0.20238095238095238,0.14285714285714288,0.15625,0.08928571428571427,0.07738095238095238,0.05208333333333333,0.13392857142857142,0.041666666666666664,0.5357142857142857,0.22137188208616781
98,Thomas Lemar,attacking midfield,13.9,0.2782130127829333,0.3286005158137641,0.28776978417266186,0.07913669064748202,0.05755395683453238,0.2684492632522877,0.3103452010092879,0.2841726618705036,0.2643662807356486,0.1510791366906475,0.12949640287769784,0.2841726618705036,0.08633093525179855,0.04316546762589928,0.08273381294964029,0.09352517985611511,0.02589928057553957,0.5278303672851192,0.2918807810894142
99,Jesper Lindstrøm,attacking midfield,18.7,0.05288004053221425,0.07183937039652911,0.08823529411764708,0.040106951871657755,0.08556149732620322,0.1429155746769478,0.15092395577032985,0.2560160427807487,0.10623652116477442,0.14973262032085563,0.1737967914438503,0.3636363636363637,0.0730837789661319,0.4278074866310161,0.251336898395722,0.24064171122994657,0.12620320855614975,0.5386996904024768,0.14463967405143877
100,Jesse Lingard,attacking midfield,10.3,0.09152637634806741,0.17607620443304633,0.16019417475728157,0.03398058252427184,0.024271844660194174,0.1077037322258588,0.17515673790304903,0.16019417475728157,0.06657536220614932,0.05825242718446602,0.05339805825242719,0.18446601941747573,0.038834951456310676,0.0,0.07766990291262137,0.0970873786407767,0.03883495145631068,0.5058763413387838,0.06564956079519187
101,Marcin Listkowski,attacking midfield,0.9,0.055660668429008256,0.0,0.05555555555555556,0.0,0.0,0.2801384954359459,0.1091598372080058,0.18055555555555558,0.07768015154163077,0.0,0.3333333333333333,0.22222222222222224,0.037037037037037035,0.0,0.05555555555555556,0.11111111111111112,0.04444444444444445,0.5029239766081871,0.0
102,Youssouf M'Changama,attacking midfield,12.0,0.15499963758969654,0.1959119496855346,0.20416666666666666,0.03333333333333333,0.049999999999999996,0.3025495750708216,0.24039973239672188,0.16562500000000002,0.16592064704499845,0.08333333333333334,0.07083333333333335,0.14583333333333334,0.030555555555555555,0.016666666666666666,0.0625,0.15000000000000002,0.02,0.5157894736842105,0.1126984126984127
103,Alexis Mac Allister,attacking midfield,32.1,0.2765912321435647,0.3159701404808088,0.2710280373831776,0.0514018691588785,0.06853582554517135,0.28825465745324896,0.3322094620892751,0.2507788161993769,0.2672084263821076,0.1308411214953271,0.1074766355140187,0.11993769470404986,0.07684319833852543,0.049844236760124616,0.09813084112149534,0.24922118380062305,0.15077881619937694,0.5046728971962616,0.3159768580329328
104,James Maddison,attacking midfield,27.6,0.1450792378161767,0.28474159146841677,0.27355072463768115,0.048913043478260865,0.10326086956521739,0.1461592150100587,0.20936684191772653,0.29664855072463764,0.1697419356824941,0.16666666666666666,0.13949275362318841,0.28079710144927533,0.05314009661835749,0.2246376811594203,0.18659420289855072,0.3007246376811594,0.12608695652173912,0.5446224256292906,0.31849551414768806
105,Jon Magunacelaya,attacking midfield,0.7,0.011312914339415281,0.0,0.0,0.0,0.35714285714285715,0.32416025900445167,0.05103576804530142,0.2678571428571429,0.09171442518033737,0.14285714285714288,0.14285714285714288,0.2142857142857143,0.047619047619047616,0.0,0.14285714285714288,0.14285714285714288,0.0,0.5263157894736842,0.0
106,Lovro Majer,attacking midfield,18.5,0.21767380140982673,0.3267720550739419,0.3621621621621622,0.0972972972972973,0.12162162162162163,0.1935227011714264,0.27614488547754984,0.33310810810810815,0.243967328925657,0.15135135135135136,0.1783783783783784,0.3108108108108108,0.11531531531531532,0.08648648648648649,0.16756756756756758,0.1783783783783784,0.07135135135135134,0.5092460881934566,0.21930501930501933
107,Daniel Maldini,attacking midfield,7.0,0.05621501535512817,0.08636118598382751,0.07142857142857144,0.03571428571428572,0.02142857142857143,0.14407122622420074,0.15438319833703676,0.23571428571428574,0.09983425492844614,0.32857142857142857,0.09285714285714286,0.24285714285714285,0.03809523809523809,0.11428571428571428,0.10714285714285715,0.2142857142857143,0.06857142857142857,0.5503759398496241,0.0
108,Ruslan Malinovskyi,attacking midfield,19.7,0.16513996542200982,0.3034575232257447,0.2893401015228427,0.08375634517766499,0.08629441624365483,0.18045469579097226,0.24073597693449922,0.3013959390862944,0.19910867650191197,0.18274111675126906,0.1370558375634518,0.2969543147208122,0.07952622673434857,0.08121827411167513,0.08629441624365483,0.2741116751269036,0.05888324873096447,0.5166978359604595,0.06864877930867778
109,Ruslan Malinovskyi,attacking midfield,19.7,0.16513996542200982,0.3034575232257447,0.2893401015228427,0.08375634517766499,0.08629441624365483,0.18045469579097226,0.24073597693449922,0.3013959390862944,0.19910867650191197,0.18274111675126906,0.1370558375634518,0.2969543147208122,0.07952622673434857,0.08121827411167513,0.08629441624365483,0.2741116751269036,0.05888324873096447,0.5166978359604595,0.1029731689630167
110,Emiliano Marcondes,attacking midfield,0.1,0.001334669669256855,0.6716981132075472,0.5,0.0,0.0,0.2521246458923513,0.17862518815855494,0.0,0.02856019380615768,0.0,0.0,0.0,0.0,0.0,0.0,0.0,0.0,0.5263157894736842,0.0
111,Pablo Marín,attacking midfield,4.0,0.15499963758969654,0.15113207547169813,0.1875,0.025,0.05,0.23951841359773374,0.19872052182639238,0.278125,0.17855149331983441,0.125,0.1125,0.30000000000000004,0.06666666666666667,0.15000000000000002,0.125,0.225,0.12,0.4631578947368421,0.16904761904761906
112,Iván Martín,attacking midfield,17.6,0.15571398919676466,0.14502572898799312,0.1590909090909091,0.048295454545454544,0.059659090909090905,0.18909348441926346,0.21566961638461887,0.1946022727272727,0.1340564666698442,0.1477272727272727,0.08522727272727272,0.23295454545454541,0.03598484848484848,0.06818181818181818,0.10227272727272728,0.10227272727272728,0.05454545454545454,0.5334928229665071,0.0
113,Jean Mattéo Bahoya,attacking midfield,3.0,0.09213669616769847,0.04477987421383648,0.05,0.016666666666666666,0.016666666666666666,0.05882908404154864,0.13694597758822546,0.275,0.08539900204291939,0.13333333333333333,0.15000000000000002,0.33333333333333337,0.08888888888888888,0.13333333333333333,0.15000000000000002,0.13333333333333333,0.06666666666666667,0.49122807017543857,0.0
114,Aleksei Miranchuk,attacking midfield,23.2,0.12808418278545025,0.2113532856213403,0.21336206896551727,0.06896551724137932,0.07112068965517242,0.07172511477972063,0.20287817706801392,0.228448275862069,0.11403617937293534,0.06465517241379311,0.10129310344827587,0.2262931034482759,0.06321839080459771,0.06896551724137932,0.09051724137931035,0.1724137931034483,0.05,0.5362976406533575,0.26231527093596063
115,Henrikh Mkhitaryan,attacking midfield,22.1,0.22351992768667583,0.2826602919832665,0.30090497737556565,0.07239819004524888,0.054298642533936646,0.2224629228461923,0.2869318633316154,0.22737556561085973,0.20716378932137167,0.06334841628959276,0.1085972850678733,0.167420814479638,0.07088989441930618,0.09049773755656108,0.08597285067873303,0.1583710407239819,0.05067873303167421,0.5282210050011907,0.12238741650506357
116,Florent Mollet,attacking midfield,16.7,0.16445208254070887,0.2131736526946108,0.2604790419161677,0.038922155688622756,0.08083832335329343,0.18569659547760006,0.24333670841958835,0.24401197604790423,0.17793696861334915,0.0718562874251497,0.09281437125748504,0.2724550898203593,0.03792415169660679,0.023952095808383235,0.08682634730538924,0.19760479041916168,0.03832335329341318,0.5313583359596596,0.0
117,Florent Mollet,attacking midfield,16.7,0.16445208254070887,0.2131736526946108,0.2604790419161677,0.038922155688622756,0.08083832335329343,0.18569659547760006,0.24333670841958835,0.24401197604790423,0.17793696861334915,0.0718562874251497,0.09281437125748504,0.2724550898203593,0.03792415169660679,0.023952095808383235,0.08682634730538924,0.19760479041916168,0.03832335329341318,0.5313583359596596,0.0
118,Andrew Moran,attacking midfield,0.1,0.001334669669256855,0.0,0.0,0.0,0.0,0.0,0.44656297039638737,0.125,0.2180228879286967,0.0,0.0,0.5,0.0,0.0,0.0,0.0,0.0,0.5263157894736842,0.0
119,Mason Mount,attacking midfield,18.3,0.1547706286956273,0.2018764821115579,0.2677595628415301,0.07377049180327869,0.07650273224043715,0.1515503335964953,0.2025394893054653,0.31079234972677594,0.1735043313862422,0.0819672131147541,0.13114754098360656,0.3114754098360656,0.06193078324225865,0.12021857923497269,0.15300546448087432,0.18032786885245902,0.04371584699453552,0.5378199597354041,0.22170179547228727
120,Jamal Musiala,attacking midfield,24.4,0.17681273474978876,0.18444169502010518,0.2540983606557377,0.07581967213114754,0.11065573770491804,0.14672827752751594,0.24414549283146755,0.31557377049180335,0.2017166724509372,0.31557377049180335,0.1823770491803279,0.4016393442622951,0.08333333333333333,0.27049180327868855,0.2950819672131148,0.27049180327868855,0.13114754098360656,0.5608283002588438,0.08313817330210774
121,Roberto Navarro,attacking midfield,3.9,0.10879268919403985,0.13778422835026613,0.16666666666666669,0.038461538461538464,0.14102564102564105,0.16161836275150726,0.17404505512884844,0.3782051282051282,0.18239742407659534,0.17948717948717952,0.21794871794871798,0.35897435897435903,0.1282051282051282,0.4615384615384616,0.25641025641025644,0.3076923076923077,0.10256410256410259,0.4723346828609986,0.0
122,Felix Nmecha,attacking midfield,20.4,0.11432361666958017,0.23048464668886426,0.21078431372549022,0.026960784313725495,0.03921568627450981,0.2261706382269622,0.23466446287496437,0.15808823529411767,0.1384609395798527,0.12745098039215688,0.056372549019607844,0.13235294117647062,0.03594771241830066,0.019607843137254905,0.09803921568627452,0.18137254901960786,0.05294117647058825,0.5294117647058824,0.2651727357609711
123,Randy Ntekja,attacking midfield,9.4,0.05557810612086274,0.10718586912886392,0.10106382978723405,0.021276595744680854,0.042553191489361694,0.1528840937857875,0.17862518815855494,0.19148936170212766,0.09776110690765241,0.13829787234042554,0.08510638297872342,0.26595744680851063,0.021276595744680847,0.17021276595744683,0.2021276595744681,0.19148936170212766,0.06382978723404255,0.4927211646136618,0.07193515704154002
124,Randy Ntekja,attacking midfield,9.4,0.05557810612086274,0.10718586912886392,0.10106382978723405,0.021276595744680854,0.042553191489361694,0.1528840937857875,0.17862518815855494,0.19148936170212766,0.09776110690765241,0.13829787234042554,0.08510638297872342,0.26595744680851063,0.021276595744680847,0.17021276595744683,0.2021276595744681,0.19148936170212766,0.06382978723404255,0.4927211646136618,0.07193515704154002
126,Dani Olmo,attacking midfield,14.2,0.15283534226687345,0.17028966250332184,0.23943661971830987,0.09507042253521128,0.17957746478873238,0.12606232294617564,0.24215034310226638,0.31690140845070425,0.19578548251525316,0.26760563380281693,0.11971830985915494,0.30281690140845074,0.08450704225352113,0.21126760563380287,0.18661971830985918,0.30281690140845074,0.08169014084507042,0.5129725722757598,1.0
127,Aimar Oroz,attacking midfield,22.4,0.13385823169479838,0.14393530997304582,0.19196428571428573,0.04464285714285715,0.05133928571428571,0.12606232294617564,0.2021494874919361,0.25,0.13513295925008587,0.13839285714285718,0.078125,0.32142857142857145,0.0505952380952381,0.07142857142857144,0.12276785714285715,0.09821428571428573,0.0642857142857143,0.5187969924812029,0.1207482993197279
128,Simone Pafundi,attacking midfield,0.9,0.35833409009048034,0.5224318658280923,0.3333333333333333,0.11111111111111112,0.05555555555555556,0.22411079634875672,0.545799186040029,0.41666666666666674,0.4706398134254154,0.22222222222222224,0.16666666666666666,0.5,0.037037037037037035,0.0,0.05555555555555556,0.11111111111111112,0.04444444444444445,0.5029239766081871,0.7513227513227514
129,Cole Palmer,attacking midfield,4.1,0.21598861598827462,0.13106304647952144,0.1585365853658537,0.0853658536585366,0.06097560975609757,0.13528639535687143,0.1851602560180143,0.4359756097560976,0.22110358214207135,0.3414634146341464,0.35365853658536595,0.4878048780487806,0.06504065040650407,0.7317073170731708,0.39024390243902446,0.2682926829268293,0.11707317073170734,0.46469833119383824,0.0
130,Miloš Pantović,attacking midfield,2.3,0.0711823823603658,0.058408531583264985,0.08695652173913045,0.04347826086956522,0.04347826086956522,0.37270599827564976,0.1592094068369729,0.17934782608695654,0.13290196738088936,0.0,0.04347826086956522,0.08695652173913045,0.0,0.0,0.15217391304347827,0.21739130434782614,0.24347826086956526,0.562929061784897,0.0
131,Lucas Paquetá,attacking midfield,25.7,0.20788821692701093,0.29272446956904785,0.3015564202334631,0.0642023346303502,0.06420233463035019,0.25604876489456685,0.3235409536490558,0.21984435797665372,0.23719032001891469,0.13229571984435798,0.05447470817120623,0.14202334630350197,0.04669260700389105,0.0622568093385214,0.11089494163424125,0.2217898832684825,0.0747081712062257,0.518124104034405,0.3420418751158051
132,Lucas Paquetá,attacking midfield,25.7,0.20788821692701093,0.29272446956904785,0.3015564202334631,0.0642023346303502,0.06420233463035019,0.25604876489456685,0.3235409536490558,0.21984435797665372,0.23719032001891469,0.13229571984435798,0.05447470817120623,0.14202334630350197,0.04669260700389105,0.0622568093385214,0.11089494163424125,0.2217898832684825,0.0747081712062257,0.518124104034405,0.13155456735223273
133,Mario Pašalić,attacking midfield,19.7,0.13252072903834472,0.18752993008332539,0.20812182741116755,0.0634517766497462,0.04060913705583757,0.1727757725658245,0.22260144006561036,0.1770304568527919,0.1272987890510681,0.04060913705583757,0.060913705583756354,0.21065989847715738,0.03722504230118443,0.030456852791878177,0.14467005076142134,0.16243654822335027,0.11573604060913707,0.5188351589633983,0.0
134,Javier Pastore,attacking midfield,0.1,0.35057323312480154,0.6716981132075472,0.5,0.0,0.0,0.0,0.26793778223783243,0.875,0.4706398134254154,0.0,1.0,1.0,0.3333333333333333,0.0,1.0,0.0,0.0,0.5263157894736842,0.0
135,Dimitri Payet,attacking midfield,9.3,0.2213925171799549,0.2672347332116048,0.3817204301075269,0.15053763440860216,0.18279569892473116,0.14368393798166254,0.22952376327900337,0.4314516129032258,0.24926046473743066,0.1935483870967742,0.11827956989247311,0.45161290322580644,0.06093189964157706,0.15053763440860216,0.20967741935483872,0.29032258064516125,0.12903225806451613,0.5444255800792303,0.5089605734767025
136,Lorenzo Pellegrini,attacking midfield,28.3,0.13288530876593907,0.14715647709847324,0.1872791519434629,0.04063604240282686,0.10954063604240283,0.16570736443808248,0.23448500848375675,0.2420494699646643,0.1644645291661415,0.11307420494699648,0.10247349823321555,0.19964664310954064,0.045936395759717315,0.0353356890459364,0.09187279151943463,0.21908127208480566,0.11307420494699648,0.4987911474800074,0.28672387682988393
137,Andreas Pereira,attacking midfield,29.9,0.09524363455830635,0.1931974506215688,0.20234113712374585,0.03678929765886288,0.06856187290969899,0.08938198148692053,0.18161223143879834,0.25627090301003347,0.11600451417040644,0.05685618729096991,0.08862876254180603,0.22240802675585286,0.04905239687848384,0.06688963210702341,0.11036789297658865,0.2040133779264214,0.0976588628762542,0.5016722408026756,0.022615066093326964
138,Roberto Pereyra,attacking midfield,31.3,0.16312250257997246,0.18455603110494906,0.2284345047923323,0.07827476038338659,0.09105431309904154,0.26017974640009417,0.2060181882595474,0.23282747603833864,0.162132402016084,0.12460063897763579,0.10543130990415335,0.2971246006389776,0.045793397231096905,0.10223642172523961,0.16293929712460065,0.13099041533546327,0.06006389776357828,0.5337144778880107,0.02160352959075004
139,Matteo Pessina,attacking midfield,32.6,0.2997943745119402,0.30906354902187755,0.2960122699386503,0.05521472392638036,0.04141104294478528,0.4539790403030988,0.36519536167999045,0.18558282208588958,0.2991935104617681,0.10429447852760737,0.11809815950920244,0.13496932515337423,0.046012269938650305,0.03680981595092025,0.07822085889570551,0.07668711656441718,0.06257668711656442,0.5211494995156603,0.04148407829389425
140,Julien Ponceau,attacking midfield,18.4,0.19379548670399727,0.2737899917965546,0.2744565217391305,0.03260869565217391,0.05434782608695653,0.23020076364084252,0.2592006806431205,0.22282608695652178,0.18713223127828274,0.054347826086956534,0.14402173913043478,0.2798913043478261,0.0960144927536232,0.07608695652173914,0.11684782608695654,0.07608695652173914,0.0391304347826087,0.517162471395881,0.07349896480331264
141,José Pozo,attacking midfield,1.0,0.16896918012791834,0.3358490566037736,0.30000000000000004,0.1,0.1,0.1512747875354108,0.26793778223783243,0.41250000000000003,0.25591542675320456,0.2,0.25,0.35000000000000003,0.06666666666666667,0.2,0.15000000000000002,0.1,0.0,0.5263157894736842,0.6761904761904762
142,Bobby Reid,attacking midfield,27.5,0.09302566705649441,0.08793138936535164,0.11454545454545456,0.06909090909090909,0.02909090909090909,0.20903425186711308,0.15848925785704512,0.22272727272727272,0.11261273447142953,0.06545454545454546,0.08363636363636363,0.3381818181818182,0.04,0.08000000000000002,0.13999999999999999,0.11272727272727273,0.05672727272727273,0.5270813397129186,0.02458874458874459
143,Jeff Reine-Adélaïde,attacking midfield,6.3,0.3649862532039193,0.42647499251272847,0.4126984126984128,0.06349206349206349,0.06349206349206349,0.2561266243985791,0.433804028385062,0.3571428571428572,0.37640969042267114,0.34920634920634924,0.2380952380952381,0.2619047619047619,0.21164021164021166,0.09523809523809525,0.09523809523809525,0.22222222222222224,0.06984126984126986,0.48955722639933164,0.0
144,Jeff Reine-Adélaïde,attacking midfield,6.3,0.3649862532039193,0.42647499251272847,0.4126984126984128,0.06349206349206349,0.06349206349206349,0.2561266243985791,0.433804028385062,0.3571428571428572,0.37640969042267114,0.34920634920634924,0.2380952380952381,0.2619047619047619,0.21164021164021166,0.09523809523809525,0.09523809523809525,0.22222222222222224,0.06984126984126986,0.48955722639933164,0.2146636432350718
145,Reinier,attacking midfield,7.2,0.1235681668786975,0.10262054507337527,0.17361111111111113,0.05555555555555556,0.048611111111111105,0.16107963487566887,0.1947510732006467,0.22222222222222224,0.127677251379523,0.125,0.09027777777777779,0.1875,0.08333333333333333,0.02777777777777778,0.1388888888888889,0.1388888888888889,0.07222222222222223,0.5467836257309941,0.09391534391534392
146,Marco Reus,attacking midfield,15.0,0.14103009505147474,0.1209056603773585,0.15000000000000002,0.03,0.04666666666666666,0.17816808309726156,0.1958922896805486,0.2566666666666667,0.14644809237129305,0.06,0.11000000000000001,0.26,0.05555555555555556,0.14666666666666667,0.20333333333333334,0.24,0.13599999999999998,0.5361403508771929,0.0
147,Gio Reyna,attacking midfield,6.9,0.18253380838966987,0.13628657369428493,0.18115942028985507,0.08695652173913043,0.13768115942028983,0.13154329350905286,0.21745675080171906,0.39855072463768115,0.22259928150653577,0.11594202898550726,0.16666666666666666,0.41304347826086957,0.09178743961352656,0.20289855072463767,0.3333333333333333,0.34782608695652173,0.2492753623188406,0.6025934401220442,0.0
148,Renaud Ripart,attacking midfield,14.7,0.08211093604672977,0.1233731228340393,0.1598639455782313,0.034013605442176874,0.023809523809523808,0.14578635986972696,0.20414307218120567,0.2363945578231293,0.13510610796123632,0.07482993197278913,0.09523809523809525,0.3537414965986395,0.03854875283446712,0.108843537414966,0.1870748299319728,0.2653061224489796,0.09523809523809525,0.5334765485141425,0.04599935212180111
149,Rodri,attacking midfield,32.3,0.5203269621109332,0.5510835913312695,0.40247678018575855,0.05108359133126936,0.0541795665634675,0.5510835913312695,0.5510835913312694,0.22910216718266257,0.4788518187434202,0.07739938080495357,0.11764705882352942,0.057275541795665644,0.07430340557275542,0.018575851393188857,0.09597523219814243,0.15479876160990713,0.05696594427244583,0.5093693987290207,0.04186937933067965
150,Rodri,attacking midfield,32.3,0.5203269621109332,0.5510835913312695,0.40247678018575855,0.05108359133126936,0.0541795665634675,0.5510835913312695,0.5510835913312694,0.22910216718266257,0.4788518187434202,0.07739938080495357,0.11764705882352942,0.057275541795665644,0.07430340557275542,0.018575851393188857,0.09597523219814243,0.15479876160990713,0.05696594427244583,0.5093693987290207,0.12560813799203893
151,Rodri,attacking midfield,32.3,0.5203269621109332,0.5510835913312695,0.40247678018575855,0.05108359133126936,0.0541795665634675,0.5510835913312695,0.5510835913312694,0.22910216718266257,0.4788518187434202,0.07739938080495357,0.11764705882352942,0.057275541795665644,0.07430340557275542,0.018575851393188857,0.09597523219814243,0.046439628482972145,0.0173374613003096,0.530226495030145,0.04186937933067965
152,Rodri,attacking midfield,32.3,0.5203269621109332,0.5510835913312695,0.40247678018575855,0.05108359133126936,0.0541795665634675,0.5510835913312695,0.5510835913312694,0.22910216718266257,0.4788518187434202,0.07739938080495357,0.11764705882352942,0.057275541795665644,0.07430340557275542,0.018575851393188857,0.09597523219814243,0.046439628482972145,0.0173374613003096,0.530226495030145,0.12560813799203893
153,Rodri,attacking midfield,32.3,0.5203269621109332,0.5510835913312695,0.40247678018575855,0.05108359133126936,0.0541795665634675,0.09288802743402418,0.1307890309581989,0.16950464396284834,0.03755429486873435,0.08978328173374614,0.08823529411764708,0.16099071207430343,0.03715170278637771,0.11764705882352942,0.08204334365325078,0.15479876160990713,0.05696594427244583,0.5093693987290207,0.04186937933067965
154,Rodri,attacking midfield,32.3,0.5203269621109332,0.5510835913312695,0.40247678018575855,0.05108359133126936,0.0541795665634675,0.09288802743402418,0.1307890309581989,0.16950464396284834,0.03755429486873435,0.08978328173374614,0.08823529411764708,0.16099071207430343,0.03715170278637771,0.11764705882352942,0.08204334365325078,0.15479876160990713,0.05696594427244583,0.5093693987290207,0.12560813799203893
155,Rodri,attacking midfield,32.3,0.5203269621109332,0.5510835913312695,0.40247678018575855,0.05108359133126936,0.0541795665634675,0.09288802743402418,0.1307890309581989,0.16950464396284834,0.03755429486873435,0.08978328173374614,0.08823529411764708,0.16099071207430343,0.03715170278637771,0.11764705882352942,0.08204334365325078,0.046439628482972145,0.0173374613003096,0.530226495030145,0.04186937933067965
156,Rodri,attacking midfield,32.3,0.5203269621109332,0.5510835913312695,0.40247678018575855,0.05108359133126936,0.0541795665634675,0.09288802743402418,0.1307890309581989,0.16950464396284834,0.03755429486873435,0.08978328173374614,0.08823529411764708,0.16099071207430343,0.03715170278637771,0.11764705882352942,0.08204334365325078,0.046439628482972145,0.0173374613003096,0.530226495030145,0.12560813799203893
157,Rodri,attacking midfield,32.3,0.08977960617285922,0.1081371575442491,0.1578947368421053,0.05263157894736843,0.0325077399380805,0.5510835913312695,0.5510835913312694,0.22910216718266257,0.4788518187434202,0.07739938080495357,0.11764705882352942,0.057275541795665644,0.07430340557275542,0.018575851393188857,0.09597523219814243,0.15479876160990713,0.05696594427244583,0.5093693987290207,0.04186937933067965
158,Rodri,attacking midfield,32.3,0.08977960617285922,0.1081371575442491,0.1578947368421053,0.05263157894736843,0.0325077399380805,0.5510835913312695,0.5510835913312694,0.22910216718266257,0.4788518187434202,0.07739938080495357,0.11764705882352942,0.057275541795665644,0.07430340557275542,0.018575851393188857,0.09597523219814243,0.15479876160990713,0.05696594427244583,0.5093693987290207,0.12560813799203893
159,Rodri,attacking midfield,32.3,0.08977960617285922,0.1081371575442491,0.1578947368421053,0.05263157894736843,0.0325077399380805,0.5510835913312695,0.5510835913312694,0.22910216718266257,0.4788518187434202,0.07739938080495357,0.11764705882352942,0.057275541795665644,0.07430340557275542,0.018575851393188857,0.09597523219814243,0.046439628482972145,0.0173374613003096,0.530226495030145,0.04186937933067965
160,Rodri,attacking midfield,32.3,0.08977960617285922,0.1081371575442491,0.1578947368421053,0.05263157894736843,0.0325077399380805,0.5510835913312695,0.5510835913312694,0.22910216718266257,0.4788518187434202,0.07739938080495357,0.11764705882352942,0.057275541795665644,0.07430340557275542,0.018575851393188857,0.09597523219814243,0.046439628482972145,0.0173374613003096,0.530226495030145,0.12560813799203893
161,Rodri,attacking midfield,32.3,0.08977960617285922,0.1081371575442491,0.1578947368421053,0.05263157894736843,0.0325077399380805,0.09288802743402418,0.1307890309581989,0.16950464396284834,0.03755429486873435,0.08978328173374614,0.08823529411764708,0.16099071207430343,0.03715170278637771,0.11764705882352942,0.08204334365325078,0.15479876160990713,0.05696594427244583,0.5093693987290207,0.04186937933067965
162,Rodri,attacking midfield,32.3,0.08977960617285922,0.1081371575442491,0.1578947368421053,0.05263157894736843,0.0325077399380805,0.09288802743402418,0.1307890309581989,0.16950464396284834,0.03755429486873435,0.08978328173374614,0.08823529411764708,0.16099071207430343,0.03715170278637771,0.11764705882352942,0.08204334365325078,0.15479876160990713,0.05696594427244583,0.5093693987290207,0.12560813799203893
163,Rodri,attacking midfield,32.3,0.08977960617285922,0.1081371575442491,0.1578947368421053,0.05263157894736843,0.0325077399380805,0.09288802743402418,0.1307890309581989,0.16950464396284834,0.03755429486873435,0.08978328173374614,0.08823529411764708,0.16099071207430343,0.03715170278637771,0.11764705882352942,0.08204334365325078,0.046439628482972145,0.0173374613003096,0.530226495030145,0.04186937933067965
164,Rodri,attacking midfield,32.3,0.08977960617285922,0.1081371575442491,0.1578947368421053,0.05263157894736843,0.0325077399380805,0.09288802743402418,0.1307890309581989,0.16950464396284834,0.03755429486873435,0.08978328173374614,0.08823529411764708,0.16099071207430343,0.03715170278637771,0.11764705882352942,0.08204334365325078,0.046439628482972145,0.0173374613003096,0.530226495030145,0.12560813799203893
165,Rodri,attacking midfield,17.8,0.9999999999999998,1.0,0.7303370786516854,0.09269662921348315,0.09831460674157302,1.0,1.0,0.4157303370786517,1.0,0.14044943820224717,0.21348314606741572,0.10393258426966293,0.1348314606741573,0.033707865168539325,0.17415730337078653,0.28089887640449435,0.10337078651685393,0.4955647545830869,0.07597645799892991
166,Rodri,attacking midfield,17.8,0.9999999999999998,1.0,0.7303370786516854,0.09269662921348315,0.09831460674157302,1.0,1.0,0.4157303370786517,1.0,0.14044943820224717,0.21348314606741572,0.10393258426966293,0.1348314606741573,0.033707865168539325,0.17415730337078653,0.28089887640449435,0.10337078651685393,0.4955647545830869,0.22792937399678972
167,Rodri,attacking midfield,17.8,0.9999999999999998,1.0,0.7303370786516854,0.09269662921348315,0.09831460674157302,1.0,1.0,0.4157303370786517,1.0,0.14044943820224717,0.21348314606741572,0.10393258426966293,0.1348314606741573,0.033707865168539325,0.17415730337078653,0.08426966292134831,0.03146067415730337,0.533412182140745,0.07597645799892991
168,Rodri,attacking midfield,17.8,0.9999999999999998,1.0,0.7303370786516854,0.09269662921348315,0.09831460674157302,1.0,1.0,0.4157303370786517,1.0,0.14044943820224717,0.21348314606741572,0.10393258426966293,0.1348314606741573,0.033707865168539325,0.17415730337078653,0.08426966292134831,0.03146067415730337,0.533412182140745,0.22792937399678972
169,Rodri,attacking midfield,17.8,0.9999999999999998,1.0,0.7303370786516854,0.09269662921348315,0.09831460674157302,0.16855524079320114,0.23733065730055194,0.30758426966292135,0.19921853813750837,0.16292134831460675,0.1601123595505618,0.29213483146067415,0.06741573033707865,0.21348314606741572,0.14887640449438203,0.28089887640449435,0.10337078651685393,0.4955647545830869,0.07597645799892991
170,Rodri,attacking midfield,17.8,0.9999999999999998,1.0,0.7303370786516854,0.09269662921348315,0.09831460674157302,0.16855524079320114,0.23733065730055194,0.30758426966292135,0.19921853813750837,0.16292134831460675,0.1601123595505618,0.29213483146067415,0.06741573033707865,0.21348314606741572,0.14887640449438203,0.28089887640449435,0.10337078651685393,0.4955647545830869,0.22792937399678972
171,Rodri,attacking midfield,17.8,0.9999999999999998,1.0,0.7303370786516854,0.09269662921348315,0.09831460674157302,0.16855524079320114,0.23733065730055194,0.30758426966292135,0.19921853813750837,0.16292134831460675,0.1601123595505618,0.29213483146067415,0.06741573033707865,0.21348314606741572,0.14887640449438203,0.08426966292134831,0.03146067415730337,0.533412182140745,0.07597645799892991
172,Rodri,attacking midfield,17.8,0.9999999999999998,1.0,0.7303370786516854,0.09269662921348315,0.09831460674157302,0.16855524079320114,0.23733065730055194,0.30758426966292135,0.19921853813750837,0.16292134831460675,0.1601123595505618,0.29213483146067415,0.06741573033707865,0.21348314606741572,0.14887640449438203,0.08426966292134831,0.03146067415730337,0.533412182140745,0.22792937399678972
173,Rodri,attacking midfield,17.8,0.21872586534832628,0.19622641509433963,0.28651685393258425,0.0955056179775281,0.05898876404494382,1.0,1.0,0.4157303370786517,1.0,0.14044943820224717,0.21348314606741572,0.10393258426966293,0.1348314606741573,0.033707865168539325,0.17415730337078653,0.28089887640449435,0.10337078651685393,0.4955647545830869,0.07597645799892991
174,Rodri,attacking midfield,17.8,0.21872586534832628,0.19622641509433963,0.28651685393258425,0.0955056179775281,0.05898876404494382,1.0,1.0,0.4157303370786517,1.0,0.14044943820224717,0.21348314606741572,0.10393258426966293,0.1348314606741573,0.033707865168539325,0.17415730337078653,0.28089887640449435,0.10337078651685393,0.4955647545830869,0.22792937399678972
175,Rodri,attacking midfield,17.8,0.21872586534832628,0.19622641509433963,0.28651685393258425,0.0955056179775281,0.05898876404494382,1.0,1.0,0.4157303370786517,1.0,0.14044943820224717,0.21348314606741572,0.10393258426966293,0.1348314606741573,0.033707865168539325,0.17415730337078653,0.08426966292134831,0.03146067415730337,0.533412182140745,0.07597645799892991
176,Rodri,attacking midfield,17.8,0.21872586534832628,0.19622641509433963,0.28651685393258425,0.0955056179775281,0.05898876404494382,1.0,1.0,0.4157303370786517,1.0,0.14044943820224717,0.21348314606741572,0.10393258426966293,0.1348314606741573,0.033707865168539325,0.17415730337078653,0.08426966292134831,0.03146067415730337,0.533412182140745,0.22792937399678972
177,Rodri,attacking midfield,17.8,0.21872586534832628,0.19622641509433963,0.28651685393258425,0.0955056179775281,0.05898876404494382,0.16855524079320114,0.23733065730055194,0.30758426966292135,0.19921853813750837,0.16292134831460675,0.1601123595505618,0.29213483146067415,0.06741573033707865,0.21348314606741572,0.14887640449438203,0.28089887640449435,0.10337078651685393,0.4955647545830869,0.07597645799892991
178,Rodri,attacking midfield,17.8,0.21872586534832628,0.19622641509433963,0.28651685393258425,0.0955056179775281,0.05898876404494382,0.16855524079320114,0.23733065730055194,0.30758426966292135,0.19921853813750837,0.16292134831460675,0.1601123595505618,0.29213483146067415,0.06741573033707865,0.21348314606741572,0.14887640449438203,0.28089887640449435,0.10337078651685393,0.4955647545830869,0.22792937399678972
179,Rodri,attacking midfield,17.8,0.21872586534832628,0.19622641509433963,0.28651685393258425,0.0955056179775281,0.05898876404494382,0.16855524079320114,0.23733065730055194,0.30758426966292135,0.19921853813750837,0.16292134831460675,0.1601123595505618,0.29213483146067415,0.06741573033707865,0.21348314606741572,0.14887640449438203,0.08426966292134831,0.03146067415730337,0.533412182140745,0.07597645799892991
180,Rodri,attacking midfield,17.8,0.21872586534832628,0.19622641509433963,0.28651685393258425,0.0955056179775281,0.05898876404494382,0.16855524079320114,0.23733065730055194,0.30758426966292135,0.19921853813750837,0.16292134831460675,0.1601123595505618,0.29213483146067415,0.06741573033707865,0.21348314606741572,0.14887640449438203,0.08426966292134831,0.03146067415730337,0.533412182140745,0.22792937399678972
181,Óscar Rodríguez Arnaiz,attacking midfield,19.7,0.2268328690172025,0.3852887654439231,0.2994923857868021,0.027918781725888325,0.05329949238578681,0.2534044664298759,0.3087404901928323,0.2404822335025381,0.2388605784836291,0.05583756345177665,0.07360406091370558,0.09390862944162437,0.047377326565143825,0.060913705583756354,0.060913705583756354,0.21827411167512692,0.07309644670050762,0.5092172054501736,0.17162194827169447
182,Dani Rodríguez,attacking midfield,23.3,0.09246644931774235,0.14414122601020327,0.1630901287553648,0.0407725321888412,0.05150214592274678,0.20126688470376541,0.18437492597481744,0.1604077253218884,0.09659329284014526,0.12017167381974247,0.09227467811158799,0.13733905579399142,0.04148783977110158,0.06866952789699571,0.09012875536480687,0.1072961373390558,0.041201716738197426,0.531737067991868,0.14510525240138974
183,Abdelhamid Sabiri,attacking midfield,11.9,0.11344318331633087,0.24835896622800063,0.20588235294117646,0.05042016806722689,0.050420168067226885,0.13559644821101244,0.22815990420252397,0.2699579831932773,0.1660135209146664,0.11764705882352942,0.029411764705882356,0.226890756302521,0.056022408963585436,0.08403361344537816,0.13025210084033614,0.2605042016806723,0.10084033613445378,0.5192392746572313,0.17046818727490998
184,Hamza Sakhi,attacking midfield,18.4,0.21846995042639988,0.37235438884331423,0.36684782608695654,0.05978260869565219,0.08967391304347826,0.2343114915630004,0.29803224328628464,0.23233695652173916,0.22076872407540019,0.0815217391304348,0.11684782608695654,0.20380434782608697,0.06702898550724638,0.03260869565217391,0.07608695652173914,0.1630434782608696,0.03695652173913044,0.5183066361556063,0.14699792960662528
185,Lazar Samardzic,attacking midfield,20.5,0.17510215002274737,0.2686792452830189,0.24390243902439024,0.051219512195121955,0.07073170731707316,0.19678021142817662,0.24920392104071568,0.23231707317073172,0.17735772431215177,0.13658536585365855,0.08292682926829269,0.1585365853658537,0.05365853658536585,0.06829268292682927,0.0926829268292683,0.24390243902439024,0.04682926829268293,0.5530166880616174,0.09895470383275261
186,Riccardo Saponara,attacking midfield,13.4,0.10297872918243776,0.13032948465221067,0.208955223880597,0.10074626865671642,0.08208955223880597,0.12418079573802376,0.1566302955867926,0.29570895522388063,0.12470544156983418,0.13432835820895522,0.208955223880597,0.46641791044776126,0.09203980099502487,0.23880597014925373,0.22761194029850748,0.2761194029850746,0.08358208955223881,0.5451688923802042,0.10092395167022032
187,Jeremy Sarmiento,attacking midfield,2.0,0.1165833956095866,0.13433962264150945,0.275,0.125,0.075,0.16388101983002834,0.17415955845459108,0.30000000000000004,0.154868656554517,0.30000000000000004,0.125,0.5,0.05,0.1,0.25,0.25,0.06,0.49473684210526314,0.0
188,Gustavo Scarpa,attacking midfield,2.0,0.10959862434047572,0.3358490566037736,0.30000000000000004,0.0,0.0,0.3025495750708216,0.25900652282990466,0.16875,0.18013034910418887,0.05,0.225,0.1,0.08333333333333333,0.0,0.025,0.35000000000000003,0.06,0.49473684210526314,0.3380952380952381
189,Romano Schmid,attacking midfield,16.9,0.16334829910662196,0.23449815786535677,0.22189349112426038,0.0562130177514793,0.06508875739644972,0.20736879159193392,0.2615960595813157,0.24038461538461542,0.19335910526185732,0.09467455621301776,0.10059171597633138,0.24852071005917165,0.0591715976331361,0.08284023668639055,0.10059171597633138,0.10650887573964499,0.035502958579881665,0.5200872002491436,0.20005635390250776
190,Niklas Schmidt,attacking midfield,12.1,0.18894216243463213,0.3552783408701076,0.2644628099173554,0.10330578512396696,0.07024793388429752,0.23545524781682395,0.3255111899914163,0.18698347107438018,0.2138474015568501,0.27272727272727276,0.10743801652892562,0.20247933884297523,0.06060606060606061,0.06611570247933884,0.07851239669421489,0.17355371900826447,0.05289256198347108,0.5506742061765985,0.11176702085792996
191,Bernardo Silva,attacking midfield,24.5,0.3069540492809662,0.20836349634193302,0.2653061224489796,0.07142857142857144,0.08163265306122448,0.2891715326357172,0.2905393366578945,0.36071428571428577,0.29587014456135896,0.11428571428571428,0.1836734693877551,0.3836734693877551,0.09931972789115646,0.23673469387755103,0.18775510204081636,0.10204081632653061,0.03591836734693878,0.5417830290010741,0.08279883381924198
192,David Silva,attacking midfield,21.5,0.25083719686354367,0.2905484861781483,0.37674418604651166,0.08604651162790698,0.06976744186046512,0.15948349693655708,0.2907851900255546,0.32558139534883723,0.24387206170045392,0.08837209302325583,0.16279069767441862,0.28139534883720935,0.10542635658914729,0.17674418604651165,0.1813953488372093,0.13953488372093023,0.07255813953488371,0.5077111383108934,0.28305647840531567
193,Naatan Skyttä,attacking midfield,0.3,0.09446495325740213,0.22389937106918242,0.5,0.0,0.0,0.16808309726156753,0.20839605285164747,0.20833333333333337,0.13381724609645715,0.0,0.16666666666666669,0.33333333333333337,0.0,0.0,0.5,0.33333333333333337,0.13333333333333336,0.45614035087719296,0.0
194,Emile Smith Rowe,attacking midfield,1.9,0.20352541693299325,0.1060575968222443,0.1842105263157895,0.10526315789473684,0.15789473684210525,0.18577605486804835,0.17392452531227717,0.33552631578947373,0.17813600495553064,0.10526315789473684,0.05263157894736842,0.2894736842105263,0.017543859649122806,0.0,0.23684210526315794,0.21052631578947367,0.06315789473684211,0.49307479224376727,0.0
195,Roberto Soriano,attacking midfield,14.7,0.16241204791609992,0.15992812219227315,0.1904761904761905,0.034013605442176874,0.05102040816326531,0.18866470100788194,0.2387744862119459,0.21173469387755103,0.15658713904088925,0.04081632653061225,0.10204081632653061,0.22448979591836737,0.07709750566893424,0.0,0.09183673469387756,0.08843537414965988,0.0163265306122449,0.5320443967060509,0.2299967606090055
196,Lars Stindl,attacking midfield,19.3,0.15731583117116338,0.23318017401505525,0.1994818652849741,0.044041450777202076,0.09067357512953368,0.16590585506906017,0.2563687933674597,0.1949481865284974,0.15977701650587814,0.04145077720207254,0.05699481865284975,0.23056994818652848,0.03626943005181347,0.02072538860103627,0.12176165803108807,0.25906735751295334,0.10362694300518134,0.559040087264794,0.21021465581051074
197,Kevin Stöger,attacking midfield,28.9,0.20072692908159212,0.3556048834628191,0.37024221453287204,0.0795847750865052,0.13494809688581316,0.24514541694031391,0.3340723674730068,0.24697231833910036,0.2573577033174591,0.07612456747404844,0.07439446366782008,0.16955017301038064,0.0461361014994233,0.020761245674740487,0.06401384083044984,0.15570934256055366,0.06089965397923877,0.5255873247131669,0.2105783489866535
198,Denis Suárez,attacking midfield,10.5,0.15167355603297705,0.23029649595687332,0.20476190476190476,0.06666666666666667,0.07142857142857142,0.18969378119519764,0.2568800324946838,0.19880952380952382,0.16449215847820156,0.18095238095238098,0.12380952380952381,0.1619047619047619,0.06349206349206349,0.0380952380952381,0.05714285714285714,0.0380952380952381,0.01904761904761905,0.5162907268170426,0.1287981859410431
199,Yuito Suzuki,attacking midfield,0.4,0.1235681668786975,0.1679245283018868,0.375,0.125,0.0,0.12606232294617564,0.22328148519819369,0.375,0.20223433008515176,0.5,0.375,0.75,0.08333333333333333,1.0,0.5,0.5,0.1,1.0,0.0
200,Williot Swedberg,attacking midfield,0.6,0.09446495325740213,0.11194968553459121,0.33333333333333337,0.16666666666666669,0.08333333333333334,0.21010387157695942,0.17862518815855494,0.2291666666666667,0.12329154086742719,0.16666666666666669,0.08333333333333334,0.41666666666666674,0.11111111111111112,0.0,0.08333333333333334,0.0,0.0,0.5263157894736842,0.0
201,Waniss Taibi,attacking midfield,2.1,0.37718188557855736,0.3838274932614556,0.38095238095238093,0.047619047619047616,0.07142857142857142,0.4202077431539188,0.4167921057032949,0.23214285714285712,0.3533533837305103,0.09523809523809523,0.19047619047619047,0.16666666666666666,0.047619047619047616,0.09523809523809523,0.047619047619047616,0.047619047619047616,0.05714285714285714,0.49624060150375937,0.3219954648526077
202,Adrien Thomasson,attacking midfield,24.6,0.17822542172844735,0.18840312931431202,0.18292682926829268,0.05691056910569106,0.07113821138211382,0.21727815011861168,0.23489938361501028,0.25152439024390244,0.1849054251349195,0.08130081300813008,0.06504065040650407,0.34756097560975613,0.04742547425474254,0.04065040650406504,0.19715447154471544,0.15447154471544716,0.07317073170731707,0.5305947796320069,0.05497483546264034
203,Adrien Thomasson,attacking midfield,24.6,0.17822542172844735,0.18840312931431202,0.18292682926829268,0.05691056910569106,0.07113821138211382,0.21727815011861168,0.23489938361501028,0.25152439024390244,0.1849054251349195,0.08130081300813008,0.06504065040650407,0.34756097560975613,0.04742547425474254,0.04065040650406504,0.19715447154471544,0.15447154471544716,0.07317073170731707,0.5305947796320069,0.05497483546264034
204,Kristian Thorstvedt,attacking midfield,12.6,0.13770401349475525,0.2345612458820006,0.2380952380952381,0.02380952380952381,0.047619047619047616,0.19409595755204823,0.2594318208969489,0.1765873015873016,0.1543674324959918,0.05555555555555556,0.12301587301587302,0.2142857142857143,0.05026455026455026,0.11111111111111112,0.14285714285714288,0.15873015873015875,0.06666666666666668,0.5246449456975772,0.1073318216175359
205,Roberto Torres,attacking midfield,0.1,0.7696595092714551,0.0,0.0,0.0,1.0,0.2521246458923513,0.5358755644756649,1.0,0.7232567389221342,1.0,1.0,0.5,1.0,0.0,0.0,0.0,0.0,0.5263157894736842,0.0
206,Óscar Trejo,attacking midfield,23.8,0.16949744013986784,0.3019819248454099,0.2584033613445378,0.04831932773109244,0.06092436974789916,0.1271216701978242,0.26043252223117047,0.2888655462184874,0.19361032790170288,0.23949579831932774,0.11764705882352942,0.2310924369747899,0.08263305322128851,0.1092436974789916,0.1512605042016807,0.09663865546218488,0.05714285714285714,0.5280849181777975,0.1988795518207283
207,Simone Verdi,attacking midfield,12.2,0.08606796047486444,0.20921744509743276,0.18852459016393444,0.049180327868852465,0.06147540983606558,0.10332977290670137,0.2057117945596473,0.2561475409836066,0.13209172064907518,0.2868852459016394,0.13934426229508198,0.23360655737704922,0.06284153005464481,0.049180327868852465,0.10245901639344264,0.23770491803278693,0.08524590163934427,0.5642795513373597,0.2771272443403591
208,Valerio Verre,attacking midfield,7.5,0.19411435669671756,0.2686792452830189,0.30000000000000004,0.09333333333333334,0.060000000000000005,0.21514636449480642,0.3393878575012544,0.255,0.25423131391655973,0.13333333333333333,0.10666666666666667,0.18000000000000002,0.05777777777777778,0.16000000000000003,0.10666666666666667,0.18666666666666668,0.032,0.5094736842105263,0.2704761904761905
209,Fabio Vieira,attacking midfield,5.7,0.21823019855217413,0.30638861304203907,0.30701754385964913,0.06140350877192983,0.12280701754385964,0.11942746384374535,0.2538357936989991,0.37280701754385964,0.23353445352937238,0.10526315789473684,0.07017543859649122,0.3508771929824561,0.04678362573099415,0.03508771929824561,0.23684210526315788,0.2631578947368421,0.056140350877192984,0.5337026777469991,0.23725981620718464
210,Samuele Vignato,attacking midfield,0.7,0.23083429708290054,0.0,0.07142857142857144,0.07142857142857144,0.07142857142857144,0.07203561311210037,0.24241989821518176,0.4285714285714286,0.24508898708905943,0.4285714285714286,0.28571428571428575,0.4285714285714286,0.047619047619047616,0.8571428571428572,0.5714285714285715,0.14285714285714288,0.057142857142857155,0.49624060150375937,0.0
211,Nikola Vlašić,attacking midfield,30.3,0.11014034752471367,0.15517778192913634,0.17491749174917492,0.0429042904290429,0.05445544554455445,0.10900438485774923,0.16152904803776916,0.26443894389438943,0.1092225289276347,0.09900990099009901,0.14026402640264027,0.34653465346534656,0.06490649064906491,0.18481848184818483,0.1914191419141914,0.17491749174917492,0.05676567656765677,0.5311794337328469,0.04463303473204463
212,Cristian Volpato,attacking midfield,2.5,0.16338136311262963,0.241811320754717,0.36000000000000004,0.1,0.06,0.13110481586402267,0.22864024084295034,0.315,0.18770885686909047,0.16000000000000003,0.16000000000000003,0.48,0.10666666666666667,0.24,0.22000000000000003,0.16000000000000003,0.064,0.5768421052631578,0.2704761904761905
213,Paul Wanner,attacking midfield,0.3,0.09446495325740213,0.0,0.16666666666666669,0.16666666666666669,0.16666666666666669,0.2521246458923513,0.17862518815855494,0.16666666666666669,0.11276583563839723,0.6666666666666667,0.16666666666666669,0.6666666666666667,0.11111111111111112,0.6666666666666667,0.33333333333333337,0.0,0.0,0.5263157894736842,0.0
214,Florian Wirtz,attacking midfield,12.1,0.20452801567975565,0.23870263527210359,0.3305785123966942,0.10743801652892562,0.12809917355371903,0.15210825743918716,0.3033675716246533,0.32541322314049587,0.249860971514027,0.39669421487603307,0.14876033057851243,0.3553719008264463,0.07162534435261708,0.14876033057851243,0.14462809917355374,0.057851239669421496,0.02644628099173554,0.5297955632883862,0.8382526564344748
215,Hannes Wolf,attacking midfield,5.0,0.13544227803618603,0.10747169811320756,0.13,0.020000000000000004,0.02,0.20674220963172804,0.2125639739086804,0.23750000000000002,0.15613174118200066,0.12,0.12,0.37000000000000005,0.04666666666666666,0.2,0.17,0.16000000000000003,0.11199999999999999,0.5094736842105263,0.13523809523809524
216,Yusuf Yazıcı,attacking midfield,2.2,0.16325436727137305,0.27478559176672385,0.38636363636363635,0.13636363636363635,0.045454545454545456,0.17190316765387587,0.19486384162751447,0.3068181818181818,0.17209253783838416,0.045454545454545456,0.11363636363636363,0.4090909090909091,0.0909090909090909,0.0,0.13636363636363635,0.22727272727272727,0.03636363636363637,0.6028708133971291,0.0
217,Mattia Zaccagni,attacking midfield,30.8,0.12220749715094863,0.0959568733153639,0.12337662337662339,0.04383116883116883,0.05194805194805195,0.13261101504727568,0.18210489961618914,0.25811688311688313,0.12636723395383206,0.19480519480519481,0.19155844155844157,0.4577922077922078,0.0670995670995671,0.2727272727272727,0.19480519480519481,0.18181818181818182,0.08701298701298701,0.5475051264524948,0.043908472479901046
218,Rodrigo Zalazar,attacking midfield,14.7,0.051701047528151745,0.09138749839558466,0.11564625850340136,0.06122448979591837,0.1564625850340136,0.16122256267946272,0.18470087483061465,0.25170068027210885,0.12565445428618902,0.2380952380952381,0.08843537414965988,0.1598639455782313,0.045351473922902494,0.054421768707483,0.1360544217687075,0.2585034013605442,0.08435374149659865,0.49624060150375937,0.27599611273080665
219,Nicolò Zaniolo,attacking midfield,9.9,0.019678513406315767,0.06784829426338862,0.09595959595959597,0.03535353535353535,0.0303030303030303,0.09168168941540047,0.13802855448615609,0.20833333333333331,0.05854250567066721,0.10101010101010102,0.1717171717171717,0.3484848484848485,0.0909090909090909,0.20202020202020204,0.22727272727272727,0.2828282828282828,0.11717171717171718,0.4859117490696438,0.20490620490620493
220,Piotr Zieliński,attacking midfield,25.4,0.2889752502790992,0.3226266528004755,0.25196850393700787,0.08858267716535434,0.14763779527559057,0.18164885904842634,0.2890352454061657,0.37647637795275596,0.2754584290603326,0.08661417322834647,0.1220472440944882,0.25393700787401574,0.0984251968503937,0.07086614173228348,0.10629921259842522,0.2086614173228347,0.05511811023622048,0.5221715706589307,0.05324334458192726
221,Hakim Ziyech,attacking midfield,7.3,0.17834599635220416,0.18402688033083486,0.2876712328767123,0.13013698630136988,0.10273972602739727,0.2555784081648493,0.22511667548749392,0.42979452054794526,0.2759863605597931,0.19178082191780824,0.136986301369863,0.4726027397260274,0.0776255707762557,0.19178082191780824,0.11643835616438357,0.2191780821917808,0.03287671232876712,0.5090122566690699,0.370515329419439
222,Martin Ødegaard,attacking midfield,34.7,0.22315651227906103,0.26132347343809476,0.38328530259365995,0.13112391930835735,0.1138328530259366,0.1445902147912908,0.22238063770748048,0.3818443804034582,0.2212988999308155,0.13832853025936598,0.1195965417867435,0.2780979827089337,0.05763688760806916,0.14985590778097982,0.17579250720461093,0.2680115273775216,0.11527377521613834,0.5566509934779311,0.44819541649512834
223,Filip Đuričić,attacking midfield,24.1,0.1013241338951182,0.1393564550223127,0.15975103734439833,0.03734439834024896,0.03319502074688797,0.1516932516779707,0.18084873821861994,0.1970954356846473,0.09905184625285615,0.12863070539419086,0.08091286307053941,0.17219917012448133,0.05809128630705394,0.024896265560165973,0.07053941908713693,0.1078838174273859,0.04481327800829876,0.5289364490063332,0.08417308832246591
