,Player,Position,90s,TCmp,LFTP,LPrgP,Def_3rd,Mid_3rd,Att_3rd,Live,TOSucc,CaPrgC,PrgR,BTklInt,CTkl%,BClr,ADWon,ADWonp
0,Salis Abdul Samed,defensive midfield,32.2,0.3322981366459627,0.35968379446640314,0.2922705314009662,0.15649694753478569,0.3493909659956014,0.2639751552795031,0.328896776101745,0.09006211180124224,0.10248447204968943,0.10248447204968943,0.12732919254658384,0.0017319636884854275,0.08074534161490683,0.043478260869565216,0.0014025245441795229
1,Laurent Abergel,defensive midfield,26.0,0.29592760180995475,0.3524475524475525,0.3137037037037037,0.27872964526563954,0.3079654295121221,0.1451923076923077,0.32582417582417583,0.08846153846153847,0.05,0.04038461538461538,0.2423076923076923,0.0016304347826086956,0.15000000000000002,0.03076923076923077,0.0013377926421404682
2,Oliver Abildgaard,defensive midfield,6.6,0.10249554367201427,0.16391184573002757,0.12962962962962965,0.1549709496965377,0.1554798962386511,0.15151515151515152,0.18542568542568547,0.015151515151515152,0.030303030303030304,0.09090909090909091,0.11363636363636365,0.006628787878787879,0.25757575757575757,0.7575757575757577,0.010670081092616303
3,Tyler Adams,defensive midfield,24.0,0.27156862745098037,0.2916666666666667,0.32320987654320993,0.19541458778807316,0.3152156290531777,0.26458333333333334,0.32301587301587303,0.02916666666666667,0.07916666666666666,0.0625,0.25833333333333336,0.0027056277056277055,0.12083333333333333,0.10416666666666669,0.0026041666666666665
4,Lucien Agoume,defensive midfield,12.2,0.29845708775313406,0.323397913561848,0.43479052823315123,0.2821822090835797,0.2946992409261976,0.2930327868852459,0.3485558157689306,0.04098360655737705,0.0737704918032787,0.06147540983606557,0.2827868852459017,0.004222553402881273,0.19672131147540986,0.2540983606557377,0.005185680829708933
5,Naouirou Ahamada,defensive midfield,16.5,0.17326203208556148,0.15812672176308543,0.20049382716049383,0.11414933367891315,0.1915693904020752,0.26666666666666666,0.21269841269841272,0.1272727272727273,0.26666666666666666,0.29545454545454547,0.08484848484848485,0.0023715415019762848,0.04242424242424243,0.04242424242424243,0.0017676767676767678
6,Jean-Eudes Aholou,defensive midfield,14.4,0.18259803921568626,0.23421717171717174,0.19804526748971193,0.11347212322800347,0.2512362191958495,0.3368055555555556,0.26421957671957674,0.09722222222222222,0.17361111111111113,0.19270833333333331,0.2013888888888889,0.0026881720430107525,0.10416666666666669,0.18055555555555558,0.004103535353535354
7,Paul Akouokou,defensive midfield,5.0,0.18823529411764706,0.1654545454545455,0.11407407407407408,0.2544547398431931,0.175272373540856,0.08000000000000002,0.22190476190476194,0.06,0.020000000000000004,0.015,0.27999999999999997,0.013000000000000001,0.34,0.12,0.00923076923076923
8,Tomás Alarcón,defensive midfield,2.5,0.18352941176470589,0.2800000000000001,0.20533333333333334,0.09978617248752672,0.20373540856031128,0.25,0.21523809523809528,0.0,0.08000000000000002,0.18,0.1,0.02,0.08000000000000002,0.12,0.03
9,Éder Álvarez Balanta,defensive midfield,2.6,0.14479638009049772,0.2692307692307693,0.26324786324786326,0.18230166127528918,0.17285243938940437,0.16346153846153846,0.2087912087912088,0.11538461538461538,0.11538461538461538,0.0,0.15384615384615385,0.012820512820512818,0.15384615384615385,0.15384615384615385,0.030769230769230767
10,Ibrahim Amadou,defensive midfield,4.7,0.20150187734668332,0.05415860735009672,0.06067769897557132,0.39012147222517096,0.1418370726053481,0.047872340425531915,0.24721377912867276,0.021276595744680854,0.0,0.07978723404255318,0.2127659574468085,0.013539651837524178,0.425531914893617,0.1276595744680851,0.011605415860735008
11,Sofyan Amrabat,defensive midfield,22.2,0.3505564387917329,0.452907452907453,0.4521855188521855,0.16743400563785452,0.37316402005117955,0.28828828828828834,0.35199485199485203,0.05405405405405406,0.16216216216216217,0.08108108108108109,0.13513513513513514,0.0024852438645542093,0.08108108108108109,0.04954954954954955,0.0020645645645645644
12,Benjamin André,defensive midfield,32.4,0.3525780682643428,0.5833333333333335,0.5439643347050755,0.24099592583793103,0.41011553057597155,0.2800925925925926,0.4031452087007643,0.058641975308641986,0.12654320987654322,0.10648148148148148,0.27006172839506176,0.0016579940822365065,0.1851851851851852,0.2808641975308642,0.00184779077322937
13,Santiago Ascacíbar,defensive midfield,8.1,0.2599854756717502,0.3928170594837262,0.28870598994055785,0.27256408225759615,0.2589229956285728,0.308641975308642,0.32510288065843623,0.04938271604938272,0.01234567901234568,0.05555555555555556,0.25925925925925924,0.004938271604938272,0.1358024691358025,0.12345679012345681,0.00411522633744856
14,Kristjan Asllani,defensive midfield,6.6,0.358288770053476,0.2603305785123967,0.25061728395061733,0.21733730750124192,0.35068093385214005,0.3295454545454546,0.3658008658008659,0.030303030303030304,0.09090909090909093,0.06818181818181819,0.12878787878787878,0.010606060606060607,0.06060606060606061,0.0,0.0
15,Valentin Atangana Edoa,defensive midfield,1.9,0.12693498452012386,0.1339712918660287,0.1500974658869396,0.13786247514724087,0.1261519557648986,0.31578947368421056,0.1904761904761905,0.0,0.26315789473684215,0.23684210526315788,0.21052631578947367,0.026315789473684213,0.05263157894736842,0.15789473684210528,0.052631578947368425
16,Brandon Baiye,defensive midfield,0.6,0.2647058823529412,0.10606060606060608,0.19012345679012346,0.20788785934901402,0.29961089494163423,0.33333333333333337,0.33333333333333337,0.16666666666666669,0.0,0.0,0.33333333333333337,0.1111111111111111,0.5,0.0,0.0
17,Stefan Bajcetic,defensive midfield,5.8,0.20283975659229211,0.18652037617554862,0.2360153256704981,0.14193722810725784,0.24407956527572786,0.31896551724137934,0.26600985221674883,0.1206896551724138,0.1724137931034483,0.01293103448275862,0.15517241379310345,0.005108556832694763,0.06896551724137932,0.15517241379310345,0.011083743842364534
18,Tiemoué Bakayoko,defensive midfield,0.5,0.2,0.38181818181818183,0.22814814814814816,0.3991446899501069,0.17976653696498052,0.1,0.28571428571428575,0.2,0.0,0.15,0.5,0.2,0.0,0.2,0.1
19,Andrea Barberis,defensive midfield,3.8,0.21671826625386997,0.2679425837320574,0.21013645224171543,0.1247327156094084,0.24836166291214418,0.20394736842105265,0.24310776942355894,0.0,0.07894736842105264,0.0,0.1973684210526316,0.01196172248803828,0.02631578947368421,0.05263157894736842,0.013157894736842106
20,Enzo Barrenechea,defensive midfield,1.8,0.3202614379084967,0.21212121212121213,0.15843621399176955,0.2494654312188168,0.37451361867704275,0.18055555555555558,0.3650793650793651,0.0,0.05555555555555556,0.08333333333333333,0.2777777777777778,0.03333333333333334,0.16666666666666666,0.05555555555555556,0.02777777777777778
21,Rodrigo Battaglia,defensive midfield,7.6,0.1431888544891641,0.20095693779904308,0.1425925925925926,0.1870990734141126,0.16754556625025596,0.08881578947368422,0.1942355889724311,0.0,0.03947368421052632,0.029605263157894735,0.11184210526315791,0.005639097744360901,0.23684210526315794,0.14473684210526316,0.007617728531855957
22,Julian Baumgartlinger,defensive midfield,6.2,0.1793168880455408,0.15395894428152496,0.22998805256869773,0.1870990734141126,0.1884649177858667,0.1774193548387097,0.22427035330261139,0.016129032258064516,0.016129032258064516,0.03629032258064516,0.1532258064516129,0.005093378607809847,0.24193548387096775,0.11290322580645161,0.0070564516129032265
23,Alexis Beka Beka,defensive midfield,6.1,0.22757955641272903,0.1982116244411327,0.23375834851244692,0.16767348655690967,0.26891305734515536,0.3811475409836066,0.3021077283372366,0.13114754098360656,0.21311475409836067,0.2827868852459016,0.2295081967213115,0.004371584699453553,0.09836065573770493,0.049180327868852465,0.007025761124121779
24,Reda Belahyane,defensive midfield,2.0,0.3029411764705882,0.19090909090909092,0.2851851851851852,0.2557020669992872,0.3445525291828794,0.1125,0.32142857142857145,0.25,0.15000000000000002,0.0375,0.25,0.03,0.0,0.0,0.0
25,Ismaël Bennacer,defensive midfield,22.3,0.32155104194144024,0.3509987770077456,0.33761833582461387,0.16780185956422655,0.3436120465530177,0.413677130044843,0.3557548579970105,0.1210762331838565,0.13452914798206278,0.17488789237668162,0.1905829596412556,0.002637826431020839,0.07174887892376682,0.09865470852017938,0.002242152466367713
26,Patrick Berg,defensive midfield,0.3,0.33333333333333337,0.6363636363636365,0.5703703703703704,0.20788785934901402,0.37451361867704275,0.25,0.3650793650793651,0.0,0.0,1.0,0.16666666666666669,0.0,0.0,0.0,0.0
28,Alexis Blin,defensive midfield,26.4,0.17067736185383245,0.21212121212121215,0.21820987654320992,0.1663102874792112,0.19775453955901426,0.24337121212121215,0.23430735930735935,0.01893939393939394,0.04924242424242425,0.09090909090909091,0.1950757575757576,0.001971772519717725,0.28030303030303033,0.20833333333333337,0.0016801075268817205
29,Marcelo Brozović,defensive midfield,19.7,0.3935503135264258,0.3294877711121366,0.33006204173716863,0.277957675901169,0.37527405242054945,0.36928934010152287,0.40995890742083646,0.08121827411167513,0.14720812182741116,0.133248730964467,0.14974619289340105,0.001509123336534504,0.14213197969543148,0.030456852791878177,0.001692047377326565
30,Sergio Busquets,defensive midfield,26.0,0.3895927601809954,0.562937062937063,0.5572079772079773,0.18565984977246558,0.41110071834780004,0.3586538461538462,0.39780219780219783,0.04230769230769231,0.1,0.09230769230769231,0.16346153846153846,0.002187028657616893,0.13846153846153847,0.20384615384615384,0.001820054945054945
31,Jens Cajuste,defensive midfield,17.0,0.20968858131487889,0.2470588235294118,0.3657080610021787,0.16361997400528278,0.23484206912336916,0.3397058823529412,0.27142857142857146,0.22941176470588234,0.2705882352941177,0.17647058823529413,0.18823529411764706,0.003063725490196079,0.12941176470588237,0.07647058823529412,0.0025490196078431374
32,Mohamed Camara,defensive midfield,7.7,0.1925133689839572,0.22314049586776863,0.22222222222222224,0.09881422924901186,0.25486381322957197,0.262987012987013,0.24304267161410023,0.09090909090909091,0.16883116883116883,0.13636363636363635,0.14935064935064934,0.004329004329004328,0.10389610389610389,0.19480519480519481,0.00846979107848673
33,Mohamed Camara,defensive midfield,7.7,0.1925133689839572,0.22314049586776863,0.22222222222222224,0.09881422924901186,0.25486381322957197,0.262987012987013,0.24304267161410023,0.09090909090909091,0.16883116883116883,0.13636363636363635,0.14935064935064934,0.004329004329004328,0.10389610389610389,0.18181818181818182,0.007272727272727274
34,Mohamed Camara,defensive midfield,7.7,0.1925133689839572,0.22314049586776863,0.22222222222222224,0.09881422924901186,0.25486381322957197,0.262987012987013,0.24304267161410023,0.09090909090909091,0.16883116883116883,0.13636363636363635,0.7142857142857143,0.006775832862789384,0.18181818181818182,0.19480519480519481,0.00846979107848673
35,Mohamed Camara,defensive midfield,7.7,0.1925133689839572,0.22314049586776863,0.22222222222222224,0.09881422924901186,0.25486381322957197,0.262987012987013,0.24304267161410023,0.09090909090909091,0.16883116883116883,0.13636363636363635,0.7142857142857143,0.006775832862789384,0.18181818181818182,0.18181818181818182,0.007272727272727274
36,Mohamed Camara,defensive midfield,7.7,0.1925133689839572,0.22314049586776863,0.22222222222222224,0.5572474567485258,1.0,0.724025974025974,0.9734075448361164,0.2987012987012987,0.36363636363636365,0.18506493506493507,0.14935064935064934,0.004329004329004328,0.10389610389610389,0.19480519480519481,0.00846979107848673
37,Mohamed Camara,defensive midfield,7.7,0.1925133689839572,0.22314049586776863,0.22222222222222224,0.5572474567485258,1.0,0.724025974025974,0.9734075448361164,0.2987012987012987,0.36363636363636365,0.18506493506493507,0.14935064935064934,0.004329004329004328,0.10389610389610389,0.18181818181818182,0.007272727272727274
38,Mohamed Camara,defensive midfield,7.7,0.1925133689839572,0.22314049586776863,0.22222222222222224,0.5572474567485258,1.0,0.724025974025974,0.9734075448361164,0.2987012987012987,0.36363636363636365,0.18506493506493507,0.7142857142857143,0.006775832862789384,0.18181818181818182,0.19480519480519481,0.00846979107848673
39,Mohamed Camara,defensive midfield,7.7,0.1925133689839572,0.22314049586776863,0.22222222222222224,0.5572474567485258,1.0,0.724025974025974,0.9734075448361164,0.2987012987012987,0.36363636363636365,0.18506493506493507,0.7142857142857143,0.006775832862789384,0.18181818181818182,0.18181818181818182,0.007272727272727274
40,Mohamed Camara,defensive midfield,7.7,0.8548510313216195,1.0,1.0,0.09881422924901186,0.25486381322957197,0.262987012987013,0.24304267161410023,0.09090909090909091,0.16883116883116883,0.13636363636363635,0.14935064935064934,0.004329004329004328,0.10389610389610389,0.19480519480519481,0.00846979107848673
41,Mohamed Camara,defensive midfield,7.7,0.8548510313216195,1.0,1.0,0.09881422924901186,0.25486381322957197,0.262987012987013,0.24304267161410023,0.09090909090909091,0.16883116883116883,0.13636363636363635,0.14935064935064934,0.004329004329004328,0.10389610389610389,0.18181818181818182,0.007272727272727274
42,Mohamed Camara,defensive midfield,7.7,0.8548510313216195,1.0,1.0,0.09881422924901186,0.25486381322957197,0.262987012987013,0.24304267161410023,0.09090909090909091,0.16883116883116883,0.13636363636363635,0.7142857142857143,0.006775832862789384,0.18181818181818182,0.19480519480519481,0.00846979107848673
43,Mohamed Camara,defensive midfield,7.7,0.8548510313216195,1.0,1.0,0.09881422924901186,0.25486381322957197,0.262987012987013,0.24304267161410023,0.09090909090909091,0.16883116883116883,0.13636363636363635,0.7142857142857143,0.006775832862789384,0.18181818181818182,0.18181818181818182,0.007272727272727274
44,Mohamed Camara,defensive midfield,7.7,0.8548510313216195,1.0,1.0,0.5572474567485258,1.0,0.724025974025974,0.9734075448361164,0.2987012987012987,0.36363636363636365,0.18506493506493507,0.14935064935064934,0.004329004329004328,0.10389610389610389,0.19480519480519481,0.00846979107848673
45,Mohamed Camara,defensive midfield,7.7,0.8548510313216195,1.0,1.0,0.5572474567485258,1.0,0.724025974025974,0.9734075448361164,0.2987012987012987,0.36363636363636365,0.18506493506493507,0.14935064935064934,0.004329004329004328,0.10389610389610389,0.18181818181818182,0.007272727272727274
46,Mohamed Camara,defensive midfield,7.7,0.8548510313216195,1.0,1.0,0.5572474567485258,1.0,0.724025974025974,0.9734075448361164,0.2987012987012987,0.36363636363636365,0.18506493506493507,0.7142857142857143,0.006775832862789384,0.18181818181818182,0.19480519480519481,0.00846979107848673
47,Mohamed Camara,defensive midfield,7.7,0.8548510313216195,1.0,1.0,0.5572474567485258,1.0,0.724025974025974,0.9734075448361164,0.2987012987012987,0.36363636363636365,0.18506493506493507,0.7142857142857143,0.006775832862789384,0.18181818181818182,0.18181818181818182,0.007272727272727274
48,Mohamed Camara,defensive midfield,24.4,0.06075216972034716,0.07041728763040239,0.07012750455373407,0.0311831789023521,0.08042833450277477,0.08299180327868853,0.07669789227166278,0.02868852459016394,0.05327868852459017,0.04303278688524591,0.04713114754098361,0.001366120218579235,0.03278688524590164,0.06147540983606558,0.0026728439059158947
49,Mohamed Camara,defensive midfield,24.4,0.06075216972034716,0.07041728763040239,0.07012750455373407,0.0311831789023521,0.08042833450277477,0.08299180327868853,0.07669789227166278,0.02868852459016394,0.05327868852459017,0.04303278688524591,0.04713114754098361,0.001366120218579235,0.03278688524590164,0.05737704918032788,0.002295081967213115
50,Mohamed Camara,defensive midfield,24.4,0.06075216972034716,0.07041728763040239,0.07012750455373407,0.0311831789023521,0.08042833450277477,0.08299180327868853,0.07669789227166278,0.02868852459016394,0.05327868852459017,0.04303278688524591,0.22540983606557377,0.0021382751247327153,0.05737704918032788,0.06147540983606558,0.0026728439059158947
51,Mohamed Camara,defensive midfield,24.4,0.06075216972034716,0.07041728763040239,0.07012750455373407,0.0311831789023521,0.08042833450277477,0.08299180327868853,0.07669789227166278,0.02868852459016394,0.05327868852459017,0.04303278688524591,0.22540983606557377,0.0021382751247327153,0.05737704918032788,0.05737704918032788,0.002295081967213115
52,Mohamed Camara,defensive midfield,24.4,0.06075216972034716,0.07041728763040239,0.07012750455373407,0.17585268102310037,0.3155737704918033,0.2284836065573771,0.3071818891491023,0.09426229508196722,0.11475409836065575,0.0584016393442623,0.04713114754098361,0.001366120218579235,0.03278688524590164,0.06147540983606558,0.0026728439059158947
53,Mohamed Camara,defensive midfield,24.4,0.06075216972034716,0.07041728763040239,0.07012750455373407,0.17585268102310037,0.3155737704918033,0.2284836065573771,0.3071818891491023,0.09426229508196722,0.11475409836065575,0.0584016393442623,0.04713114754098361,0.001366120218579235,0.03278688524590164,0.05737704918032788,0.002295081967213115
54,Mohamed Camara,defensive midfield,24.4,0.06075216972034716,0.07041728763040239,0.07012750455373407,0.17585268102310037,0.3155737704918033,0.2284836065573771,0.3071818891491023,0.09426229508196722,0.11475409836065575,0.0584016393442623,0.22540983606557377,0.0021382751247327153,0.05737704918032788,0.06147540983606558,0.0026728439059158947
55,Mohamed Camara,defensive midfield,24.4,0.06075216972034716,0.07041728763040239,0.07012750455373407,0.17585268102310037,0.3155737704918033,0.2284836065573771,0.3071818891491023,0.09426229508196722,0.11475409836065575,0.0584016393442623,0.22540983606557377,0.0021382751247327153,0.05737704918032788,0.05737704918032788,0.002295081967213115
56,Mohamed Camara,defensive midfield,24.4,0.26976856316297015,0.31557377049180335,0.3155737704918033,0.0311831789023521,0.08042833450277477,0.08299180327868853,0.07669789227166278,0.02868852459016394,0.05327868852459017,0.04303278688524591,0.04713114754098361,0.001366120218579235,0.03278688524590164,0.06147540983606558,0.0026728439059158947
57,Mohamed Camara,defensive midfield,24.4,0.26976856316297015,0.31557377049180335,0.3155737704918033,0.0311831789023521,0.08042833450277477,0.08299180327868853,0.07669789227166278,0.02868852459016394,0.05327868852459017,0.04303278688524591,0.04713114754098361,0.001366120218579235,0.03278688524590164,0.05737704918032788,0.002295081967213115
58,Mohamed Camara,defensive midfield,24.4,0.26976856316297015,0.31557377049180335,0.3155737704918033,0.0311831789023521,0.08042833450277477,0.08299180327868853,0.07669789227166278,0.02868852459016394,0.05327868852459017,0.04303278688524591,0.22540983606557377,0.0021382751247327153,0.05737704918032788,0.06147540983606558,0.0026728439059158947
59,Mohamed Camara,defensive midfield,24.4,0.26976856316297015,0.31557377049180335,0.3155737704918033,0.0311831789023521,0.08042833450277477,0.08299180327868853,0.07669789227166278,0.02868852459016394,0.05327868852459017,0.04303278688524591,0.22540983606557377,0.0021382751247327153,0.05737704918032788,0.05737704918032788,0.002295081967213115
60,Mohamed Camara,defensive midfield,24.4,0.26976856316297015,0.31557377049180335,0.3155737704918033,0.17585268102310037,0.3155737704918033,0.2284836065573771,0.3071818891491023,0.09426229508196722,0.11475409836065575,0.0584016393442623,0.04713114754098361,0.001366120218579235,0.03278688524590164,0.06147540983606558,0.0026728439059158947
61,Mohamed Camara,defensive midfield,24.4,0.26976856316297015,0.31557377049180335,0.3155737704918033,0.17585268102310037,0.3155737704918033,0.2284836065573771,0.3071818891491023,0.09426229508196722,0.11475409836065575,0.0584016393442623,0.04713114754098361,0.001366120218579235,0.03278688524590164,0.05737704918032788,0.002295081967213115
62,Mohamed Camara,defensive midfield,24.4,0.26976856316297015,0.31557377049180335,0.3155737704918033,0.17585268102310037,0.3155737704918033,0.2284836065573771,0.3071818891491023,0.09426229508196722,0.11475409836065575,0.0584016393442623,0.22540983606557377,0.0021382751247327153,0.05737704918032788,0.06147540983606558,0.0026728439059158947
63,Mohamed Camara,defensive midfield,24.4,0.26976856316297015,0.31557377049180335,0.3155737704918033,0.17585268102310037,0.3155737704918033,0.2284836065573771,0.3071818891491023,0.09426229508196722,0.11475409836065575,0.0584016393442623,0.22540983606557377,0.0021382751247327153,0.05737704918032788,0.05737704918032788,0.002295081967213115
64,Emre Can,defensive midfield,21.1,0.3214385280178422,0.3347694959069367,0.2676145339652448,0.26483533930338843,0.3095505928780865,0.23933649289099526,0.34055517941773866,0.061611374407582936,0.16113744075829384,0.042654028436018954,0.1943127962085308,0.002424776810316323,0.1848341232227488,0.14691943127962084,0.0031939006799917577
65,Étienne Capoue,defensive midfield,21.7,0.24803469775006778,0.3372434017595309,0.2575866188769415,0.11438622307037914,0.2505962093636249,0.3467741935483871,0.2657450076804916,0.14285714285714288,0.20737327188940094,0.2488479262672811,0.09216589861751152,0.002560163850486431,0.09216589861751152,0.11520737327188942,0.002618349392542941
66,William Carvalho,defensive midfield,27.1,0.32776210115042326,0.3991949010399195,0.4272516058493918,0.1394613019544308,0.365669016612345,0.3413284132841328,0.3477420488490599,0.1070110701107011,0.16974169741697417,0.14391143911439114,0.1088560885608856,0.0014256960751425694,0.08118081180811809,0.11808118081180813,0.0020013759459628494
67,Casemiro,defensive midfield,23.7,0.27823281211218664,0.36785577291906413,0.3658071573683388,0.28104333390474295,0.30245530217209277,0.3090717299578059,0.35543500100462133,0.037974683544303806,0.05907172995780591,0.10759493670886076,0.25949367088607594,0.002201430930104568,0.27426160337552746,0.23628691983122363,0.0027475223236188796
68,Michele Castagnetti,defensive midfield,15.7,0.23379542899962533,0.38506079907353796,0.43595187544232133,0.16604546218067745,0.26716895090336806,0.29299363057324845,0.28541097967849566,0.050955414012738856,0.089171974522293,0.04777070063694268,0.1942675159235669,0.0021231422505307855,0.14012738853503187,0.05732484076433121,0.002492384381057879
69,Danilo Cataldi,defensive midfield,21.3,0.31676332504832916,0.295774647887324,0.22225699878282038,0.2166718534060146,0.33547980489943546,0.20422535211267606,0.33243907891795216,0.028169014084507046,0.03755868544600939,0.04929577464788732,0.11502347417840375,0.0016431924882629107,0.15492957746478875,0.004694835680751174,0.0007824726134585289
70,Trevoh Chalobah,defensive midfield,17.9,0.3453828458757805,0.22752666328085328,0.2262362921580799,0.41949214970315,0.2527443862356803,0.2332402234636872,0.36419260441606816,0.044692737430167606,0.09497206703910616,0.11312849162011174,0.15363128491620115,0.003943476832073613,0.31284916201117324,0.17318435754189945,0.002748958056220626
71,Pedro Chirivella,defensive midfield,22.5,0.30405228758169933,0.5147474747474747,0.43601646090534985,0.1247327156094084,0.3565369649805447,0.2288888888888889,0.31619047619047624,0.035555555555555556,0.06666666666666667,0.07333333333333333,0.11777777777777779,0.0017171717171717172,0.031111111111111114,0.04000000000000001,0.0023529411764705885
72,Joris Chotard,defensive midfield,27.3,0.18681318681318682,0.20745920745920748,0.21937321937321938,0.18687062521702577,0.209892247829991,0.163003663003663,0.23356009070294784,0.047619047619047616,0.029304029304029307,0.07692307692307691,0.19047619047619047,0.0018784634169249552,0.15384615384615385,0.04395604395604396,0.0013736263736263737
73,Tolga Ciğerci,defensive midfield,7.5,0.2556862745098039,0.1951515151515152,0.24335802469135803,0.21287716797339032,0.2926199740596628,0.27,0.31619047619047624,0.06666666666666667,0.04000000000000001,0.02,0.16000000000000003,0.008333333333333335,0.06666666666666667,0.13333333333333333,0.006349206349206349
74,Jack Colback,defensive midfield,5.5,0.12727272727272726,0.13884297520661157,0.16592592592592595,0.14741139117475538,0.13618677042801555,0.12272727272727274,0.16363636363636366,0.05454545454545454,0.09090909090909091,0.0409090909090909,0.19090909090909092,0.011363636363636364,0.16363636363636366,0.07272727272727274,0.00606060606060606
75,Francis Coquelin,defensive midfield,8.3,0.18781006378454992,0.1456736035049288,0.19928603302097275,0.09467663955894853,0.20214710984013873,0.32228915662650603,0.22432587492828454,0.024096385542168672,0.1325301204819277,0.24397590361445778,0.16265060240963855,0.012048192771084336,0.08433734939759036,0.07228915662650602,0.007228915662650602
76,Samu Costa,defensive midfield,22.1,0.22997072132020227,0.1958041958041958,0.23485838779956425,0.2697838826303041,0.2623289962498019,0.17307692307692307,0.30058177117000645,0.04072398190045249,0.04072398190045249,0.08144796380090497,0.22171945701357465,0.002151175728803501,0.2895927601809955,0.2171945701357466,0.0030165912518853692
78,Bryan Cristante,defensive midfield,32.6,0.24918801876578853,0.30646960401561635,0.24844353556009996,0.21388217185785058,0.2888120359981857,0.1503067484662577,0.2911189015483494,0.02760736196319018,0.049079754601226995,0.06211656441717791,0.20092024539877298,0.0018745739604635312,0.16257668711656442,0.23006134969325154,0.0019832874973556166
79,Josh Dasilva,defensive midfield,15.4,0.18754774637127578,0.1446280991735537,0.22962962962962966,0.11663318862178447,0.16634241245136183,0.48376623376623373,0.2380952380952381,0.20779220779220778,0.38961038961038963,0.336038961038961,0.07467532467532467,0.002435064935064935,0.045454545454545456,0.03896103896103897,0.002782931354359925
81,Thomas Delaney,defensive midfield,6.7,0.21949078138718175,0.13297150610583447,0.17877280265339965,0.2457420665737598,0.2213543179046402,0.1865671641791045,0.26936744847192606,0.029850746268656716,0.014925373134328358,0.033582089552238806,0.11194029850746268,0.0034443168771526988,0.1044776119402985,0.29850746268656714,0.011481056257175661
82,Diego Demme,defensive midfield,1.6,0.6654411764705882,0.5170454545454546,0.5703703703703704,0.23387384176764076,0.7162572957198443,0.34375,0.6101190476190477,0.125,0.1875,0.046875,0.03125,0.0,0.0625,0.125,0.04166666666666666
83,Leander Dendoncker,defensive midfield,10.1,0.19452533488642984,0.13231323132313233,0.13553355335533554,0.166721946606635,0.2180336710713873,0.16584158415841588,0.23243752946723245,0.03960396039603961,0.009900990099009903,0.03712871287128713,0.20792079207920794,0.005363036303630362,0.15841584158415845,0.1188118811881188,0.004752475247524752
84,Ibrahima Diallo,defensive midfield,9.1,0.20491273432449905,0.16783216783216784,0.1754985754985755,0.17544821536268435,0.25351691110445973,0.2032967032967033,0.26111983254840404,0.08791208791208792,0.09890109890109891,0.04945054945054945,0.17032967032967036,0.006279434850863422,0.1208791208791209,0.16483516483516486,0.006868131868131869
85,Mouhamadou Diarra,defensive midfield,18.1,0.16444588885277867,0.14766449020592667,0.1638633108246368,0.0909652953615575,0.17091063482167806,0.46408839779005523,0.2280978689818469,0.13812154696132595,0.3756906077348066,0.3687845303867403,0.09668508287292818,0.0028576871785101917,0.0718232044198895,0.06629834254143646,0.001791847095714499
86,John Donald,defensive midfield,12.1,0.17306757413709284,0.12096168294515404,0.10841750841750843,0.24328033788281309,0.16899540148567385,0.06818181818181819,0.21330184966548607,0.04132231404958678,0.024793388429752067,0.012396694214876033,0.14049586776859505,0.004132231404958678,0.1900826446280992,0.23140495867768598,0.0051423324150596875
87,Niklas Dorsch,defensive midfield,5.4,0.15250544662309368,0.0824915824915825,0.14787379972565157,0.21943718486840366,0.1678375846663784,0.125,0.208994708994709,0.09259259259259259,0.037037037037037035,0.0,0.25,0.010416666666666666,0.16666666666666666,0.09259259259259259,0.00771604938271605
88,Lohann Doucet,defensive midfield,1.0,0.3941176470588235,0.19090909090909092,0.5133333333333333,0.2494654312188168,0.4419260700389105,0.35000000000000003,0.43809523809523815,0.1,0.2,0.075,0.25,0.075,0.4,0.0,0.0
89,Cheick Doucouré,defensive midfield,30.8,0.1982429335370512,0.2272727272727273,0.25925925925925924,0.17980949912525107,0.21741245136186768,0.2069805194805195,0.2438157081014224,0.048701298701298704,0.05844155844155844,0.041396103896103896,0.21590909090909094,0.0018106893106893105,0.15584415584415587,0.09740259740259741,0.0016508914813999557
90,Íñigo Eguaras,defensive midfield,10.7,0.2517866959868059,0.29736618521665253,0.3251644167532018,0.202836378654552,0.2583093930688389,0.1752336448598131,0.2732532265242546,0.03738317757009346,0.07476635514018692,0.04906542056074767,0.07943925233644861,0.002596053997923157,0.14018691588785048,0.028037383177570097,0.003504672897196262
91,Albin Ekdal,defensive midfield,19.3,0.18469978665041145,0.20442769665567595,0.23642295144885817,0.165448576145122,0.21384145480937883,0.2694300518134715,0.24648408586232423,0.06217616580310881,0.07772020725388601,0.1360103626943005,0.16321243523316065,0.002187679907887162,0.18652849740932642,0.18652849740932642,0.00327242977911099
92,Mohamed Elneny,defensive midfield,1.3,0.2579185520361991,0.14685314685314685,0.08774928774928774,0.1055430670541148,0.2419934151451661,0.21153846153846156,0.23076923076923078,0.0,0.07692307692307693,0.05769230769230768,0.038461538461538464,0.07692307692307693,0.0,0.0,0.0
93,Wataru Endo,defensive midfield,32.5,0.21176470588235294,0.27020979020979025,0.3001025641025641,0.19458303635067709,0.2334660281352888,0.2923076923076923,0.27443223443223447,0.08615384615384616,0.09846153846153848,0.1546153846153846,0.1476923076923077,0.0013755656108597287,0.19384615384615386,0.2276923076923077,0.0017788461538461539
94,Salvatore Esposito,defensive midfield,10.8,0.2723311546840958,0.2887205387205387,0.26934156378600826,0.20211319658931914,0.28365938896094534,0.3611111111111111,0.3249559082892416,0.05555555555555555,0.037037037037037035,0.07638888888888888,0.12037037037037038,0.002204585537918871,0.16666666666666666,0.06481481481481481,0.005892255892255892
95,Fabinho,defensive midfield,29.7,0.3202614379084967,0.280685644322008,0.30919067215363516,0.1915088158851523,0.33138780804150453,0.2735690235690236,0.3354176687510021,0.023569023569023573,0.05050505050505051,0.09848484848484848,0.1717171717171717,0.0013033561420658195,0.1346801346801347,0.10101010101010102,0.001980590215884334
96,Fernando,defensive midfield,36.5,0.14810636583400483,0.027895392278953924,0.0,0.4794520547945205,0.001231277650445072,0.0,0.18382257012394,0.0027397260273972603,0.0,0.0,0.0013698630136986301,0.0,0.0547945205479452,0.005479452054794521,0.00182648401826484
97,Fernando,defensive midfield,36.5,0.14810636583400483,0.027895392278953924,0.0,0.4794520547945205,0.001231277650445072,0.0,0.18382257012394,0.0027397260273972603,0.0,0.0,0.0013698630136986301,0.0,0.0547945205479452,0.0547945205479452,0.0016604400166044002
98,Fernando,defensive midfield,36.5,0.14810636583400483,0.027895392278953924,0.0,0.4794520547945205,0.001231277650445072,0.0,0.18382257012394,0.0027397260273972603,0.0,0.0,0.07945205479452055,0.001643835616438356,0.07945205479452055,0.005479452054794521,0.00182648401826484
99,Fernando,defensive midfield,36.5,0.14810636583400483,0.027895392278953924,0.0,0.4794520547945205,0.001231277650445072,0.0,0.18382257012394,0.0027397260273972603,0.0,0.0,0.07945205479452055,0.001643835616438356,0.07945205479452055,0.0547945205479452,0.0016604400166044002
100,Fernando,defensive midfield,36.5,0.14810636583400483,0.027895392278953924,0.0,0.12609964947910055,0.10917328500612973,0.08972602739726028,0.13372472276581868,0.00821917808219178,0.01643835616438356,0.026712328767123285,0.0013698630136986301,0.0,0.0547945205479452,0.005479452054794521,0.00182648401826484
101,Fernando,defensive midfield,36.5,0.14810636583400483,0.027895392278953924,0.0,0.12609964947910055,0.10917328500612973,0.08972602739726028,0.13372472276581868,0.00821917808219178,0.01643835616438356,0.026712328767123285,0.0013698630136986301,0.0,0.0547945205479452,0.0547945205479452,0.0016604400166044002
102,Fernando,defensive midfield,36.5,0.14810636583400483,0.027895392278953924,0.0,0.12609964947910055,0.10917328500612973,0.08972602739726028,0.13372472276581868,0.00821917808219178,0.01643835616438356,0.026712328767123285,0.07945205479452055,0.001643835616438356,0.07945205479452055,0.005479452054794521,0.00182648401826484
103,Fernando,defensive midfield,36.5,0.14810636583400483,0.027895392278953924,0.0,0.12609964947910055,0.10917328500612973,0.08972602739726028,0.13372472276581868,0.00821917808219178,0.01643835616438356,0.026712328767123285,0.07945205479452055,0.001643835616438356,0.07945205479452055,0.0547945205479452,0.0016604400166044002
104,Fernando,defensive midfield,36.5,0.12377115229653504,0.09066002490660026,0.10469812278031457,0.4794520547945205,0.001231277650445072,0.0,0.18382257012394,0.0027397260273972603,0.0,0.0,0.0013698630136986301,0.0,0.0547945205479452,0.005479452054794521,0.00182648401826484
105,Fernando,defensive midfield,36.5,0.12377115229653504,0.09066002490660026,0.10469812278031457,0.4794520547945205,0.001231277650445072,0.0,0.18382257012394,0.0027397260273972603,0.0,0.0,0.0013698630136986301,0.0,0.0547945205479452,0.0547945205479452,0.0016604400166044002
106,Fernando,defensive midfield,36.5,0.12377115229653504,0.09066002490660026,0.10469812278031457,0.4794520547945205,0.001231277650445072,0.0,0.18382257012394,0.0027397260273972603,0.0,0.0,0.07945205479452055,0.001643835616438356,0.07945205479452055,0.005479452054794521,0.00182648401826484
107,Fernando,defensive midfield,36.5,0.12377115229653504,0.09066002490660026,0.10469812278031457,0.4794520547945205,0.001231277650445072,0.0,0.18382257012394,0.0027397260273972603,0.0,0.0,0.07945205479452055,0.001643835616438356,0.07945205479452055,0.0547945205479452,0.0016604400166044002
108,Fernando,defensive midfield,36.5,0.12377115229653504,0.09066002490660026,0.10469812278031457,0.12609964947910055,0.10917328500612973,0.08972602739726028,0.13372472276581868,0.00821917808219178,0.01643835616438356,0.026712328767123285,0.0013698630136986301,0.0,0.0547945205479452,0.005479452054794521,0.00182648401826484
109,Fernando,defensive midfield,36.5,0.12377115229653504,0.09066002490660026,0.10469812278031457,0.12609964947910055,0.10917328500612973,0.08972602739726028,0.13372472276581868,0.00821917808219178,0.01643835616438356,0.026712328767123285,0.0013698630136986301,0.0,0.0547945205479452,0.0547945205479452,0.0016604400166044002
110,Fernando,defensive midfield,36.5,0.12377115229653504,0.09066002490660026,0.10469812278031457,0.12609964947910055,0.10917328500612973,0.08972602739726028,0.13372472276581868,0.00821917808219178,0.01643835616438356,0.026712328767123285,0.07945205479452055,0.001643835616438356,0.07945205479452055,0.005479452054794521,0.00182648401826484
111,Fernando,defensive midfield,36.5,0.12377115229653504,0.09066002490660026,0.10469812278031457,0.12609964947910055,0.10917328500612973,0.08972602739726028,0.13372472276581868,0.00821917808219178,0.01643835616438356,0.026712328767123285,0.07945205479452055,0.001643835616438356,0.07945205479452055,0.0547945205479452,0.0016604400166044002
112,Fernando,defensive midfield,17.5,0.30890756302521005,0.05818181818181819,0.0,1.0,0.0025680933852140074,0.0,0.38340136054421775,0.005714285714285714,0.0,0.0,0.002857142857142857,0.0,0.11428571428571428,0.011428571428571429,0.003809523809523809
113,Fernando,defensive midfield,17.5,0.30890756302521005,0.05818181818181819,0.0,1.0,0.0025680933852140074,0.0,0.38340136054421775,0.005714285714285714,0.0,0.0,0.002857142857142857,0.0,0.11428571428571428,0.11428571428571428,0.003463203463203463
114,Fernando,defensive midfield,17.5,0.30890756302521005,0.05818181818181819,0.0,1.0,0.0025680933852140074,0.0,0.38340136054421775,0.005714285714285714,0.0,0.0,0.16571428571428573,0.0034285714285714284,0.16571428571428573,0.011428571428571429,0.003809523809523809
115,Fernando,defensive midfield,17.5,0.30890756302521005,0.05818181818181819,0.0,1.0,0.0025680933852140074,0.0,0.38340136054421775,0.005714285714285714,0.0,0.0,0.16571428571428573,0.0034285714285714284,0.16571428571428573,0.11428571428571428,0.003463203463203463
116,Fernando,defensive midfield,17.5,0.30890756302521005,0.05818181818181819,0.0,0.263007840342124,0.227704280155642,0.18714285714285717,0.27891156462585037,0.017142857142857144,0.03428571428571429,0.055714285714285716,0.002857142857142857,0.0,0.11428571428571428,0.011428571428571429,0.003809523809523809
117,Fernando,defensive midfield,17.5,0.30890756302521005,0.05818181818181819,0.0,0.263007840342124,0.227704280155642,0.18714285714285717,0.27891156462585037,0.017142857142857144,0.03428571428571429,0.055714285714285716,0.002857142857142857,0.0,0.11428571428571428,0.11428571428571428,0.003463203463203463
118,Fernando,defensive midfield,17.5,0.30890756302521005,0.05818181818181819,0.0,0.263007840342124,0.227704280155642,0.18714285714285717,0.27891156462585037,0.017142857142857144,0.03428571428571429,0.055714285714285716,0.16571428571428573,0.0034285714285714284,0.16571428571428573,0.011428571428571429,0.003809523809523809
119,Fernando,defensive midfield,17.5,0.30890756302521005,0.05818181818181819,0.0,0.263007840342124,0.227704280155642,0.18714285714285717,0.27891156462585037,0.017142857142857144,0.03428571428571429,0.055714285714285716,0.16571428571428573,0.0034285714285714284,0.16571428571428573,0.11428571428571428,0.003463203463203463
120,Fernando,defensive midfield,17.5,0.2581512605042017,0.18909090909090912,0.21837037037037038,1.0,0.0025680933852140074,0.0,0.38340136054421775,0.005714285714285714,0.0,0.0,0.002857142857142857,0.0,0.11428571428571428,0.011428571428571429,0.003809523809523809
121,Fernando,defensive midfield,17.5,0.2581512605042017,0.18909090909090912,0.21837037037037038,1.0,0.0025680933852140074,0.0,0.38340136054421775,0.005714285714285714,0.0,0.0,0.002857142857142857,0.0,0.11428571428571428,0.11428571428571428,0.003463203463203463
122,Fernando,defensive midfield,17.5,0.2581512605042017,0.18909090909090912,0.21837037037037038,1.0,0.0025680933852140074,0.0,0.38340136054421775,0.005714285714285714,0.0,0.0,0.16571428571428573,0.0034285714285714284,0.16571428571428573,0.011428571428571429,0.003809523809523809
123,Fernando,defensive midfield,17.5,0.2581512605042017,0.18909090909090912,0.21837037037037038,1.0,0.0025680933852140074,0.0,0.38340136054421775,0.005714285714285714,0.0,0.0,0.16571428571428573,0.0034285714285714284,0.16571428571428573,0.11428571428571428,0.003463203463203463
124,Fernando,defensive midfield,17.5,0.2581512605042017,0.18909090909090912,0.21837037037037038,0.263007840342124,0.227704280155642,0.18714285714285717,0.27891156462585037,0.017142857142857144,0.03428571428571429,0.055714285714285716,0.002857142857142857,0.0,0.11428571428571428,0.011428571428571429,0.003809523809523809
125,Fernando,defensive midfield,17.5,0.2581512605042017,0.18909090909090912,0.21837037037037038,0.263007840342124,0.227704280155642,0.18714285714285717,0.27891156462585037,0.017142857142857144,0.03428571428571429,0.055714285714285716,0.002857142857142857,0.0,0.11428571428571428,0.11428571428571428,0.003463203463203463
126,Fernando,defensive midfield,17.5,0.2581512605042017,0.18909090909090912,0.21837037037037038,0.263007840342124,0.227704280155642,0.18714285714285717,0.27891156462585037,0.017142857142857144,0.03428571428571429,0.055714285714285716,0.16571428571428573,0.0034285714285714284,0.16571428571428573,0.011428571428571429,0.003809523809523809
127,Fernando,defensive midfield,17.5,0.2581512605042017,0.18909090909090912,0.21837037037037038,0.263007840342124,0.227704280155642,0.18714285714285717,0.27891156462585037,0.017142857142857144,0.03428571428571429,0.055714285714285716,0.16571428571428573,0.0034285714285714284,0.16571428571428573,0.11428571428571428,0.003463203463203463
128,Florian Flick,defensive midfield,5.7,0.13312693498452013,0.14513556618819778,0.12007797270955166,0.1881932200422653,0.17740118779438865,0.11403508771929825,0.20384294068504596,0.017543859649122806,0.03508771929824561,0.02631578947368421,0.14035087719298245,0.005012531328320802,0.31578947368421056,0.2456140350877193,0.011695906432748537
129,Bartol Franjić,defensive midfield,2.5,0.14352941176470588,0.15272727272727274,0.09125925925925926,0.17462580185317175,0.1917509727626459,0.17,0.21714285714285717,0.04000000000000001,0.12,0.03,0.18000000000000002,0.0,0.16000000000000003,0.2,0.025
130,Pablo Galdames Millán,defensive midfield,8.2,0.15136298421807748,0.20953436807095346,0.22953929539295395,0.1414651530692071,0.19273749644111227,0.2713414634146342,0.22590011614401864,0.02439024390243903,0.060975609756097573,0.15548780487804878,0.14634146341463417,0.001847745750184775,0.1585365853658537,0.04878048780487806,0.004878048780487806
131,James Garner,defensive midfield,8.9,0.16920026437541308,0.15730337078651685,0.21148564294631708,0.13594464510238893,0.16916233113277662,0.42134831460674155,0.2359550561797753,0.07865168539325842,0.0898876404494382,0.15168539325842698,0.15730337078651685,0.0053222945002956825,0.14606741573033707,0.1348314606741573,0.006128702757916241
132,Johan Gastien,defensive midfield,28.9,0.3547730510889477,0.4249764076753697,0.4322183775470973,0.2710454858225207,0.3695892181546457,0.28114186851211076,0.388531883341572,0.03114186851211073,0.04498269896193772,0.07006920415224913,0.16955017301038064,0.001184575579039247,0.08650519031141869,0.03460207612456748,0.0017301038062283738
133,João Gomes,defensive midfield,7.3,0.20145044319097502,0.15691158156911583,0.1484525621511923,0.20162274577959163,0.2175257182452961,0.273972602739726,0.2667971298108285,0.1095890410958904,0.09589041095890412,0.0821917808219178,0.226027397260274,0.007742703990470519,0.15068493150684933,0.09589041095890412,0.008717310087173101
134,Maxime Gonalons,defensive midfield,16.1,0.26890756302521,0.31620553359683795,0.3507246376811594,0.20065697728470044,0.30565894095753676,0.15062111801242237,0.29488317065956815,0.09316770186335403,0.062111801242236024,0.013975155279503104,0.22360248447204967,0.0029298019453884916,0.043478260869565216,0.09316770186335403,0.0038819875776397515
135,Jacek Góralski,defensive midfield,1.6,0.11397058823529412,0.0,0.10694444444444445,0.17150748396293655,0.15448686770428013,0.0625,0.1755952380952381,0.0,0.0625,0.0,0.28125,0.04166666666666666,0.3125,0.0,0.0
136,Christian Groß,defensive midfield,21.0,0.19467787114845939,0.19090909090909092,0.18197530864197534,0.17224994060346874,0.23968871595330737,0.13571428571428573,0.24195011337868483,0.07142857142857144,0.10476190476190478,0.060714285714285714,0.1880952380952381,0.002301587301587302,0.18095238095238098,0.12380952380952381,0.002210884353741497
137,Ilia Gruev,defensive midfield,17.6,0.2249331550802139,0.1916322314049587,0.19768518518518519,0.175051027020022,0.2621595330739299,0.15056818181818182,0.25865800865800864,0.028409090909090908,0.1477272727272727,0.05113636363636363,0.1875,0.0032991202346041057,0.11931818181818182,0.09090909090909091,0.002457002457002457
138,Carlos Gruezo,defensive midfield,10.7,0.10940076965365586,0.14868309260832627,0.15458636206299758,0.15387587346207393,0.13720498927233718,0.08644859813084113,0.16021361815754342,0.04672897196261683,0.01869158878504673,0.03504672897196262,0.14485981308411217,0.005257009345794393,0.14018691588785048,0.08411214953271029,0.0038232795242141046
139,Nemanja Gudelj,defensive midfield,30.9,0.2750809061488673,0.2327155045601648,0.20304446841663673,0.33786822966043634,0.22058730938259477,0.13673139158576053,0.2944983818770227,0.00970873786407767,0.09385113268608415,0.014563106796116504,0.12459546925566344,0.001961361184662156,0.33009708737864085,0.1521035598705502,0.0021729079981507166
140,Pape Gueye,defensive midfield,18.5,0.22829888712241656,0.2545454545454546,0.2774774774774775,0.14563387336017414,0.2704595646229887,0.28918918918918923,0.27979407979407983,0.08108108108108109,0.04864864864864865,0.16216216216216217,0.23243243243243242,0.0025900900900900905,0.06486486486486487,0.16216216216216217,0.0031185031185031182
141,Josuha Guilavogui,defensive midfield,13.1,0.30444544229905707,0.30603747397640535,0.2786542267458298,0.3370639795857296,0.3099028722487896,0.10496183206106871,0.3449654671028717,0.022900763358778626,0.03053435114503817,0.034351145038167934,0.15648854961832062,0.002694207453973956,0.3969465648854962,0.3282442748091603,0.004376590330788805
142,Bruno Guimarães,defensive midfield,30.3,0.2692681032809163,0.30873087308730873,0.41789512284561786,0.1613703779501257,0.2659911905587446,0.4744224422442244,0.3165173660223165,0.1485148514851485,0.1353135313531353,0.10396039603960396,0.18811881188118812,0.0019294237116019295,0.07260726072607261,0.06270627062706272,0.00195957095709571
143,Gerard Gumbau,defensive midfield,30.4,0.2151702786377709,0.25956937799043067,0.272051656920078,0.13786247514724087,0.23530296436616832,0.3560855263157895,0.2677005012531329,0.023026315789473686,0.059210526315789484,0.1282894736842105,0.11842105263157897,0.0011609907120743036,0.13157894736842107,0.07236842105263158,0.0013917004048582997
144,Makoto Hasebe,defensive midfield,14.5,0.35983772819472615,0.22382445141065832,0.22421455938697318,0.4662422886917197,0.29392861934791353,0.041379310344827586,0.37142857142857144,0.0,0.062068965517241385,0.010344827586206896,0.1206896551724138,0.00219435736677116,0.3103448275862069,0.10344827586206898,0.002652519893899205
145,Morten Hjulmand,defensive midfield,32.9,0.18594671911317717,0.29400386847195364,0.2756501182033097,0.17894784731805705,0.2235698319397301,0.1709726443768997,0.24099001302648723,0.05167173252279636,0.027355623100303955,0.0364741641337386,0.2462006079027356,0.0016785374041645876,0.16413373860182373,0.12462006079027357,0.001780286582718194
146,Joseph Hodge,defensive midfield,1.9,0.2476780185758514,0.30143540669856467,0.24015594541910332,0.17068687399182203,0.2207659225885726,0.4736842105263159,0.29573934837092736,0.0,0.05263157894736842,0.19736842105263158,0.13157894736842107,0.039473684210526314,0.10526315789473684,0.05263157894736842,0.017543859649122806
147,Nicolas Höfler,defensive midfield,31.3,0.21593685397481674,0.17891373801916935,0.20044965092888414,0.18889235526792197,0.24576708394972713,0.16134185303514378,0.2571124296363913,0.054313099041533544,0.038338658146964855,0.023961661341853034,0.19808306709265178,0.0014141308332896872,0.15654952076677317,0.22044728434504793,0.0018069449536479334
148,Martin Hongla,defensive midfield,20.3,0.19878296146044622,0.15987460815047022,0.2079182630906769,0.24516430309435444,0.1892861934791359,0.12315270935960593,0.2352803190241614,0.08374384236453203,0.029556650246305417,0.055418719211822655,0.09852216748768473,0.0030314513073133762,0.270935960591133,0.059113300492610835,0.0016420361247947452
149,Asier Illarramendi,defensive midfield,12.0,0.26715686274509803,0.2810606060606061,0.22814814814814816,0.1663102874792112,0.297738326848249,0.325,0.3134920634920635,0.05833333333333334,0.08333333333333334,0.15,0.225,0.0030303030303030307,0.16666666666666669,0.13333333333333333,0.003703703703703704
150,Bonke Innocent,defensive midfield,13.1,0.2312528064660979,0.14573213046495492,0.13497314108001132,0.23994384987458717,0.24243324323521548,0.08969465648854963,0.26099600145401675,0.04580152671755725,0.022900763358778626,0.0,0.20610687022900764,0.0023324851569126383,0.23664122137404583,0.06870229007633588,0.0023690444853908927
151,Mato Jajalo,defensive midfield,0.7,0.19327731092436978,0.09090909090909093,0.32592592592592595,0.1247327156094084,0.14980544747081712,0.5714285714285715,0.2448979591836735,0.14285714285714288,0.0,0.10714285714285714,0.0,0.0,0.28571428571428575,0.14285714285714288,0.14285714285714288
152,Kristijan Jakić,defensive midfield,16.2,0.2690631808278867,0.15319865319865322,0.20772748056698676,0.36110891123958355,0.254299370706634,0.18672839506172842,0.33186360964138745,0.04938271604938272,0.09876543209876544,0.08796296296296297,0.14506172839506173,0.0033122553447756707,0.30246913580246915,0.17901234567901236,0.0030341075538815655
153,Vitaly Janelt,defensive midfield,24.5,0.19495798319327734,0.19480519480519481,0.1908994708994709,0.17055289685368086,0.2063646470261256,0.24693877551020407,0.2417881438289602,0.036734693877551024,0.05714285714285714,0.0857142857142857,0.16938775510204085,0.0017492711370262386,0.10612244897959185,0.13061224489795917,0.0023747680890538036
154,Jorginho,defensive midfield,23.7,0.3449987589972698,0.4591484464902187,0.43078606032192535,0.2273608993386685,0.33279564596365063,0.3723628691983123,0.3678923046011654,0.03375527426160337,0.11814345991561181,0.056962025316455694,0.189873417721519,0.0016274864376130203,0.06329113924050633,0.07594936708860761,0.002052685596989395
155,Boubacar Kamara,defensive midfield,19.7,0.23828008360704686,0.19704660821412093,0.24320360970107166,0.22920427944469973,0.25170356910071306,0.16751269035532998,0.2767706067198453,0.08121827411167513,0.08121827411167513,0.03045685279187817,0.19543147208121828,0.002447425670775925,0.12182741116751271,0.1116751269035533,0.002863464792398803
156,N'Golo Kanté,defensive midfield,5.8,0.2748478701825558,0.2523510971786834,0.3343550446998723,0.11397989529825252,0.25182812290352874,0.7025862068965518,0.3316912972085386,0.20689655172413796,0.32758620689655177,0.46551724137931033,0.18965517241379312,0.008620689655172415,0.03448275862068966,0.03448275862068966,0.005747126436781609
157,Atakan Karazor,defensive midfield,21.8,0.2549919050188883,0.21309424520433695,0.20669384981311587,0.23744989439405725,0.2755595616320994,0.16857798165137616,0.2946701616426387,0.06422018348623852,0.022935779816513763,0.04128440366972477,0.1834862385321101,0.0023423775131758734,0.2018348623853211,0.22477064220183487,0.0027411053927053025
158,Yannik Keitel,defensive midfield,7.6,0.14628482972136223,0.15071770334928233,0.19512670565302145,0.11160295607157594,0.1744445013311489,0.24013157894736847,0.1961152882205514,0.05263157894736842,0.15789473684210528,0.15789473684210525,0.15789473684210528,0.007894736842105263,0.10526315789473684,0.1842105263157895,0.005263157894736843
159,Rani Khedira,defensive midfield,32.0,0.14301470588235293,0.12528409090909093,0.12298611111111112,0.14344262295081966,0.172744406614786,0.1703125,0.19464285714285717,0.03125,0.043750000000000004,0.0609375,0.15625,0.0015625,0.10312500000000001,0.1375,0.0018581081081081082
160,Joshua Kimmich,defensive midfield,31.2,0.43985671191553544,0.5547785547785549,0.5758547008547009,0.2470667251494051,0.4006815574179387,0.6482371794871795,0.4688644688644689,0.04166666666666667,0.13461538461538464,0.1346153846153846,0.19070512820512822,0.0016915954415954418,0.125,0.051282051282051294,0.0010683760683760685
161,Geoffrey Kondogbia,defensive midfield,11.2,0.2977941176470588,0.25568181818181823,0.21388888888888893,0.2182822523164647,0.3330496108949416,0.14732142857142858,0.31930272108843544,0.04464285714285715,0.053571428571428575,0.033482142857142856,0.29464285714285715,0.006071428571428572,0.10714285714285715,0.10714285714285715,0.00487012987012987
162,Teun Koopmeiners,defensive midfield,31.8,0.23510913799482058,0.30817610062893086,0.33361285814116004,0.18670683217005785,0.21575753126300073,0.5432389937106918,0.30727762803234504,0.08805031446540881,0.18867924528301888,0.24999999999999997,0.10220125786163521,0.0016009148084619783,0.11320754716981132,0.11949685534591195,0.001958964841736262
163,Alex Král,defensive midfield,26.2,0.1315671306690615,0.17730742539902847,0.21769861464517953,0.1299695853487347,0.17439183770457717,0.2299618320610687,0.2013813158851327,0.08778625954198474,0.15648854961832062,0.20038167938931298,0.09732824427480917,0.0017536620590055708,0.2022900763358779,0.183206106870229,0.0018694500701043777
164,Christoph Kramer,defensive midfield,24.7,0.242914979757085,0.15715863084284137,0.18242615084720348,0.22724583815479266,0.23319916822886305,0.28036437246963564,0.28571428571428575,0.08502024291497977,0.10526315789473684,0.1821862348178138,0.12348178137651822,0.0016194331983805667,0.16194331983805668,0.09716599190283402,0.0018685767673621925
165,Roméo Lavia,defensive midfield,24.7,0.20457251726601572,0.26021347073978657,0.23553756185335134,0.15048724393361823,0.2510909119551348,0.17914979757085023,0.24831309041835362,0.11336032388663969,0.08906882591093118,0.04251012145748988,0.18825910931174092,0.0016041555266977313,0.0931174089068826,0.028340080971659923,0.0016670635865682305
166,Mario Lemina,defensive midfield,23.7,0.28170761975676345,0.20138089758342925,0.21178309110798563,0.26104399553698976,0.27843586333710946,0.16244725738396626,0.30500301386377343,0.046413502109704644,0.08438818565400845,0.06012658227848101,0.20042194092827006,0.0024110910186859553,0.18565400843881857,0.09282700421940929,0.002994419490948687
167,Johann Lepenant,defensive midfield,21.5,0.31819425444596444,0.3403805496828753,0.3316106804478897,0.18274793217192392,0.3246945977739571,0.3593023255813954,0.341749723145072,0.09767441860465116,0.09302325581395349,0.15348837209302327,0.2,0.0017306652244456465,0.07906976744186046,0.07441860465116279,0.0022551092318534175
168,Jefferson Lerma,defensive midfield,36.1,0.21459996741078702,0.22211029967262658,0.2243562121678465,0.20282023286072778,0.21371137243066707,0.23407202216066483,0.2551114628676956,0.036011080332409975,0.060941828254847646,0.06232686980609418,0.13434903047091415,0.0012311480455524776,0.2520775623268698,0.17174515235457066,0.0016837760034761826
169,Dejan Ljubicic,defensive midfield,19.0,0.13777089783281735,0.13062200956937803,0.19512670565302145,0.07615260531942829,0.14822854802375587,0.4394736842105263,0.2025062656641604,0.1,0.19473684210526318,0.375,0.0868421052631579,0.0017105263157894738,0.042105263157894736,0.04736842105263158,0.0015280135823429544
170,Stanislav Lobotka,defensive midfield,34.5,0.3687979539641944,0.39472990777338607,0.28435856146001076,0.18908756598179882,0.35888174589747923,0.27463768115942033,0.35003450655624574,0.052173913043478265,0.14782608695652175,0.08478260869565217,0.1536231884057971,0.0017073654953345247,0.0463768115942029,0.034782608695652174,0.001199400299850075
171,Manuel Locatelli,defensive midfield,27.2,0.24091695501730107,0.33689839572192515,0.28099128540305013,0.21369649071317764,0.25857962348363467,0.2601102941176471,0.2925420168067227,0.05514705882352942,0.09191176470588236,0.10202205882352941,0.15808823529411764,0.0020810210876803553,0.21691176470588236,0.125,0.001953125
172,Maxime Lopez,defensive midfield,25.5,0.33933102652825836,0.44670231729055265,0.4697167755991285,0.22305144438388327,0.31429770351720454,0.3382352941176471,0.34640522875817,0.04313725490196079,0.21176470588235297,0.11764705882352941,0.12549019607843137,0.0011204481792717088,0.08235294117647059,0.01568627450980392,0.0022408963585434176
173,Dion Lopy,defensive midfield,15.3,0.2410611303344867,0.34105763517528226,0.3765190026627935,0.17038652001546636,0.26093563235929906,0.34477124183006536,0.291005291005291,0.10457516339869283,0.11111111111111112,0.18627450980392157,0.21895424836601307,0.002424625764284208,0.11764705882352942,0.09803921568627451,0.00445632798573975
174,Anthony Losilla,defensive midfield,30.2,0.12660693416439422,0.13064419024683926,0.17564385577630612,0.15116613878491217,0.17485569613729482,0.1937086092715232,0.20277514979501735,0.02980132450331126,0.043046357615894044,0.1043046357615894,0.1870860927152318,0.0016341274619420315,0.2218543046357616,0.304635761589404,0.0018133081046988334
175,Douglas Luiz,defensive midfield,32.5,0.2704072398190045,0.24083916083916085,0.25973789173789175,0.20494544657053562,0.26757557617479794,0.34076923076923077,0.31018315018315024,0.07384615384615385,0.1476923076923077,0.08076923076923076,0.17384615384615387,0.0014652014652014652,0.08307692307692309,0.07692307692307693,0.0016366612111292963
176,Soungoutou Magassa,defensive midfield,0.9,0.1764705882352941,0.21212121212121213,0.19012345679012344,0.16631028747921117,0.257998270644185,0.1388888888888889,0.2486772486772487,0.11111111111111112,0.0,0.08333333333333333,0.2777777777777778,0.05555555555555556,0.11111111111111112,0.22222222222222224,0.07407407407407407
177,Yohann Magnin,defensive midfield,26.7,0.24697069839171623,0.20973782771535585,0.2584824524899431,0.2008804034159012,0.2802540112796747,0.21161048689138579,0.2930265739254504,0.02621722846441948,0.05243445692883896,0.15730337078651688,0.21348314606741572,0.001907992368030528,0.17228464419475656,0.10112359550561799,0.0013665350744002428
178,Mickael Malsa,defensive midfield,0.8,0.09558823529411764,0.23863636363636367,0.3564814814814815,0.1870990734141126,0.16853112840466924,0.03125,0.18452380952380953,0.125,0.0,0.0,0.25,0.03125,0.375,0.125,0.0625
179,Rolando Mandragora,defensive midfield,21.7,0.21415017619951207,0.3372434017595309,0.3732377538829152,0.10059089968500677,0.23126647420610014,0.41013824884792627,0.26113671274961603,0.02304147465437788,0.08294930875576038,0.20391705069124424,0.1336405529953917,0.0020382842963488123,0.09677419354838711,0.16129032258064518,0.002780867630700779
180,Vincent Marchetti,defensive midfield,27.2,0.1810121107266436,0.2503342245989305,0.29986383442265796,0.11647834472349167,0.2313172350652323,0.2830882352941177,0.23967086834733897,0.16544117647058826,0.24264705882352944,0.15992647058823528,0.1360294117647059,0.001351643598615917,0.11397058823529412,0.01838235294117647,0.0010212418300653598
181,José Mari,defensive midfield,4.4,0.2245989304812834,0.4628099173553719,0.2722222222222222,0.23245642454480653,0.26045719844357973,0.16477272727272727,0.2813852813852814,0.06818181818181818,0.11363636363636363,0.06818181818181818,0.23863636363636365,0.014204545454545454,0.20454545454545456,0.11363636363636363,0.00946969696969697
182,Eric Martel,defensive midfield,22.4,0.18251050420168066,0.14204545454545456,0.18333333333333335,0.18542854597291517,0.22102991245136186,0.2377232142857143,0.25425170068027214,0.03125,0.07589285714285715,0.15401785714285715,0.2209821428571429,0.0022321428571428575,0.21875,0.25446428571428575,0.002356150793650794
183,Jonas Martin,defensive midfield,3.1,0.36622390891840606,0.3900293255131965,0.36798088410991636,0.22532361529441516,0.4300866072549265,0.2338709677419355,0.402457757296467,0.0,0.12903225806451613,0.0967741935483871,0.25806451612903225,0.01152073732718894,0.0967741935483871,0.25806451612903225,0.02346041055718475
184,Omar Mascarell,defensive midfield,27.2,0.23594290657439446,0.2362967914438503,0.24324618736383444,0.23800102721059913,0.24288309681849393,0.13786764705882354,0.26943277310924374,0.07720588235294118,0.09926470588235295,0.016544117647058824,0.18014705882352944,0.0017807904411764705,0.1985294117647059,0.09926470588235295,0.002068014705882353
185,Pape Matar Sarr,defensive midfield,2.4,0.34558823529411764,0.23863636363636367,0.3089506172839506,0.33781777144214775,0.3245784695201038,0.21875,0.37698412698412703,0.04166666666666667,0.04166666666666667,0.0,0.27083333333333337,0.020833333333333336,0.25,0.125,0.015625
186,Nemanja Matić,defensive midfield,20.6,0.31667618503712164,0.4201235657546337,0.37101761956130885,0.1961815527060598,0.3425163386347323,0.2803398058252427,0.34096162736939434,0.11650485436893204,0.24271844660194175,0.06189320388349514,0.17475728155339806,0.002794939688143572,0.10194174757281554,0.09223300970873786,0.002794939688143572
187,Azor Matusiwa,defensive midfield,27.6,0.2932651321398124,0.34123847167325433,0.4401771336553945,0.24449419979960121,0.30883804206845994,0.23550724637681159,0.33040027605245,0.05797101449275363,0.05434782608695652,0.04891304347826087,0.20289855072463767,0.0021382751247327153,0.18840579710144928,0.11594202898550726,0.0017304780445598093
188,Scott McTominay,defensive midfield,12.9,0.16187870497036022,0.15785764622973927,0.1459086993970715,0.19821865658859475,0.16664404427955237,0.2558139534883721,0.22812846068660025,0.10077519379844962,0.15503875968992248,0.11046511627906976,0.17829457364341086,0.0045806906272022555,0.3488372093023256,0.2635658914728682,0.004623963008295933
189,Bamo Meïté,defensive midfield,16.7,0.29517435716801693,0.09526401741970605,0.10929252605899313,0.4585981280489626,0.21170111139588527,0.03293413173652695,0.31565440547476475,0.04790419161676647,0.05988023952095809,0.004491017964071856,0.10179640718562875,0.0026197604790419164,0.41916167664670667,0.17964071856287428,0.0027637033625057578
190,Thiago Mendes,defensive midfield,22.9,0.3711790393013101,0.4335053592695515,0.423419052240013,0.27343154251494767,0.40068050906495845,0.20524017467248912,0.39779579954252453,0.026200873362445417,0.04366812227074236,0.06550218340611354,0.2074235807860262,0.003275109170305677,0.22270742358078605,0.14847161572052403,0.002749474365194889
192,Batista Mendy,defensive midfield,31.8,0.2282648908620052,0.31818181818181823,0.3497554157931516,0.16238787503866375,0.24331608056187745,0.21776729559748428,0.25456723569931117,0.11949685534591195,0.0849056603773585,0.11556603773584904,0.1430817610062893,0.002195324552035125,0.09119496855345913,0.0849056603773585,0.0021226415094339622
193,Nampalys Mendy,defensive midfield,8.4,0.2535014005602241,0.15151515151515152,0.19012345679012344,0.20640294606794962,0.2764267185473411,0.13392857142857142,0.2777777777777778,0.08333333333333333,0.023809523809523808,0.03571428571428571,0.15476190476190477,0.006349206349206349,0.023809523809523808,0.047619047619047616,0.004761904761904762
194,Luka Milivojević,defensive midfield,5.7,0.21362229102167182,0.189792663476874,0.20012995451591942,0.25603031098773305,0.20105467950030717,0.24122807017543857,0.2681704260651629,0.017543859649122806,0.03508771929824561,0.02631578947368421,0.21929824561403508,0.012280701754385965,0.17543859649122806,0.10526315789473684,0.007017543859649123
195,Clinton Mola,defensive midfield,0.2,0.08823529411764705,0.0,0.0,0.5612972202423377,0.14980544747081712,0.25,0.33333333333333337,0.0,0.0,0.0,1.0,0.5,1.0,0.5,0.25
196,Diego Moreno,defensive midfield,7.1,0.17895608947804476,0.15236875800256083,0.11246739697443923,0.23541104072761587,0.1856743574286184,0.2852112676056338,0.26089872568745814,0.04225352112676057,0.12676056338028172,0.20070422535211266,0.06338028169014086,0.005281690140845071,0.29577464788732394,0.07042253521126761,0.005417118093174432
197,Nikola Moro,defensive midfield,13.6,0.2781141868512111,0.39772727272727276,0.4277777777777778,0.19260198733805708,0.30236467154955365,0.33272058823529416,0.32598039215686275,0.1323529411764706,0.17647058823529413,0.19301470588235295,0.14705882352941177,0.0028594771241830072,0.1323529411764706,0.14705882352941177,0.0047438330170777995
198,Marshall Munetsi,defensive midfield,30.0,0.12764705882352942,0.15060606060606063,0.18061728395061727,0.10643858398669516,0.1602918287937743,0.30333333333333334,0.1973015873015873,0.06666666666666667,0.11000000000000001,0.2175,0.13999999999999999,0.0013888888888888892,0.1366666666666667,0.19333333333333336,0.001806853582554517
199,Wilfred Ndidi,defensive midfield,18.7,0.23718150361748977,0.16674769081186197,0.15555555555555559,0.2708100670450257,0.2611581597619592,0.12299465240641712,0.28749681690858164,0.05347593582887701,0.05882352941176471,0.028074866310160426,0.2647058823529412,0.0021141649048625794,0.25668449197860965,0.13368983957219252,0.002844464671748777
200,Rúben Neves,defensive midfield,33.5,0.3037752414398595,0.3837177747625509,0.3711663902708679,0.30159253624961435,0.2922324176781462,0.29402985074626864,0.35294953802416495,0.056716417910447764,0.08358208955223881,0.04029850746268657,0.19253731343283584,0.001290843081887858,0.2537313432835821,0.0746268656716418,0.0014925373134328358
201,Christian Nørgaard,defensive midfield,19.6,0.18247298919567825,0.2207792207792208,0.21243386243386242,0.21510029528561242,0.21171484157865478,0.21045918367346939,0.25510204081632654,0.04081632653061224,0.02040816326530612,0.03061224489795918,0.2193877551020408,0.001913265306122449,0.20918367346938777,0.09183673469387754,0.002416756176154672
202,Amadou Onana,defensive midfield,27.6,0.17391304347826086,0.17753623188405798,0.16325818572195383,0.12970394702862392,0.20218307674956293,0.26721014492753625,0.22601794340924775,0.06521739130434782,0.09782608695652173,0.13315217391304346,0.19746376811594202,0.002587991718426501,0.14130434782608695,0.21739130434782608,0.0018903591682419658
203,Jean Onana,defensive midfield,9.0,0.269281045751634,0.26868686868686875,0.18378600823045269,0.1912568306010929,0.310430177258971,0.21111111111111114,0.30846560846560844,0.07777777777777778,0.13333333333333333,0.15,0.25555555555555554,0.00505050505050505,0.22222222222222224,0.1,0.00625
204,Zinédine Ould Khaled,defensive midfield,0.6,0.33333333333333337,0.31818181818181823,0.4753086419753087,0.0831551437396056,0.3869974059662776,0.33333333333333337,0.34126984126984133,0.0,0.0,0.25,0.25,0.0,0.0,0.16666666666666669,0.05555555555555555
205,Salih Özcan,defensive midfield,17.5,0.2964705882352941,0.27272727272727276,0.264,0.20384889522451885,0.3308560311284046,0.16428571428571428,0.31863945578231295,0.03428571428571429,0.03428571428571429,0.09857142857142857,0.1685714285714286,0.002344322344322344,0.10857142857142857,0.11428571428571428,0.0029304029304029304
207,João Palhinha,defensive midfield,34.5,0.17919863597612956,0.21765480895915681,0.16697799248523887,0.15654859669238794,0.22926746743359835,0.17898550724637682,0.23657694962042788,0.04057971014492754,0.02318840579710145,0.03913043478260869,0.27971014492753626,0.001535799264546831,0.17681159420289858,0.20579710144927535,0.0018708827404479579
208,Flavio Paoletti,defensive midfield,3.2,0.2536764705882353,0.13920454545454547,0.1425925925925926,0.20658856022808267,0.2621595330739299,0.2109375,0.2842261904761905,0.0625,0.21875,0.1875,0.109375,0.00625,0.28125,0.03125,0.004464285714285714
209,Antonios Papadopoulos,defensive midfield,0.1,1.0,0.6363636363636365,0.5703703703703704,0.9978617248752673,0.8988326848249026,0.25,1.0,0.0,1.0,0.0,0.5,0.0,0.0,1.0,1.0
210,Leandro Paredes,defensive midfield,11.5,0.3831202046035806,0.3984189723320159,0.3868599033816425,0.24512690198022866,0.35888174589747923,0.3673913043478261,0.39047619047619053,0.034782608695652174,0.10434782608695653,0.07173913043478261,0.16521739130434784,0.004158790170132326,0.19130434782608696,0.034782608695652174,0.004968944099378881
211,Thomas Partey,defensive midfield,27.6,0.368925831202046,0.532608695652174,0.4773752012882448,0.18890679393019097,0.3815696723622624,0.4221014492753623,0.3911318150448585,0.12681159420289853,0.12318840579710144,0.0951086956521739,0.17753623188405798,0.0017419175027870682,0.14855072463768115,0.13405797101449277,0.0021622253389434313
212,Danilo Pereira,defensive midfield,26.8,0.4280070237050044,0.474898236092266,0.3277501381978994,0.323467303539324,0.40302137174051916,0.15111940298507465,0.4045842217484009,0.03731343283582089,0.09701492537313433,0.030783582089552234,0.12686567164179105,0.002726750861079219,0.2201492537313433,0.12686567164179105,0.00226545842217484
213,Máximo Perrone,defensive midfield,0.2,0.5294117647058824,0.0,0.5703703703703704,0.2494654312188168,0.4494163424124513,0.75,0.5238095238095238,0.0,0.0,0.375,0.0,0.0,0.0,0.0,0.0
214,Kalvin Phillips,defensive midfield,3.3,0.5151515151515151,0.6170798898071627,0.31111111111111117,0.24190587269703448,0.5515564202334631,0.37121212121212127,0.510822510822511,0.030303030303030304,0.030303030303030304,0.045454545454545456,0.16666666666666669,0.006734006734006735,0.30303030303030304,0.15151515151515152,0.021645021645021648
215,Charles Pickel,defensive midfield,27.6,0.16112531969309463,0.18445322793148883,0.21492216854535695,0.12202113483529083,0.19404147634354027,0.2608695652173913,0.21756383712905453,0.014492753623188408,0.06521739130434782,0.16576086956521738,0.1431159420289855,0.0020340706839562673,0.13043478260869565,0.17028985507246377,0.0013844703664427948
216,Łukasz Poręba,defensive midfield,2.9,0.23529411764705882,0.2633228840125392,0.39335887611749687,0.08602256248924718,0.24020528646182746,0.4913793103448276,0.2791461412151068,0.03448275862068966,0.10344827586206898,0.46551724137931033,0.15517241379310345,0.022988505747126436,0.06896551724137932,0.10344827586206898,0.02586206896551724
217,Mehdi Puch Herrantz,defensive midfield,0.5,0.2588235294117647,0.2545454545454546,0.4562962962962963,0.17462580185317175,0.2546692607003891,0.65,0.3523809523809524,0.2,0.6000000000000001,0.15,0.5,0.1,0.0,0.0,0.0
218,Ivan Radovanović,defensive midfield,7.5,0.16784313725490196,0.16121212121212122,0.12167901234567902,0.21620337372297455,0.18176394293125808,0.04666666666666667,0.2050793650793651,0.0,0.02666666666666667,0.02,0.12666666666666668,0.005333333333333333,0.12,0.10666666666666667,0.005333333333333333
219,Rayan Raveloson,defensive midfield,27.0,0.19978213507625273,0.1932659932659933,0.2112482853223594,0.22313296903460836,0.1905858192823173,0.24722222222222223,0.2504409171075838,0.02962962962962963,0.13333333333333333,0.16944444444444443,0.14259259259259258,0.002581369248035915,0.25925925925925924,0.10740740740740742,0.0021060275962236745
220,Samuele Ricci,defensive midfield,23.0,0.2644501278772379,0.2656126482213439,0.25790660225442835,0.12635966407387894,0.2930976146168161,0.28043478260869564,0.28488612836438926,0.034782608695652174,0.18695652173913047,0.10108695652173913,0.10652173913043479,0.003402646502835539,0.12608695652173915,0.04782608695652174,0.0018394648829431438
221,Declan Rice,defensive midfield,36.4,0.29831932773109243,0.4073426573426574,0.3760683760683761,0.22959043807226273,0.29199715653995806,0.2973901098901099,0.3236525379382522,0.09615384615384616,0.2417582417582418,0.07623626373626373,0.19505494505494508,0.0017032967032967034,0.15934065934065936,0.10164835164835165,0.001613465899180185
222,Jaïro Riedewald,defensive midfield,0.7,0.28571428571428575,0.18181818181818185,0.08148148148148149,0.33856022808268,0.24610894941634243,0.5,0.3673469387755103,0.0,0.14285714285714288,0.10714285714285714,0.14285714285714288,0.0,0.5714285714285715,0.28571428571428575,0.09523809523809523
223,Tomás Rincón,defensive midfield,28.4,0.21085335542667774,0.2599231754161332,0.24501825769431404,0.14537510164335982,0.24475256206499696,0.2279929577464789,0.2510060362173039,0.09507042253521128,0.09507042253521128,0.09242957746478873,0.15140845070422537,0.0016739782960055415,0.06338028169014086,0.12323943661971833,0.0024164595415631044
224,Marc Roca,defensive midfield,25.7,0.2238498512245365,0.3887513264945172,0.38172647355526734,0.16161865485577043,0.2663855622340989,0.3239299610894942,0.29108764128219383,0.06614785992217899,0.09727626459143969,0.08171206225680934,0.17315175097276267,0.001197246333433104,0.0933852140077821,0.07003891050583659,0.002259319693736664
225,Rodri,defensive midfield,32.3,0.4959023857220907,0.5220940050661413,0.4591216603600505,0.27263559510910945,0.4621706761754466,0.45820433436532515,0.4823824266548725,0.07739938080495357,0.23529411764705885,0.08591331269349846,0.15479876160990713,0.0015479876160990713,0.13312693498452013,0.22291021671826627,0.0021433674684448677
226,Rodri,defensive midfield,32.3,0.4959023857220907,0.5220940050661413,0.4591216603600505,0.27263559510910945,0.4621706761754466,0.45820433436532515,0.4823824266548725,0.07739938080495357,0.23529411764705885,0.08591331269349846,0.15479876160990713,0.0015479876160990713,0.13312693498452013,0.006191950464396286,0.0004422821760283061
227,Rodri,defensive midfield,32.3,0.4959023857220907,0.5220940050661413,0.4591216603600505,0.27263559510910945,0.4621706761754466,0.45820433436532515,0.4823824266548725,0.07739938080495357,0.23529411764705885,0.08591331269349846,0.04489164086687307,0.00145692952103442,0.006191950464396286,0.22291021671826627,0.0021433674684448677
228,Rodri,defensive midfield,32.3,0.4959023857220907,0.5220940050661413,0.4591216603600505,0.27263559510910945,0.4621706761754466,0.45820433436532515,0.4823824266548725,0.07739938080495357,0.23529411764705885,0.08591331269349846,0.04489164086687307,0.00145692952103442,0.006191950464396286,0.006191950464396286,0.0004422821760283061
229,Rodri,defensive midfield,32.3,0.4959023857220907,0.5220940050661413,0.4591216603600505,0.045954158382413623,0.10968727036175929,0.3390092879256967,0.1496388028895769,0.08978328173374614,0.17647058823529416,0.24148606811145512,0.15479876160990713,0.0015479876160990713,0.13312693498452013,0.22291021671826627,0.0021433674684448677
230,Rodri,defensive midfield,32.3,0.4959023857220907,0.5220940050661413,0.4591216603600505,0.045954158382413623,0.10968727036175929,0.3390092879256967,0.1496388028895769,0.08978328173374614,0.17647058823529416,0.24148606811145512,0.15479876160990713,0.0015479876160990713,0.13312693498452013,0.006191950464396286,0.0004422821760283061
231,Rodri,defensive midfield,32.3,0.4959023857220907,0.5220940050661413,0.4591216603600505,0.045954158382413623,0.10968727036175929,0.3390092879256967,0.1496388028895769,0.08978328173374614,0.17647058823529416,0.24148606811145512,0.04489164086687307,0.00145692952103442,0.006191950464396286,0.22291021671826627,0.0021433674684448677
232,Rodri,defensive midfield,32.3,0.4959023857220907,0.5220940050661413,0.4591216603600505,0.045954158382413623,0.10968727036175929,0.3390092879256967,0.1496388028895769,0.08978328173374614,0.17647058823529416,0.24148606811145512,0.04489164086687307,0.00145692952103442,0.006191950464396286,0.006191950464396286,0.0004422821760283061
233,Rodri,defensive midfield,32.3,0.13330905117464945,0.10244863495637492,0.1801169590643275,0.27263559510910945,0.4621706761754466,0.45820433436532515,0.4823824266548725,0.07739938080495357,0.23529411764705885,0.08591331269349846,0.15479876160990713,0.0015479876160990713,0.13312693498452013,0.22291021671826627,0.0021433674684448677
234,Rodri,defensive midfield,32.3,0.13330905117464945,0.10244863495637492,0.1801169590643275,0.27263559510910945,0.4621706761754466,0.45820433436532515,0.4823824266548725,0.07739938080495357,0.23529411764705885,0.08591331269349846,0.15479876160990713,0.0015479876160990713,0.13312693498452013,0.006191950464396286,0.0004422821760283061
235,Rodri,defensive midfield,32.3,0.13330905117464945,0.10244863495637492,0.1801169590643275,0.27263559510910945,0.4621706761754466,0.45820433436532515,0.4823824266548725,0.07739938080495357,0.23529411764705885,0.08591331269349846,0.04489164086687307,0.00145692952103442,0.006191950464396286,0.22291021671826627,0.0021433674684448677
236,Rodri,defensive midfield,32.3,0.13330905117464945,0.10244863495637492,0.1801169590643275,0.27263559510910945,0.4621706761754466,0.45820433436532515,0.4823824266548725,0.07739938080495357,0.23529411764705885,0.08591331269349846,0.04489164086687307,0.00145692952103442,0.006191950464396286,0.006191950464396286,0.0004422821760283061
237,Rodri,defensive midfield,32.3,0.13330905117464945,0.10244863495637492,0.1801169590643275,0.045954158382413623,0.10968727036175929,0.3390092879256967,0.1496388028895769,0.08978328173374614,0.17647058823529416,0.24148606811145512,0.15479876160990713,0.0015479876160990713,0.13312693498452013,0.22291021671826627,0.0021433674684448677
238,Rodri,defensive midfield,32.3,0.13330905117464945,0.10244863495637492,0.1801169590643275,0.045954158382413623,0.10968727036175929,0.3390092879256967,0.1496388028895769,0.08978328173374614,0.17647058823529416,0.24148606811145512,0.15479876160990713,0.0015479876160990713,0.13312693498452013,0.006191950464396286,0.0004422821760283061
239,Rodri,defensive midfield,32.3,0.13330905117464945,0.10244863495637492,0.1801169590643275,0.045954158382413623,0.10968727036175929,0.3390092879256967,0.1496388028895769,0.08978328173374614,0.17647058823529416,0.24148606811145512,0.04489164086687307,0.00145692952103442,0.006191950464396286,0.22291021671826627,0.0021433674684448677
240,Rodri,defensive midfield,32.3,0.13330905117464945,0.10244863495637492,0.1801169590643275,0.045954158382413623,0.10968727036175929,0.3390092879256967,0.1496388028895769,0.08978328173374614,0.17647058823529416,0.24148606811145512,0.04489164086687307,0.00145692952103442,0.006191950464396286,0.006191950464396286,0.0004422821760283061
241,Rodri,defensive midfield,17.8,0.8998678122934567,0.9473953013278856,0.8331252600915522,0.4947263888777659,0.8386580247453329,0.8314606741573034,0.875334403424291,0.14044943820224717,0.42696629213483145,0.15589887640449437,0.28089887640449435,0.0028089887640449437,0.24157303370786518,0.40449438202247195,0.0038893690579083835
242,Rodri,defensive midfield,17.8,0.8998678122934567,0.9473953013278856,0.8331252600915522,0.4947263888777659,0.8386580247453329,0.8314606741573034,0.875334403424291,0.14044943820224717,0.42696629213483145,0.15589887640449437,0.28089887640449435,0.0028089887640449437,0.24157303370786518,0.011235955056179775,0.0008025682182985553
243,Rodri,defensive midfield,17.8,0.8998678122934567,0.9473953013278856,0.8331252600915522,0.4947263888777659,0.8386580247453329,0.8314606741573034,0.875334403424291,0.14044943820224717,0.42696629213483145,0.15589887640449437,0.08146067415730338,0.0026437541308658294,0.011235955056179775,0.40449438202247195,0.0038893690579083835
244,Rodri,defensive midfield,17.8,0.8998678122934567,0.9473953013278856,0.8331252600915522,0.4947263888777659,0.8386580247453329,0.8314606741573034,0.875334403424291,0.14044943820224717,0.42696629213483145,0.15589887640449437,0.08146067415730338,0.0026437541308658294,0.011235955056179775,0.011235955056179775,0.0008025682182985553
245,Rodri,defensive midfield,17.8,0.8998678122934567,0.9473953013278856,0.8331252600915522,0.0833887256040427,0.19903926026319238,0.6151685393258427,0.27153558052434457,0.16292134831460675,0.3202247191011236,0.43820224719101125,0.28089887640449435,0.0028089887640449437,0.24157303370786518,0.40449438202247195,0.0038893690579083835
246,Rodri,defensive midfield,17.8,0.8998678122934567,0.9473953013278856,0.8331252600915522,0.0833887256040427,0.19903926026319238,0.6151685393258427,0.27153558052434457,0.16292134831460675,0.3202247191011236,0.43820224719101125,0.28089887640449435,0.0028089887640449437,0.24157303370786518,0.011235955056179775,0.0008025682182985553
247,Rodri,defensive midfield,17.8,0.8998678122934567,0.9473953013278856,0.8331252600915522,0.0833887256040427,0.19903926026319238,0.6151685393258427,0.27153558052434457,0.16292134831460675,0.3202247191011236,0.43820224719101125,0.08146067415730338,0.0026437541308658294,0.011235955056179775,0.40449438202247195,0.0038893690579083835
248,Rodri,defensive midfield,17.8,0.8998678122934567,0.9473953013278856,0.8331252600915522,0.0833887256040427,0.19903926026319238,0.6151685393258427,0.27153558052434457,0.16292134831460675,0.3202247191011236,0.43820224719101125,0.08146067415730338,0.0026437541308658294,0.011235955056179775,0.011235955056179775,0.0008025682182985553
249,Rodri,defensive midfield,17.8,0.2419035029742234,0.18590398365679267,0.3268414481897628,0.4947263888777659,0.8386580247453329,0.8314606741573034,0.875334403424291,0.14044943820224717,0.42696629213483145,0.15589887640449437,0.28089887640449435,0.0028089887640449437,0.24157303370786518,0.40449438202247195,0.0038893690579083835
250,Rodri,defensive midfield,17.8,0.2419035029742234,0.18590398365679267,0.3268414481897628,0.4947263888777659,0.8386580247453329,0.8314606741573034,0.875334403424291,0.14044943820224717,0.42696629213483145,0.15589887640449437,0.28089887640449435,0.0028089887640449437,0.24157303370786518,0.011235955056179775,0.0008025682182985553
251,Rodri,defensive midfield,17.8,0.2419035029742234,0.18590398365679267,0.3268414481897628,0.4947263888777659,0.8386580247453329,0.8314606741573034,0.875334403424291,0.14044943820224717,0.42696629213483145,0.15589887640449437,0.08146067415730338,0.0026437541308658294,0.011235955056179775,0.40449438202247195,0.0038893690579083835
252,Rodri,defensive midfield,17.8,0.2419035029742234,0.18590398365679267,0.3268414481897628,0.4947263888777659,0.8386580247453329,0.8314606741573034,0.875334403424291,0.14044943820224717,0.42696629213483145,0.15589887640449437,0.08146067415730338,0.0026437541308658294,0.011235955056179775,0.011235955056179775,0.0008025682182985553
253,Rodri,defensive midfield,17.8,0.2419035029742234,0.18590398365679267,0.3268414481897628,0.0833887256040427,0.19903926026319238,0.6151685393258427,0.27153558052434457,0.16292134831460675,0.3202247191011236,0.43820224719101125,0.28089887640449435,0.0028089887640449437,0.24157303370786518,0.40449438202247195,0.0038893690579083835
254,Rodri,defensive midfield,17.8,0.2419035029742234,0.18590398365679267,0.3268414481897628,0.0833887256040427,0.19903926026319238,0.6151685393258427,0.27153558052434457,0.16292134831460675,0.3202247191011236,0.43820224719101125,0.28089887640449435,0.0028089887640449437,0.24157303370786518,0.011235955056179775,0.0008025682182985553
255,Rodri,defensive midfield,17.8,0.2419035029742234,0.18590398365679267,0.3268414481897628,0.0833887256040427,0.19903926026319238,0.6151685393258427,0.27153558052434457,0.16292134831460675,0.3202247191011236,0.43820224719101125,0.08146067415730338,0.0026437541308658294,0.011235955056179775,0.40449438202247195,0.0038893690579083835
256,Rodri,defensive midfield,17.8,0.2419035029742234,0.18590398365679267,0.3268414481897628,0.0833887256040427,0.19903926026319238,0.6151685393258427,0.27153558052434457,0.16292134831460675,0.3202247191011236,0.43820224719101125,0.08146067415730338,0.0026437541308658294,0.011235955056179775,0.011235955056179775,0.0008025682182985553
257,Guido Rodríguez,defensive midfield,31.9,0.26996127604646875,0.26531775434596755,0.2199233716475096,0.23734407014078654,0.2930363611968335,0.17946708463949845,0.3081056874160323,0.06896551724137932,0.03448275862068966,0.042319749216300946,0.2460815047021944,0.0016760296719327107,0.2382445141065831,0.13793103448275865,0.0015325670498084292
258,Oriol Romeu,defensive midfield,33.6,0.250875350140056,0.23484848484848486,0.23256172839506176,0.22050962223806125,0.2536883916990921,0.203125,0.28188775510204084,0.0625,0.050595238095238096,0.03571428571428571,0.16220238095238096,0.0015172735760971055,0.1636904761904762,0.12202380952380952,0.0014025725232621785
259,Marten de Roon,defensive midfield,32.9,0.28374754156981946,0.30174081237911027,0.2964539007092199,0.2403663881348478,0.28048679526450865,0.2689969604863222,0.3197278911564626,0.012158054711246202,0.05471124620060791,0.05243161094224924,0.1717325227963526,0.0013884198281361403,0.17629179331306993,0.15501519756838908,0.001890429238638891
260,Pablo Rosario,defensive midfield,19.6,0.27911164465786314,0.27272727272727276,0.3259259259259259,0.22719173200285098,0.2648346303501945,0.2346938775510204,0.2981049562682216,0.03571428571428571,0.09183673469387754,0.1607142857142857,0.1760204081632653,0.0027010804321728693,0.16326530612244897,0.08163265306122448,0.002148227712137486
261,Nicolò Rovella,defensive midfield,19.6,0.36854741896758697,0.35064935064935066,0.291005291005291,0.24055595153243048,0.3695455808782656,0.3278061224489796,0.3850826044703595,0.04081632653061224,0.1377551020408163,0.08035714285714285,0.2193877551020408,0.0019305019305019305,0.08673469387755102,0.04591836734693877,0.002416756176154672
262,Sebastian Rudy,defensive midfield,8.8,0.22058823529411764,0.23140495867768596,0.2722222222222222,0.19985582841962024,0.25194552529182873,0.3181818181818182,0.29599567099567103,0.0,0.07954545454545454,0.059659090909090905,0.2102272727272727,0.005471380471380472,0.1477272727272727,0.07954545454545454,0.004679144385026737
264,Diadie Samassékou,defensive midfield,0.4,0.25,0.31818181818181823,0.1425925925925926,0.1559158945117605,0.2808852140077821,0.1875,0.27380952380952384,0.25,0.0,0.1875,0.125,0.0,0.0,0.0,0.0
265,Samuel,defensive midfield,32.1,0.16089426424775516,0.09119229679977345,0.16524749048113532,0.06916642797032616,0.13580493836139493,0.6861370716510904,0.23898531375166893,0.1651090342679128,0.4485981308411215,0.6074766355140186,0.1308411214953271,0.0011249567324333677,0.049844236760124616,0.0529595015576324,0.0009130948544419377
266,Jerdy Schouten,defensive midfield,27.9,0.2738772928526249,0.2691430433365918,0.2841630160626577,0.21995876731121483,0.30551720290643347,0.17293906810035845,0.3084144051885988,0.09677419354838711,0.05376344086021506,0.07795698924731183,0.1845878136200717,0.0019749835418038184,0.15412186379928317,0.10035842293906812,0.0018246985988921475
267,Ibrahima Sissoko,defensive midfield,14.6,0.19701853344077358,0.21793275217932753,0.2617453069507864,0.15121705933469373,0.23804701241938062,0.30136986301369867,0.2619047619047619,0.0547945205479452,0.12328767123287672,0.2106164383561644,0.17123287671232879,0.003587736464448794,0.13013698630136988,0.20547945205479456,0.0038769707934866895
268,Ellyes Skhiri,defensive midfield,31.7,0.2792725923176842,0.22483510180671068,0.27888772052809907,0.22939802271383314,0.28519743706194994,0.22634069400630918,0.3088478293525612,0.07570977917981074,0.1577287066246057,0.1443217665615142,0.21293375394321767,0.0012427110218908325,0.15141955835962148,0.12618296529968454,0.0020352091177368477
269,Oliver Skipp,defensive midfield,16.6,0.23387668320340183,0.19934282584884996,0.19241410084783578,0.1840934658090666,0.24997655993624301,0.18674698795180722,0.26247848537005164,0.06626506024096385,0.08433734939759036,0.11295180722891565,0.1536144578313253,0.0029207740051113537,0.11445783132530118,0.04216867469879518,0.0013177710843373493
270,Tomáš Souček,defensive midfield,31.3,0.13324563052057883,0.13621841417368577,0.16035972074310734,0.17215505796570105,0.15602739896321524,0.23003194888178916,0.2078198691617222,0.006389776357827476,0.035143769968051124,0.12460063897763578,0.207667731629393,0.0015423598105100806,0.2268370607028754,0.36421725239616615,0.0017680449145444958
271,Boubakary Soumaré,defensive midfield,18.1,0.252193695157621,0.2812656956303365,0.23003887865766315,0.21983279712376397,0.27933336199668934,0.15469613259668508,0.2870297290186793,0.06629834254143646,0.09392265193370165,0.08287292817679556,0.24861878453038672,0.0029551586791725553,0.14917127071823205,0.09944751381215469,0.0031077348066298337
272,Vinicius Souza,defensive midfield,27.0,0.15816993464052287,0.20033670033670037,0.17322359396433473,0.1556849080013727,0.20695345150598068,0.15185185185185188,0.21904761904761907,0.037037037037037035,0.04814814814814815,0.03888888888888888,0.27222222222222225,0.002071563088512241,0.1851851851851852,0.26666666666666666,0.0019753086419753087
273,Stijn Spierings,defensive midfield,34.7,0.30140701813866755,0.3521089861147498,0.3796990073647134,0.20920588035929594,0.3306944460018614,0.24495677233429394,0.3331961026485522,0.046109510086455335,0.0893371757925072,0.06484149855907781,0.21325648414985587,0.0012269238451222643,0.12680115273775214,0.05763688760806917,0.001440922190201729
274,Anton Stach,defensive midfield,23.0,0.15831202046035805,0.1936758893280633,0.26286634460547503,0.11497102482258513,0.20972762645914395,0.375,0.24265010351966876,0.10869565217391304,0.16086956521739132,0.2510869565217391,0.14782608695652175,0.0018306636155606406,0.10869565217391304,0.3130434782608696,0.0030392570704938795
275,Veit Stange,defensive midfield,0.1,0.0,0.0,0.0,0.2494654312188168,0.07490272373540856,0.0,0.14285714285714288,1.0,0.0,0.0,0.5,1.0,0.0,0.0,0.0
276,Angelo Stiller,defensive midfield,7.8,0.2104072398190045,0.21212121212121215,0.24862298195631533,0.1695085622384268,0.23335079317569588,0.38782051282051283,0.28449328449328454,0.038461538461538464,0.051282051282051294,0.15384615384615385,0.2307692307692308,0.008547008547008548,0.17948717948717952,0.20512820512820518,0.007889546351084813
277,Ibrahim Sulemana,defensive midfield,7.2,0.10866013071895424,0.15909090909090912,0.1425925925925926,0.15418349568385203,0.1570876567228707,0.1701388888888889,0.18584656084656087,0.06944444444444445,0.05555555555555556,0.05208333333333333,0.22916666666666666,0.006944444444444445,0.20833333333333337,0.1388888888888889,0.006313131313131313
278,Ivan Šunjić,defensive midfield,11.0,0.1443850267379679,0.19669421487603309,0.15555555555555556,0.14400958983995332,0.20768482490272372,0.12272727272727274,0.20692640692640693,0.0,0.05454545454545454,0.0409090909090909,0.23181818181818184,0.00606060606060606,0.17272727272727273,0.06363636363636364,0.00303030303030303
279,Adrien Tameze,defensive midfield,33.7,0.14574969453656833,0.1718370650121392,0.17432684910429716,0.14064816596906585,0.18425625512360144,0.18100890207715134,0.20178041543026703,0.0771513353115727,0.09495548961424333,0.129080118694362,0.13056379821958455,0.0013188262446422684,0.1632047477744807,0.0801186943620178,0.0013813567993451344
280,Renato Tapia,defensive midfield,16.1,0.2510047497259773,0.2490118577075099,0.24090177133655394,0.2463664817626824,0.2623921502283877,0.18633540372670807,0.29370008873114467,0.06832298136645963,0.07453416149068323,0.03726708074534161,0.20496894409937885,0.003021655195568239,0.22981366459627328,0.16149068322981366,0.003670242800677583
281,Niklas Tauer,defensive midfield,1.0,0.29411764705882354,0.31818181818181823,0.3422222222222222,0.28688524590163933,0.2846303501945525,0.25,0.33333333333333337,0.0,0.1,0.3,0.2,0.033333333333333326,0.4,0.2,0.06666666666666665
282,Aurélien Tchouaméni,defensive midfield,23.5,0.39499374217772215,0.4305609284332689,0.3446493301812451,0.2494654312188168,0.3933189833595496,0.3170212765957447,0.40324214792299906,0.11914893617021277,0.174468085106383,0.07340425531914893,0.24042553191489363,0.0025755879059350508,0.2127659574468085,0.20425531914893616,0.0028368794326241132
283,Ramón Terrats,defensive midfield,11.5,0.22148337595907927,0.1936758893280633,0.25294685990338167,0.14425609718305493,0.23057012349856199,0.37826086956521743,0.27204968944099384,0.14782608695652175,0.21739130434782608,0.23478260869565218,0.13043478260869565,0.004158790170132326,0.0782608695652174,0.052173913043478265,0.004013377926421405
284,Sandro Tonali,defensive midfield,30.1,0.2315810044948212,0.2621564482029598,0.30129198966408266,0.14752440783039664,0.25058818206497147,0.4078073089700997,0.2904603701945895,0.02990033222591362,0.2026578073089701,0.21428571428571427,0.1478405315614618,0.0020386590154032012,0.08637873754152825,0.04983388704318937,0.0015101177891875565
285,Lucas Torró,defensive midfield,27.5,0.20106951871657752,0.18512396694214878,0.20325925925925925,0.16555433162703298,0.23778210116731516,0.21181818181818182,0.25264069264069267,0.04000000000000001,0.04363636363636364,0.046363636363636364,0.16363636363636366,0.001558441558441558,0.23272727272727273,0.31272727272727274,0.002299465240641711
286,Birama Touré,defensive midfield,37.8,0.19234360410831003,0.20370370370370375,0.20823045267489715,0.1696100947704654,0.23540856031128404,0.14153439153439154,0.23973293020912073,0.029100529100529106,0.02645502645502646,0.0496031746031746,0.19444444444444448,0.000967173010183763,0.12962962962962965,0.14814814814814817,0.0012771392081736912
287,Lucas Tousart,defensive midfield,32.7,0.09534088864903759,0.14011676396997497,0.1622154264356099,0.1338874103330347,0.164923428408239,0.2262996941896024,0.1961555264307558,0.07033639143730887,0.1131498470948012,0.1811926605504587,0.18501529051987767,0.0013761467889908258,0.22935779816513763,0.2782874617737003,0.0015042565501281098
288,Lesley Ugochukwu,defensive midfield,14.8,0.22496025437201908,0.1848894348894349,0.19269269269269268,0.14495964246498813,0.2763303186454937,0.13513513513513514,0.2541827541827542,0.0945945945945946,0.07432432432432433,0.055743243243243236,0.19256756756756757,0.004504504504504504,0.1081081081081081,0.1081081081081081,0.004700352526439483
289,Renato Veiga,defensive midfield,7.1,0.1739850869925435,0.06274007682458388,0.11246739697443923,0.3619005551484244,0.18039951772894175,0.16549295774647887,0.2790073775989269,0.14084507042253522,0.15492957746478875,0.06338028169014084,0.11267605633802819,0.010954616588419407,0.4084507042253521,0.16901408450704228,0.0065005417118093175
290,Miguel Veloso,defensive midfield,12.9,0.19562243502051982,0.24171952078928827,0.3714039621016365,0.16244260637504349,0.23399843151449337,0.32558139534883723,0.26688815060908083,0.031007751937984496,0.1317829457364341,0.12790697674418602,0.15116279069767444,0.004770423375074538,0.10852713178294573,0.10852713178294573,0.003875968992248062
291,Mikel Vesga,defensive midfield,28.6,0.2589469354175236,0.42943420216147493,0.39686609686609686,0.14741139117475538,0.2928015564202334,0.3103146853146853,0.2992007992007992,0.03496503496503497,0.09090909090909091,0.08129370629370629,0.1625874125874126,0.0012854792266556972,0.13636363636363635,0.22727272727272727,0.002011263073209976
292,Walace,defensive midfield,35.4,0.24626121635094717,0.2750385208012327,0.27390667503661853,0.22867664528391543,0.2678724526808679,0.18361581920903958,0.28934624697336564,0.03107344632768362,0.13276836158192093,0.07627118644067796,0.18785310734463279,0.0012868801004394226,0.14406779661016952,0.06497175141242938,0.0012494567579313341
293,Julian Weigl,defensive midfield,21.0,0.30028011204481797,0.2,0.22271604938271605,0.2221430268472321,0.3188715953307393,0.10357142857142859,0.3054421768707483,0.04285714285714286,0.03333333333333333,0.024999999999999998,0.14523809523809525,0.002671312427409989,0.1523809523809524,0.08571428571428572,0.002764976958525346
294,Harvey White,defensive midfield,0.1,0.1764705882352941,0.0,0.0,0.0,0.29961089494163423,1.0,0.380952380952381,0.0,0.0,0.75,0.0,0.0,0.0,1.0,1.0
295,Harry Winks,defensive midfield,19.1,0.24391746227286726,0.2665397429795336,0.3493891797556719,0.1789359375758005,0.2690223480758653,0.2238219895287958,0.2784841685365246,0.08900523560209424,0.09947643979057591,0.06675392670157067,0.13350785340314136,0.0017046146353342263,0.1256544502617801,0.031413612565445025,0.0017452006980802788
296,Axel Witsel,defensive midfield,25.1,0.2880243730958519,0.21296631655197393,0.18633613693374648,0.3150619191090236,0.24171795309036223,0.08167330677290836,0.2885600455321571,0.02390438247011952,0.02390438247011952,0.03286852589641434,0.11752988047808764,0.002184809150494795,0.30278884462151395,0.16334661354581673,0.0021213845915041135
297,Granit Xhaka,defensive midfield,33.3,0.2441264794205971,0.2828282828282829,0.33571349126904687,0.1277292973657906,0.20243979387948258,0.493993993993994,0.27041327041327046,0.04504504504504506,0.12612612612612614,0.39414414414414417,0.07357357357357358,0.0011719036109280013,0.13513513513513517,0.11111111111111112,0.0016583747927031512
298,Gerard Yepes,defensive midfield,2.2,0.20588235294117646,0.1446280991735537,0.18148148148148147,0.11339337782673489,0.306420233463035,0.21590909090909088,0.27705627705627706,0.0,0.13636363636363635,0.20454545454545453,0.20454545454545456,0.015151515151515148,0.13636363636363635,0.22727272727272727,0.032467532467532464
299,Warren Zaire-Emery,defensive midfield,10.3,0.32609937178754994,0.22859664607237423,0.17720244516361022,0.14895266038793428,0.30979184768236934,0.46601941747572817,0.3356449375866852,0.15533980582524273,0.22330097087378642,0.39320388349514557,0.1407766990291262,0.002678272514228322,0.1650485436893204,0.02912621359223301,0.002080443828016643
300,Denis Zakaria,defensive midfield,6.0,0.18627450980392157,0.10606060606060608,0.08555555555555555,0.1663102874792112,0.1772697795071336,0.22083333333333335,0.2134920634920635,0.08333333333333334,0.18333333333333335,0.0375,0.16666666666666669,0.0033333333333333335,0.18333333333333335,0.0,0.0
301,Andre-Frank Zambo Anguissa,defensive midfield,33.9,0.34495922262710393,0.3472780906409226,0.3045340325576314,0.15012079046796056,0.33562606889110796,0.5589970501474927,0.37182188509622144,0.09734513274336284,0.17109144542772864,0.3097345132743363,0.1504424778761062,0.0007374631268436579,0.0737463126843658,0.13864306784660768,0.0018735549709001037
302,Martín Zubimendi,defensive midfield,34.5,0.26342710997442453,0.32279314888010546,0.30419753086419754,0.18402594853677934,0.2930976146168161,0.18768115942028984,0.28847481021394067,0.026086956521739132,0.1246376811594203,0.06304347826086956,0.1391304347826087,0.0015458937198067632,0.15942028985507248,0.1681159420289855,0.0018273471959672338
303,Blanco,defensive midfield,1.8,0.0,0.0,0.0,0.0,0.0,0.0,0.0,0.0,0.0,0.0,0.0,0.0,0.0,0.0,0.0
304,Hugo Guillamón,defensive midfield,18.1,0.0,0.0,0.0,0.0,0.0,0.0,0.0,0.0,0.0,0.0,0.0,0.0,0.0,0.0,0.0
