,Player,Position,90s,PSxG,PSxG/SoT,PSxG-GA,LCmp,LAtt,PaAtt,PaThr,PaAvgLen,GKAtt,GKAvgLen,COpp,CStp,SwOPA,SoTA,Saves,Savep,CS,PKsv
0,Álvaro Aceves,goalkeeper,0.1,0.3448275862068966,0.16,0.9310344827586208,0.5,0.5787234042553191,1.0,1.0,1.0,0.6,0.888888888888889,0.3333333333333333,0.0,1.0,1.0,1.0,1.0,0.0,0.0
1,Julen Agirrezabala,goalkeeper,7.5,0.25287356321839083,0.016,0.8206896551724139,0.2466666666666667,0.3896737588652482,0.34095238095238095,0.14666666666666667,0.01582360570687419,0.49600000000000005,0.027358024691358025,0.4266666666666667,0.5866666666666667,0.06666666666666667,0.08444444444444443,0.05777777777777778,0.009122807017333335,0.08,0.0
2,Doğan Alemdar,goalkeeper,4.5,0.4980842911877395,0.025777777777777778,0.7931034482758622,0.25555555555555554,0.43082742316784867,0.346031746031746,0.1037037037037037,0.028534370946822308,0.4666666666666666,0.04230452674897119,0.5555555555555556,0.4444444444444445,0.05555555555555556,0.11851851851851851,0.05185185185185185,0.009722222222222222,0.06666666666666667,0.6666666666666666
3,Alisson,goalkeeper,37.0,0.47623485554520045,0.0035675675675675683,0.855824790307549,0.15675675675675677,0.2213225991949396,0.4849420849420849,0.18918918918918917,0.0028288989378483544,0.31297297297297294,0.003133133133133133,0.35765765765765767,0.24864864864864866,0.12027027027027026,0.1324324324324324,0.09459459459459459,0.0019305019305405407,0.11351351351351352,0.08108108108108109
4,Alphonse Areola,goalkeeper,3.4,0.7403651115618661,0.03882352941176471,0.836713995943205,0.20588235294117652,0.3148936170212766,0.25630252100840334,0.13725490196078433,0.03822384985122454,0.5294117647058824,0.03594771241830066,0.4607843137254902,0.23529411764705885,0.014705882352941178,0.1568627450980392,0.08823529411764705,0.016544117647058824,0.08823529411764706,0.0
5,Kepa Arrizabalaga,goalkeeper,28.5,0.42347247428917123,0.004070175438596491,0.8457350272232306,0.11929824561403508,0.21625979843225082,0.43308270676691724,0.1766081871345029,0.003590688784217353,0.3831578947368421,0.004093567251461989,0.3883040935672515,0.21052631578947367,0.0912280701754386,0.14035087719298245,0.10526315789473684,0.0026315789473684214,0.09473684210526315,0.0
6,Sergio Asenjo,goalkeeper,10.0,0.5793103448275863,0.012400000000000001,0.7841379310344828,0.29,0.46876595744680843,0.37142857142857144,0.15333333333333332,0.013929961089494161,0.5519999999999999,0.018962962962962963,0.5533333333333333,0.2,0.085,0.16999999999999998,0.1,0.005882352941,0.03,0.0
7,Emil Audero,goalkeeper,25.0,0.4455172413793103,0.00336,0.8081379310344828,0.31800000000000006,0.5104340425531915,0.408,0.13866666666666666,0.006085603112840467,0.48,0.006548148148148148,0.4746666666666667,0.384,0.046000000000000006,0.16133333333333333,0.10933333333333332,0.0027107438015999998,0.048,0.24
8,Édgar Badía,goalkeeper,36.0,0.6657088122605365,0.0034444444444444444,0.8520114942528737,0.2652777777777778,0.3391962174940898,0.3063492063492063,0.15370370370370368,0.0036964980544747085,0.4933333333333333,0.004290123456790124,0.5314814814814814,0.23333333333333336,0.02777777777777778,0.18518518518518517,0.1259259259259259,0.001888888888888889,0.03333333333333333,0.25
9,Francesco Bardi,goalkeeper,1.0,0.20689655172413793,0.064,0.8896551724137932,0.25,0.2604255319148936,0.18571428571428572,0.16666666666666666,0.13852140077821012,0.54,0.1237037037037037,0.3333333333333333,0.0,0.0,0.13333333333333333,0.13333333333333333,0.1,0.3,0.0
10,Oliver Baumann,goalkeeper,34.0,0.5111561866125761,0.0036470588235294117,0.8105476673427993,0.30294117647058827,0.44680851063829785,0.4890756302521008,0.16470588235294117,0.0038452735179674985,0.43941176470588234,0.004281045751633987,0.5186274509803921,0.5058823529411764,0.06323529411764706,0.15784313725490196,0.10294117647058824,0.001918158567647059,0.04411764705882353,0.0
11,Gavin Bazunu,goalkeeper,32.0,0.38146551724137934,0.0035000000000000005,0.7739224137931036,0.33125000000000004,0.5687765957446808,0.41741071428571425,0.15,0.004632782101167315,0.44437499999999996,0.005787037037037038,0.475,0.45,0.07500000000000001,0.125,0.06979166666666667,0.0017447916665625002,0.0375,0.09375
12,Asmir Begović,goalkeeper,1.0,0.1724137931034483,0.048,0.8793103448275863,0.2,0.3761702127659574,0.3142857142857143,0.16666666666666666,0.1357976653696498,0.48,0.17333333333333334,0.7666666666666666,0.4,0.0,0.13333333333333333,0.13333333333333333,0.1,0.3,0.0
13,Daniel Bentley,goalkeeper,2.0,0.6724137931034483,0.06,0.8741379310344829,0.25,0.41957446808510634,0.40714285714285714,0.23333333333333334,0.06400778210116731,0.69,0.05962962962962964,0.6166666666666667,1.0,0.025,0.21666666666666667,0.16666666666666666,0.03846153846,0.0,0.0
14,Paul Bernardoni,goalkeeper,27.0,0.6564495530012772,0.0045925925925925926,0.7984674329501916,0.17407407407407408,0.3118676122931442,0.2534391534391534,0.15308641975308643,0.004986309266464909,0.4111111111111111,0.005843621399176955,0.4407407407407407,0.3111111111111111,0.03333333333333333,0.17654320987654323,0.1037037037037037,0.0021756021755555553,0.03333333333333333,0.0
15,Marco Bizot,goalkeeper,37.0,0.5116495806150979,0.0028108108108108112,0.83569431500466,0.2675675675675676,0.3730419781483611,0.3111969111969112,0.14684684684684685,0.0037333052897255232,0.46864864864864864,0.004394394394394394,0.46846846846846846,0.32432432432432434,0.033783783783783786,0.15855855855855858,0.10990990990990991,0.0018734643735135138,0.06486486486486487,0.16216216216216217
16,Rubén Blanco,goalkeeper,5.5,0.24451410658307213,0.014545454545454549,0.8257053291536051,0.1,0.24727272727272723,0.42857142857142855,0.1878787878787879,0.019384506544039618,0.4472727272727272,0.02161616161616162,0.44242424242424244,0.21818181818181817,0.06363636363636364,0.11515151515151516,0.0909090909090909,0.014354066985454546,0.0,0.0
17,Janis Blaswich,goalkeeper,26.0,0.35676392572944293,0.004153846153846154,0.8192307692307693,0.11346153846153846,0.21034369885433712,0.5412087912087912,0.16153846153846152,0.003786291529482191,0.36,0.004273504273504273,0.3692307692307692,0.3076923076923077,0.07500000000000001,0.09615384615384615,0.057692307692307696,0.0023076923076923075,0.08076923076923076,0.11538461538461539
18,Joaquín Blázquez,goalkeeper,1.0,0.06896551724137932,0.024,0.8482758620689657,0.4,0.3761702127659574,0.2571428571428571,0.1,0.17782101167315176,0.6599999999999999,0.09740740740740741,0.36666666666666664,0.8,0.0,0.1,0.1,0.1,0.3,0.0
19,Yassine Bounou,goalkeeper,23.9,0.5381618814023951,0.005690376569037658,0.820227961333141,0.24058577405857742,0.3668476809400872,0.4692169754931262,0.12831241283124128,0.005030688829917132,0.4066945606694561,0.006524097319076399,0.4295676429567643,0.3347280334728034,0.08158995815899583,0.1478382147838215,0.09205020920502092,0.0026051946000000006,0.05020920502092051,0.12552301255230128
20,Claudio Bravo,goalkeeper,12.0,0.3160919540229885,0.008,0.8448275862068967,0.3125,0.5425531914893617,0.34285714285714286,0.11666666666666667,0.01284046692607004,0.5049999999999999,0.016203703703703703,0.5916666666666667,0.13333333333333333,0.025,0.11666666666666667,0.09166666666666666,0.0065476190475,0.09999999999999999,0.0
21,Fabian Bredlow,goalkeeper,15.0,0.4620689655172414,0.006933333333333333,0.8144827586206898,0.18333333333333335,0.2488510638297872,0.479047619047619,0.19111111111111112,0.007159533073929961,0.364,0.008271604938271605,0.4511111111111111,0.32000000000000006,0.05,0.1311111111111111,0.08222222222222222,0.004180790960666666,0.02,0.0
22,Marcin Bułka,goalkeeper,2.0,0.5344827586206897,0.10400000000000001,0.8844827586206898,0.2,0.28936170212765955,0.35,0.18333333333333332,0.054669260700389105,0.54,0.08185185185185186,0.43333333333333335,0.4,0.07500000000000001,0.1,0.06666666666666667,0.033333333335,0.0,0.0
23,Marco Carnesecchi,goalkeeper,27.0,0.5644955300127714,0.004148148148148149,0.8206896551724139,0.29074074074074074,0.5605043341213554,0.39417989417989413,0.16666666666666666,0.0059662775616083005,0.4511111111111111,0.007283950617283951,0.4962962962962963,0.4296296296296297,0.05370370370370371,0.18888888888888888,0.13209876543209875,0.0025901718711111112,0.04444444444444444,0.0
24,Matis Carvalho,goalkeeper,1.5,0.4367816091954023,0.064,0.7517241379310345,0.46666666666666673,0.8295035460992908,0.3619047619047619,0.08888888888888888,0.12814526588845654,0.56,0.15160493827160493,0.8444444444444444,0.5333333333333333,0.0,0.17777777777777776,0.11111111111111112,0.041666666666666664,0.19999999999999998,0.0
25,Koen Casteels,goalkeeper,34.0,0.4452332657200811,0.0031764705882352945,0.824239350912779,0.3779411764705882,0.5004255319148936,0.5571428571428572,0.17941176470588235,0.0038567177843900208,0.4552941176470588,0.0051742919389978215,0.47941176470588237,0.3411764705882353,0.07500000000000001,0.14411764705882352,0.09901960784313726,0.0020208083232352942,0.10588235294117647,0.08823529411764705
26,Michele Cerofolini,goalkeeper,5.0,0.23448275862068965,0.0176,0.8358620689655173,0.24,0.40510638297872337,0.4771428571428571,0.18000000000000002,0.02591439688715953,0.33599999999999997,0.028222222222222225,0.19333333333333333,0.08000000000000002,0.03,0.07333333333333333,0.05333333333333334,0.014545454545999998,0.12,0.0
28,Lucas Chevalier,goalkeeper,32.0,0.3286637931034483,0.0033750000000000004,0.8356681034482759,0.11875000000000001,0.255,0.403125,0.12604166666666666,0.0035749027237354084,0.196875,0.004305555555555556,0.3302083333333333,0.275,0.0390625,0.109375,0.07916666666666666,0.002261904761875,0.09375,0.09375
29,Oliver Christensen,goalkeeper,33.0,0.6050156739811913,0.004,0.7959247648902822,0.3090909090909091,0.5138362346872984,0.4229437229437229,0.16767676767676767,0.004232991392524466,0.42727272727272725,0.006094276094276094,0.4909090909090909,0.4,0.10606060606060606,0.16464646464646465,0.09494949494949495,0.001747536716969697,0.02727272727272727,0.09090909090909091
30,Andrea Consigli,goalkeeper,35.0,0.37931034482758624,0.0035428571428571427,0.784729064039409,0.25142857142857145,0.36046200607902734,0.46530612244897956,0.17809523809523808,0.0037020566981656477,0.48857142857142855,0.0034391534391534392,0.44476190476190475,0.32000000000000006,0.04000000000000001,0.11142857142857143,0.06095238095238095,0.001562881562857143,0.07714285714285714,0.0
31,Alex Cordaz,goalkeeper,0.3,0.574712643678161,0.3466666666666667,1.0000000000000002,0.16666666666666669,0.675177304964539,0.7142857142857143,0.3333333333333333,0.4345006485084306,1.0,0.6419753086419754,0.7777777777777779,0.0,0.0,0.22222222222222224,0.22222222222222224,0.33333333333333337,1.0,0.0
32,Benoît Costil,goalkeeper,19.0,0.617059891107078,0.006947368421052632,0.7894736842105264,0.3473684210526316,0.4447032474804031,0.34135338345864663,0.12631578947368421,0.0075363506041368,0.43263157894736837,0.010077972709551658,0.5,0.06315789473684211,0.028947368421052635,0.16842105263157894,0.09649122807017545,0.003015350877368421,0.03157894736842105,0.0
33,Thibaut Courtois,goalkeeper,31.0,0.3303670745272525,0.002838709677419355,0.8299221357063404,0.1338709677419355,0.1997529169526424,0.4525345622119815,0.2086021505376344,0.0034768419731391995,0.29419354838709677,0.003524492234169654,0.3935483870967742,0.4129032258064516,0.06451612903225806,0.12688172043010754,0.0946236559139785,0.002405686167419355,0.0967741935483871,0.0967741935483871
34,Alessio Cragno,goalkeeper,1.0,0.5862068965517242,0.13999999999999999,0.6931034482758621,0.1,0.11574468085106382,0.35714285714285715,0.13333333333333333,0.08793774319066149,0.36,0.12333333333333332,0.23333333333333334,0.0,0.1,0.16666666666666666,0.06666666666666667,0.04,0.0,0.0
35,Finn Dahmen,goalkeeper,8.0,0.581896551724138,0.0125,0.7952586206896552,0.30000000000000004,0.5027659574468084,0.4035714285714286,0.15833333333333333,0.017801556420233462,0.40499999999999997,0.025231481481481483,0.6583333333333333,0.8500000000000001,0.05,0.18333333333333332,0.10833333333333334,0.00738636363625,0.0,0.75
36,Rémy Descamps,goalkeeper,1.0,0.5172413793103449,0.1,0.8793103448275863,0.25,0.2604255319148936,0.2857142857142857,0.3,0.12918287937743192,0.36,0.17222222222222222,0.36666666666666664,0.4,0.0,0.2,0.16666666666666666,0.08333333333000001,0.0,0.0
37,Michele Di Gregorio,goalkeeper,37.0,0.45386766076421253,0.0030270270270270276,0.8295433364398883,0.22432432432432436,0.37225991949396203,0.48841698841698833,0.2126126126126126,0.003386265643074982,0.4005405405405405,0.0034934934934934933,0.48738738738738735,0.15135135135135136,0.043243243243243246,0.15045045045045044,0.10720720720720721,0.0019258779737837837,0.08108108108108109,0.0
38,Mory Diaw,goalkeeper,37.0,0.5163094128611371,0.0030270270270270276,0.8510717614165891,0.3175675675675676,0.47001725129384697,0.4667953667953668,0.15585585585585585,0.0038910505836575876,0.4135135135135135,0.004044044044044044,0.418018018018018,0.3675675675675676,0.033783783783783786,0.14504504504504506,0.09909909909909909,0.0018465670640540539,0.08108108108108109,0.32432432432432434
39,Stole Dimitrievski,goalkeeper,36.9,0.4130455097654425,0.0032520325203252037,0.8253434258480516,0.20596205962059622,0.421103615291472,0.31591173054587685,0.1797651309846432,0.004070313076671623,0.48617886178861786,0.004687343169727994,0.45167118337850043,0.2601626016260163,0.07046070460704608,0.12556458897922312,0.08491418247515808,0.001832680197289973,0.07317073170731708,0.0
40,Yehvann Diouf,goalkeeper,31.0,0.4115684093437153,0.003483870967741936,0.8509454949944384,0.21935483870967742,0.28749485243651335,0.40276497695852537,0.20537634408602148,0.003991464792268106,0.35806451612903223,0.0040979689366786145,0.46236559139784944,0.5161290322580645,0.05645161290322581,0.14731182795698924,0.11505376344086021,0.0025194254767741935,0.13548387096774192,0.0
41,Ouparine Djoco,goalkeeper,1.0,0.3448275862068966,0.136,0.7241379310344829,0.15000000000000002,0.49191489361702123,0.42857142857142855,0.13333333333333333,0.13073929961089495,0.6,0.1174074074074074,0.4666666666666667,0.4,0.25,0.1,0.03333333333333333,0.033333333330000006,0.0,0.0
42,Marko Dmitrović,goalkeeper,14.1,0.2983614575690878,0.006524822695035463,0.8290535583272195,0.36524822695035464,0.6690206730043761,0.3768996960486322,0.10401891252955082,0.01214228550928609,0.5574468085106382,0.016390858944050436,0.5106382978723405,0.34042553191489366,0.03546099290780142,0.13002364066193853,0.10165484633569741,0.0055448098,0.10638297872340426,0.0
43,Gianluigi Donnarumma,goalkeeper,37.9,0.39395869347648077,0.002744063324538259,0.8393230825220636,0.0712401055408971,0.1129961264245214,0.27440633245382584,0.14687774846086193,0.002453723191277476,0.32770448548812664,0.002355125574122936,0.38346525945470533,0.3482849604221636,0.03562005277044855,0.1407211961301671,0.10554089709762533,0.001978891820580475,0.10290237467018469,0.079155672823219
44,Bartłomiej Drągowski,goalkeeper,32.7,0.48613308024886637,0.003058103975535168,0.8120847832964253,0.23088685015290522,0.4265209187325134,0.4259501965923984,0.1620795107033639,0.00411713609157653,0.35963302752293574,0.0052667346245327895,0.48114169215086644,0.15902140672782875,0.048929663608562685,0.16717635066258918,0.11416921508664626,0.0020884612516819567,0.055045871559633024,0.09174311926605504
45,Martin Dúbravka,goalkeeper,1.7,0.385395537525355,0.049411764705882356,0.9432048681541583,0.17647058823529413,0.1702127659574468,0.3277310924369748,0.27450980392156865,0.04737926298924239,0.5294117647058824,0.07690631808278867,0.5882352941176471,0.23529411764705885,0.0,0.1764705882352941,0.1764705882352941,0.05882352941176471,0.0,0.0
46,Maxime Dupé,goalkeeper,38.0,0.49183303085299457,0.002947368421052632,0.8281306715063522,0.17894736842105263,0.27641657334826425,0.3781954887218045,0.1543859649122807,0.0030206840057341797,0.4168421052631579,0.003625730994152047,0.45350877192982453,0.31578947368421056,0.027631578947368424,0.1570175438596491,0.10701754385964912,0.001793590120526316,0.07105263157894737,0.23684210526315788
47,Ederson,goalkeeper,35.0,0.258128078817734,0.003428571428571429,0.8133990147783252,0.16714285714285715,0.21743465045592703,0.4506122448979592,0.14,0.0031128404669260703,0.26057142857142856,0.003417989417989418,0.27238095238095233,0.21714285714285714,0.047142857142857146,0.07333333333333333,0.04380952380952381,0.001706864564,0.09428571428571428,0.0
48,Łukasz Fabiański,goalkeeper,34.6,0.457444688060594,0.0032369942196531797,0.8242973888778156,0.2861271676300578,0.431533636699053,0.27952105697770435,0.14739884393063585,0.004419603697622635,0.43179190751445085,0.004795546992078783,0.49421965317919075,0.3352601156069364,0.0361271676300578,0.14836223506743737,0.10211946050096339,0.0019893401395953757,0.06936416184971098,0.08670520231213873
49,Ralf Fährmann,goalkeeper,11.4,0.3750756200846945,0.007368421052631579,0.8312159709618876,0.4342105263157895,0.5508025382605449,0.4486215538847117,0.14619883040935672,0.012560584340228002,0.43684210526315786,0.015886939571150095,0.47368421052631576,0.3859649122807018,0.03947368421052632,0.1608187134502924,0.12573099415204678,0.006858054226315789,0.13157894736842105,0.0
50,Wladimiro Falcone,goalkeeper,38.0,0.3920145190562614,0.0025263157894736842,0.8281306715063522,0.25526315789473686,0.5490257558790593,0.3293233082706767,0.12543859649122807,0.004310874462420643,0.44526315789473686,0.005214424951267057,0.4684210526315789,0.24210526315789474,0.05526315789473685,0.1368421052631579,0.09824561403508772,0.0018893387313157896,0.047368421052631574,0.07894736842105263
51,Aitor Fernández,goalkeeper,21.0,0.29064039408867,0.004571428571428572,0.8261083743842366,0.45476190476190476,0.6035258358662614,0.4183673469387755,0.1380952380952381,0.0076153418565869935,0.49714285714285716,0.009559082892416226,0.5063492063492063,0.26666666666666666,0.0880952380952381,0.12222222222222222,0.09365079365079364,0.0036487322200000004,0.11428571428571427,0.0
52,Álvaro Fernández,goalkeeper,11.0,0.4764890282131662,0.011272727272727275,0.8106583072100314,0.4727272727272728,0.5813539651837524,0.32857142857142857,0.11212121212121212,0.015033604527767953,0.5618181818181818,0.01845117845117845,0.4636363636363636,0.18181818181818182,0.06818181818181818,0.15151515151515152,0.1,0.006,0.05454545454545454,0.0
53,Vincenzo Fiorillo,goalkeeper,1.0,0.6551724137931034,0.196,0.8172413793103449,0.35000000000000003,0.4340425531914893,0.2714285714285714,0.1,0.14747081712062257,0.3,0.20814814814814817,0.23333333333333334,0.4,0.0,0.13333333333333333,0.06666666666666667,0.05,0.0,0.0
54,Mark Flekken,goalkeeper,34.0,0.4705882352941177,0.003294117647058824,0.8348884381338744,0.3985294117647059,0.5659574468085106,0.5172268907563025,0.11862745098039215,0.004303044174868391,0.40764705882352936,0.006318082788671024,0.4254901960784314,0.3764705882352941,0.06323529411764706,0.14705882352941177,0.10392156862745099,0.0020784313726470586,0.11470588235294116,0.0
55,Yahia Fofana,goalkeeper,11.0,0.5141065830721003,0.00981818181818182,0.8125391849529782,0.15000000000000002,0.32882011605415856,0.33246753246753247,0.2121212121212121,0.011885390873717722,0.37636363636363634,0.01404040404040404,0.43333333333333335,0.6181818181818182,0.040909090909090916,0.16363636363636364,0.10606060606060605,0.005892255891818182,0.02727272727272727,0.2727272727272727
56,Fraser Forster,goalkeeper,13.5,0.5440613026819924,0.010074074074074076,0.806896551724138,0.13333333333333333,0.2657840819542947,0.28465608465608466,0.17530864197530865,0.008704424268626602,0.41333333333333333,0.010315500685871056,0.4765432098765432,0.14814814814814814,0.05925925925925926,0.1358024691358025,0.07407407407407407,0.0040404040407407416,0.06666666666666667,0.2222222222222222
57,Gauthier Gallon,goalkeeper,29.6,0.6395619757688723,0.003918918918918919,0.799277726001864,0.18074324324324326,0.3822311673375503,0.3412162162162162,0.16216216216216217,0.004364286465453781,0.48851351351351346,0.005555555555555555,0.5585585585585585,0.445945945945946,0.015202702702702704,0.19932432432432431,0.12837837837837837,0.0021759047182432433,0.0,0.0
58,Joan García,goalkeeper,1.0,0.6206896551724138,0.084,0.703448275862069,0.1,0.17361702127659573,0.3857142857142857,0.13333333333333333,0.08443579766536966,0.18,0.1751851851851852,0.5333333333333333,0.8,0.05,0.13333333333333333,0.03333333333333333,0.025,0.0,0.0
59,Paulo Gazzaniga,goalkeeper,28.0,0.5578817733990148,0.004714285714285715,0.8582512315270937,0.26071428571428573,0.4133738601823708,0.4193877551020408,0.16785714285714284,0.004502501389660922,0.5185714285714286,0.0063359788359788356,0.5678571428571428,0.5285714285714286,0.06785714285714287,0.1488095238095238,0.10357142857142858,0.0024857142857142855,0.04285714285714285,0.10714285714285714
60,David de Gea,goalkeeper,38.0,0.37477313974591653,0.002842105263157895,0.8256805807622506,0.1855263157894737,0.34190369540873455,0.3879699248120301,0.11228070175438595,0.0033073929961089494,0.2826315789473684,0.004590643274853801,0.46140350877192987,0.15789473684210528,0.042105263157894736,0.12456140350877193,0.08684210526315789,0.0018346923647368423,0.13421052631578947,0.07894736842105263
61,Rafał Gikiewicz,goalkeeper,23.0,0.6191904047976012,0.004869565217391306,0.8289355322338832,0.40217391304347827,0.5686586493987048,0.568944099378882,0.18405797101449273,0.005582811706986973,0.6104347826086957,0.0078743961352657,0.5260869565217391,0.3652173913043478,0.09782608695652174,0.1971014492753623,0.13478260869565217,0.0029731457800000003,0.06521739130434782,0.2608695652173913
62,David Gil,goalkeeper,4.0,0.5431034482758621,0.023000000000000003,0.8612068965517242,0.42500000000000004,0.6799999999999999,0.33214285714285713,0.125,0.045136186770428015,0.54,0.06027777777777778,0.4666666666666667,0.2,0.05,0.19166666666666665,0.15,0.0195652173925,0.075,0.0
63,Pierluigi Gollini,goalkeeper,7.0,0.23645320197044337,0.02285714285714286,0.8098522167487686,0.2,0.30589665653495435,0.4959183673469388,0.1952380952380952,0.017231795441912175,0.36,0.021825396825396828,0.38095238095238093,0.17142857142857143,0.02857142857142857,0.11428571428571428,0.08571428571428572,0.010714285714285714,0.1714285714285714,0.0
64,Ivo Grbić,goalkeeper,10.2,0.4665314401622719,0.009019607843137257,0.8458417849898581,0.22549019607843138,0.4198581560283688,0.32212885154061627,0.16339869281045752,0.013008316166933702,0.5823529411764706,0.017211328976034862,0.6993464052287581,0.9019607843137255,0.03431372549019608,0.1568627450980392,0.11764705882352942,0.007352941176470589,0.05882352941176471,0.0
65,Dominik Greif,goalkeeper,1.0,0.7586206896551725,0.11200000000000002,0.7448275862068966,0.9500000000000001,0.9838297872340425,0.32857142857142857,0.06666666666666667,0.21361867704280155,0.8999999999999999,0.2388888888888889,0.6333333333333333,0.8,0.0,0.26666666666666666,0.16666666666666666,0.0625,0.0,0.0
66,Lennart Grill,goalkeeper,5.0,0.6206896551724138,0.022400000000000003,0.7862068965517243,0.48,0.6250212765957447,0.5628571428571428,0.18666666666666665,0.0288715953307393,0.204,0.04088888888888889,0.31333333333333335,0.6400000000000001,0.06999999999999999,0.16666666666666666,0.09333333333333332,0.0112,0.12,0.0
67,Vicente Guaita,goalkeeper,27.0,0.41379310344827586,0.0038518518518518524,0.8291187739463602,0.212962962962963,0.34294720252167055,0.335978835978836,0.1728395061728395,0.004654849401931113,0.4577777777777778,0.005130315500685871,0.5061728395061729,0.3851851851851852,0.04814814814814815,0.14320987654320988,0.1037037037037037,0.002681992337037037,0.06666666666666667,0.0
68,Péter Gulácsi,goalkeeper,6.0,0.5804597701149425,0.02466666666666667,0.8465517241379311,0.09166666666666667,0.17843971631205674,0.4261904761904762,0.20555555555555557,0.017120622568093383,0.36,0.018271604938271607,0.33888888888888885,0.2,0.08333333333333334,0.14444444444444443,0.09444444444444444,0.010897435896666667,0.09999999999999999,0.0
69,Samir Handanović,goalkeeper,13.7,0.37754845205134663,0.007883211678832118,0.812484268814498,0.1642335766423358,0.18375524149712688,0.529718456725756,0.17274939172749393,0.007015251782214775,0.310948905109489,0.0068937550689375515,0.36253041362530414,0.05839416058394162,0.03649635036496351,0.12652068126520682,0.08515815085158152,0.004912970241605839,0.08759124087591241,0.0
70,Dean Henderson,goalkeeper,18.0,0.5153256704980843,0.006222222222222223,0.8040229885057473,0.30000000000000004,0.5369267139479905,0.40714285714285714,0.19814814814814816,0.00832252485948984,0.5199999999999999,0.009320987654320987,0.538888888888889,0.4444444444444445,0.07500000000000001,0.1574074074074074,0.0962962962962963,0.003398692810555556,0.09999999999999999,0.3333333333333333
71,Wayne Hennessey,goalkeeper,3.0,0.4482758620689656,0.037333333333333336,0.7896551724137932,0.38333333333333336,0.559432624113475,0.34285714285714286,0.14444444444444443,0.05603112840466926,0.5,0.06728395061728396,0.38888888888888884,0.13333333333333333,0.03333333333333333,0.15555555555555556,0.1,0.02142857143,0.09999999999999999,0.0
72,Sergio Herrera,goalkeeper,17.0,0.4340770791075051,0.006588235294117648,0.8239350912778906,0.44411764705882356,0.5974468085106382,0.3991596638655462,0.11372549019607843,0.009773403524834058,0.4764705882352941,0.010522875816993463,0.4215686274509804,0.3764705882352941,0.05882352941176471,0.1392156862745098,0.09411764705882353,0.003976801988235294,0.052941176470588235,0.1764705882352941
73,Lukáš Hrádecký,goalkeeper,33.0,0.4315569487983281,0.0030303030303030307,0.8159874608150471,0.17727272727272728,0.3270664087685364,0.3891774891774892,0.1494949494949495,0.003773139959910388,0.36727272727272725,0.004343434343434344,0.40808080808080804,0.3272727272727273,0.0393939393939394,0.14343434343434341,0.09797979797979799,0.002069995731818182,0.0818181818181818,0.0
74,Daniel Iversen,goalkeeper,12.0,0.5431034482758621,0.009666666666666667,0.8094827586206897,0.15833333333333333,0.4678014184397163,0.3107142857142857,0.1361111111111111,0.012062256809338522,0.57,0.01425925925925926,0.5638888888888889,0.5333333333333333,0.025,0.1638888888888889,0.10555555555555556,0.005367231638333333,0.024999999999999998,0.0
75,Sam Johnstone,goalkeeper,9.0,0.38314176245210735,0.010666666666666666,0.839080459770115,0.16666666666666669,0.3182978723404255,0.36984126984126986,0.15185185185185185,0.013748378728923476,0.30666666666666664,0.017613168724279836,0.3851851851851852,0.08888888888888889,0.061111111111111116,0.1259259259259259,0.09259259259259259,0.008169934640000001,0.09999999999999999,0.0
76,Filip Jørgensen,goalkeeper,2.0,0.39655172413793105,0.07800000000000001,0.7913793103448277,0.0,0.05787234042553191,0.3142857142857143,0.15,0.0443579766536965,0.32999999999999996,0.032407407407407406,0.3,0.4,0.1,0.1,0.05,0.025,0.0,0.0
77,Bingourou Kamara,goalkeeper,4.5,0.6973180076628352,0.025777777777777778,0.7839080459770116,0.2,0.3665248226950354,0.30158730158730157,0.14074074074074075,0.03060959792477302,0.4666666666666666,0.03283950617283951,0.3851851851851852,0.26666666666666666,0.022222222222222223,0.18518518518518517,0.0962962962962963,0.011555555555555555,0.0,0.6666666666666666
78,Caoimhín Kelleher,goalkeeper,1.0,1.0,0.136,0.713793103448276,0.1,0.05787234042553191,0.3142857142857143,0.23333333333333334,0.09455252918287937,0.12,0.07592592592592592,0.1,0.0,0.0,0.3333333333333333,0.2,0.06,0.0,0.0
79,Gregor Kobel,goalkeeper,27.0,0.43167305236270753,0.004296296296296296,0.8383141762452109,0.1851851851851852,0.2700709219858156,0.4523809523809524,0.15061728395061727,0.004164865254359418,0.42666666666666664,0.005006858710562415,0.36419753086419754,0.22222222222222224,0.06851851851851852,0.1469135802469136,0.10864197530864196,0.0027388733270370374,0.1222222222222222,0.0
80,Tomáš Koubek,goalkeeper,11.0,0.6896551724137931,0.01309090909090909,0.8463949843260189,0.35000000000000003,0.5918762088974854,0.5376623376623376,0.14545454545454545,0.01291121330031836,0.5236363636363636,0.017676767676767676,0.5333333333333333,0.36363636363636365,0.1,0.19696969696969696,0.13636363636363635,0.006293706293636365,0.02727272727272727,0.0
81,Alban Lafont,goalkeeper,37.0,0.51071761416589,0.0028108108108108112,0.8410065237651445,0.2554054054054054,0.4035422656699252,0.3637065637065637,0.18198198198198198,0.0037333052897255232,0.4005405405405405,0.004934934934934935,0.44414414414414416,0.4540540540540541,0.0527027027027027,0.16126126126126125,0.11621621621621621,0.0019477578137837837,0.0891891891891892,0.0
82,Jean-Louis Leca,goalkeeper,1.0,0.5517241379310346,0.16000000000000003,0.8896551724137932,0.45,0.40510638297872337,0.41428571428571426,0.16666666666666666,0.1431906614785992,0.6,0.07555555555555556,0.6666666666666666,0.4,0.0,0.13333333333333333,0.1,0.075,0.0,0.0
83,Benjamin Lecomte,goalkeeper,29.0,0.47443519619500596,0.007586206896551726,0.8450653983353152,0.32413793103448274,0.48093910491562725,0.32857142857142857,0.11149425287356321,0.005434053401314907,0.506896551724138,0.005810983397190293,0.48160919540229885,0.2620689655172414,0.041379310344827586,0.15632183908045977,0.11379310344827585,0.0025101419879310347,0.09310344827586207,0.20689655172413793
84,Jeremías Ledesma,goalkeeper,34.0,0.4776876267748479,0.0025882352941176473,0.8248478701825559,0.3470588235294118,0.6255319148936169,0.346218487394958,0.1323529411764706,0.00513847562371252,0.5029411764705882,0.006982570806100217,0.5833333333333334,0.49411764705882355,0.03823529411764706,0.17549019607843136,0.12745098039215685,0.002136049950588235,0.10588235294117647,0.08823529411764705
85,Bernd Leno,goalkeeper,36.0,0.5555555555555556,0.0030000000000000005,0.8534482758620691,0.17222222222222225,0.31427895981087467,0.4575396825396825,0.17592592592592593,0.00324254215304799,0.4033333333333333,0.003703703703703704,0.42962962962962964,0.3888888888888889,0.06388888888888888,0.17777777777777776,0.13148148148148148,0.002054398148055556,0.06666666666666667,0.08333333333333333
86,Donovan Léon,goalkeeper,2.0,0.3275862068965517,0.026000000000000002,0.8224137931034484,0.47500000000000003,0.8246808510638297,0.39285714285714285,0.13333333333333333,0.09027237354085603,0.72,0.1224074074074074,0.6833333333333333,0.0,0.05,0.18333333333333332,0.15,0.04090909091,0.0,0.0
87,Benjamin Leroy,goalkeeper,31.1,0.5288834682337288,0.0038585209003215433,0.7899988912296264,0.342443729903537,0.48568105630430314,0.30179145613229214,0.082529474812433,0.004816895417068074,0.4090032154340835,0.006204596879838037,0.41693461950696675,0.23151125401929262,0.08681672025723473,0.142550911039657,0.07931404072883172,0.0017890385125401928,0.03858520900321543,0.0
88,Alexandre Letellier,goalkeeper,0.1,0.0,0.0,0.8275862068965518,0.0,0.0,0.42857142857142855,0.0,0.7392996108949417,0.6,0.40740740740740744,0.3333333333333333,0.0,0.0,0.0,0.0,0.0,0.0,0.0
89,Mateusz Lis,goalkeeper,8.3,0.6813460739509762,0.01349397590361446,0.8325716659742419,0.23493975903614459,0.4427582671109971,0.40447504302925985,0.16465863453815258,0.01650180488490929,0.563855421686747,0.016688978134761265,0.6184738955823293,0.5783132530120482,0.0783132530120482,0.2048192771084337,0.1365461847389558,0.008032128514457832,0.036144578313253004,0.36144578313253006
90,Hugo Lloris,goalkeeper,24.5,0.4771287825475018,0.0047346938775510205,0.81027445460943,0.15714285714285714,0.2574728614850195,0.3142857142857143,0.14829931972789115,0.0049868974827285,0.4555102040816327,0.0039002267573696146,0.4380952380952381,0.326530612244898,0.05918367346938776,0.15918367346938778,0.10748299319727891,0.0027559741844897963,0.0857142857142857,0.0
91,Anthony Lopes,goalkeeper,31.3,0.4560978296794095,0.0034504792332268374,0.842128456538504,0.18210862619808307,0.29305961525389157,0.38247375627567315,0.14270500532481364,0.003965639412737286,0.3507987220447284,0.0037628682996095142,0.3812566560170394,0.2428115015974441,0.039936102236421724,0.13951011714589986,0.10010649627263045,0.0022925151817891373,0.0670926517571885,0.0
92,Diego López,goalkeeper,1.1,0.5329153605015673,0.12,0.6112852664576804,0.09090909090909091,0.2104448742746615,0.2727272727272727,0.1515151515151515,0.10718075698620445,0.43636363636363634,0.11885521885521884,0.3636363636363636,0.0,0.09090909090909091,0.1515151515151515,0.0303030303030303,0.01818181818181818,0.0,0.0
93,Pau López,goalkeeper,32.5,0.35862068965517235,0.002953846153846154,0.8301326259946951,0.17230769230769233,0.2884713584288052,0.4136263736263736,0.13538461538461538,0.0037114636336426222,0.3175384615384615,0.004603988603988604,0.37948717948717947,0.2707692307692308,0.05692307692307692,0.12615384615384614,0.0923076923076923,0.0022514071295384615,0.09230769230769231,0.0
94,Andriy Lunin,goalkeeper,7.0,0.22167487684729067,0.014285714285714285,0.8054187192118227,0.1,0.11161094224924012,0.3877551020408163,0.17142857142857143,0.012951639799888828,0.3171428571428571,0.018835978835978838,0.2571428571428571,0.05714285714285714,0.07857142857142857,0.08571428571428572,0.05714285714285714,0.009523809524285713,0.12857142857142856,0.0
95,Andrey Lunyov,goalkeeper,1.0,0.4827586206896552,0.13999999999999999,0.7655172413793104,0.2,0.28936170212765955,0.5857142857142857,0.23333333333333334,0.1178988326848249,0.18,0.05666666666666667,0.2,0.4,0.05,0.13333333333333333,0.06666666666666667,0.05,0.0,0.0
96,Mike Maignan,goalkeeper,22.0,0.3181818181818182,0.005090909090909091,0.8242946708463951,0.17272727272727273,0.25384912959381045,0.47077922077922074,0.1803030303030303,0.005270604881499823,0.2318181818181818,0.005909090909090909,0.33484848484848484,0.2727272727272727,0.07272727272727274,0.09393939393939395,0.0606060606060606,0.0029325513195454546,0.10909090909090909,0.13636363636363635
97,Giorgi Mamardashvili,goalkeeper,38.0,0.38929219600725956,0.002947368421052632,0.8273139745916517,0.23289473684210527,0.397491601343785,0.3169172932330827,0.12456140350877193,0.003594101986483719,0.3773684210526316,0.005282651072124757,0.40087719298245617,0.368421052631579,0.0618421052631579,0.1298245614035088,0.09210526315789473,0.0018669985776315788,0.05526315789473684,0.0
98,Steve Mandanda,goalkeeper,33.5,0.3335048893463716,0.0033432835820895526,0.8349974266598045,0.24328358208955225,0.36278183550333437,0.435820895522388,0.16517412935323383,0.003658749056275045,0.34388059701492535,0.004588170259812051,0.3800995024875622,0.417910447761194,0.07611940298507464,0.10945273631840796,0.07860696517412935,0.002143826322985075,0.10746268656716416,0.08955223880597014
99,Vito Mannone,goalkeeper,17.9,0.4854555962242343,0.006480446927374302,0.8345212868426123,0.15642458100558662,0.2845120646618329,0.3758978451715882,0.18808193668528866,0.006412625263569768,0.3754189944134078,0.007759155803848542,0.6405959031657356,0.26815642458100564,0.025139664804469275,0.1564245810055866,0.111731843575419,0.003990422984916202,0.08379888268156425,0.0
100,Agustín Marchesín,goalkeeper,19.0,0.37568058076225047,0.0050526315789473685,0.7878402903811254,0.2710526315789474,0.40662933930571105,0.37593984962406013,0.13157894736842105,0.0072291624001638325,0.41368421052631577,0.008362573099415205,0.443859649122807,0.29473684210526313,0.06578947368421054,0.12631578947368421,0.0736842105263158,0.0030701754384210526,0.09473684210526315,0.3157894736842105
101,Federico Marchetti,goalkeeper,0.7,0.7389162561576355,0.2742857142857143,0.7536945812807883,0.14285714285714288,0.16534954407294833,0.20408163265306123,0.09523809523809523,0.13507504168982767,0.6857142857142857,0.17142857142857143,0.38095238095238093,0.0,0.07142857142857144,0.14285714285714285,0.047619047619047616,0.04761904761428572,0.0,0.0
102,Diego Mariño,goalkeeper,0.5,0.9655172413793104,0.22400000000000003,0.703448275862069,0.2,0.17361702127659573,0.08571428571428572,0.06666666666666667,0.27782101167315176,0.6,0.3377777777777778,0.8,0.0,0.0,0.3333333333333333,0.2,0.12,0.0,0.0
103,Emiliano Martínez,goalkeeper,34.9,0.36162434542041305,0.0027507163323782237,0.835292955241577,0.28510028653295133,0.4336279948789855,0.4793286942284077,0.12893982808022925,0.003679216884260756,0.36446991404011464,0.004319218932399449,0.46131805157593125,0.6876790830945559,0.10458452722063039,0.12607449856733524,0.09264565425023878,0.0021055830510028654,0.09455587392550144,0.08595988538681949
104,Jordi Masip,goalkeeper,27.9,0.5660610554937585,0.0038709677419354843,0.8453837597330368,0.23835125448028674,0.4034469610310379,0.36968766001024067,0.14456391875746716,0.005006764012663347,0.513978494623656,0.00556219301739015,0.4731182795698925,0.21505376344086025,0.02508960573476703,0.17323775388291518,0.12066905615292713,0.0024966011616487462,0.08602150537634409,0.3225806451612903
105,Luís Maximiano,goalkeeper,0.1,0.0,0.0,0.8275862068965518,1.0,0.8680851063829786,0.0,0.3333333333333333,0.0,0.0,0.0,0.0,0.0,0.0,0.0,0.0,0.0,0.0,0.0
106,Alex McCarthy,goalkeeper,6.0,0.6264367816091955,0.02266666666666667,0.7396551724137932,0.18333333333333335,0.5449645390070921,0.46190476190476193,0.1611111111111111,0.023670557717250323,0.5199999999999999,0.019135802469135803,0.5111111111111111,0.4,0.05833333333333334,0.16666666666666666,0.07777777777777778,0.007777777778333333,0.0,0.0
107,Edouard Mendy,goalkeeper,9.5,0.4319419237749547,0.013894736842105264,0.8047186932849366,0.14210526315789473,0.234535274356103,0.3398496240601504,0.1649122807017544,0.011304525906205202,0.39789473684210525,0.01341130604288499,0.4491228070175438,0.37894736842105264,0.05789473684210527,0.1368421052631579,0.08771929824561404,0.006747638326315789,0.03157894736842105,0.0
108,Alex Meret,goalkeeper,34.0,0.2535496957403651,0.0029411764705882353,0.8306288032454362,0.08235294117647059,0.12340425531914892,0.3079831932773109,0.11862745098039215,0.002986953536278325,0.3494117647058823,0.0029302832244008713,0.3284313725490196,0.12941176470588237,0.057352941176470586,0.08921568627450979,0.06470588235294117,0.002133160956764706,0.1411764705882353,0.08823529411764705
109,Illan Meslier,goalkeeper,34.0,0.5436105476673428,0.0037647058823529417,0.7898580121703855,0.15588235294117647,0.38212765957446804,0.33361344537815124,0.19019607843137254,0.0038567177843900208,0.4270588235294117,0.004738562091503268,0.4235294117647059,0.4,0.09705882352941177,0.15490196078431373,0.09019607843137255,0.001712583767647059,0.04411764705882353,0.0
110,Alexander Meyer,goalkeeper,7.0,0.3891625615763547,0.014285714285714285,0.7669950738916257,0.17142857142857143,0.24802431610942247,0.5673469387755102,0.16666666666666666,0.015175097276264591,0.3771428571428571,0.018518518518518517,0.43333333333333335,0.45714285714285713,0.1285714285714286,0.15238095238095237,0.09523809523809523,0.00892857142857143,0.04285714285714285,0.0
111,Vanja Milinković-Savić,goalkeeper,38.0,0.3248638838475499,0.0024210526315789475,0.8134301270417423,0.375,0.7150279955207166,0.5661654135338345,0.16228070175438597,0.0040651238992422695,0.451578947368421,0.006822612085769981,0.4114035087719298,0.37894736842105264,0.09210526315789475,0.11929824561403508,0.08333333333333333,0.0018382352942105265,0.0868421052631579,0.0
113,Lorenzo Montipò,goalkeeper,37.0,0.462255358807083,0.002918918918918919,0.8096924510717615,0.4864864864864865,0.6060954571592869,0.3494208494208494,0.11171171171171171,0.0046587443474603,0.4605405405405405,0.005215215215215216,0.44684684684684683,0.2810810810810811,0.07432432432432433,0.16306306306306306,0.11171171171171171,0.0018515753321621622,0.04054054054054054,0.08108108108108109
114,Florian Müller,goalkeeper,19.0,0.49364791288566245,0.006315789473684211,0.7905626134301271,0.2578947368421053,0.32286674132138854,0.45037593984962404,0.17192982456140352,0.005979930370673766,0.42,0.007134502923976609,0.45614035087719296,0.12631578947368421,0.07368421052631578,0.1526315789473684,0.09298245614035087,0.0032062915910526318,0.015789473684210523,0.0
115,Juan Musso,goalkeeper,23.1,0.3239289446185998,0.003982683982683983,0.8128078817733991,0.23593073593073594,0.345730864879801,0.3382807668521954,0.2193362193362193,0.0054070443175501534,0.40779220779220776,0.007792207792207792,0.36507936507936506,0.24242424242424243,0.051948051948051945,0.12842712842712842,0.09235209235209235,0.0031129918770562773,0.09090909090909091,0.0
116,Yvon Mvogo,goalkeeper,20.1,0.46491679533367647,0.0053731343283582094,0.8229541945445189,0.21393034825870647,0.32823118450301675,0.33617626154939584,0.14096185737976782,0.006214065857483013,0.43283582089552236,0.006744057490326147,0.6318407960199005,0.417910447761194,0.017412935323383085,0.16252072968490877,0.11608623548922055,0.003553660270149254,0.04477611940298507,0.0
117,Keylor Navas,goalkeeper,17.0,0.5943204868154159,0.007529411764705883,0.8111561866125762,0.31176470588235294,0.5446808510638298,0.3176470588235294,0.12745098039215685,0.009452964065003433,0.5329411764705883,0.01047930283224401,0.5784313725490196,0.32941176470588235,0.02647058823529412,0.1627450980392157,0.1,0.0036144578311764707,0.01764705882352941,0.0
118,Neto,goalkeeper,26.5,0.516590761223162,0.0039245283018867925,0.8342225113858166,0.30188679245283023,0.477173825772782,0.323989218328841,0.1710691823899371,0.005550253285368181,0.5230188679245282,0.006233403214535291,0.6415094339622641,0.5283018867924528,0.04716981132075472,0.17358490566037735,0.12578616352201258,0.0027344818158490567,0.06792452830188679,0.0
119,Manuel Neuer,goalkeeper,12.0,0.42241379310344823,0.009666666666666667,0.8594827586206898,0.1625,0.19049645390070918,0.5178571428571428,0.225,0.008690012970168613,0.345,0.007345679012345679,0.28611111111111115,0.13333333333333333,0.09583333333333334,0.12222222222222222,0.09166666666666666,0.00625,0.09999999999999999,0.0
120,Alexander Nübel,goalkeeper,38.0,0.44918330308529947,0.0025263157894736842,0.8126134301270418,0.2486842105263158,0.33885778275475925,0.32894736842105265,0.1780701754385965,0.003358591030104444,0.42,0.0044444444444444444,0.39824561403508774,0.37894736842105264,0.04342105263157895,0.17105263157894737,0.12280701754385964,0.0018893387313157896,0.07105263157894737,0.0
121,Ørjan Nyland,goalkeeper,2.0,0.3103448275862069,0.072,0.8689655172413794,0.275,0.47744680851063825,0.5928571428571429,0.15,0.06536964980544747,0.44999999999999996,0.06796296296296298,0.4666666666666667,0.0,0.0,0.08333333333333333,0.06666666666666667,0.04,0.15,0.0
122,Jan Oblak,goalkeeper,27.7,0.27262542014191465,0.003898916967509026,0.8346819370098345,0.21660649819494587,0.39069052922651504,0.3022176379577102,0.13838748495788208,0.0050710081613732465,0.4938628158844765,0.0061505548870169815,0.430806257521059,0.36101083032490977,0.03429602888086643,0.09506618531889291,0.07099879663056559,0.0026961568339350177,0.11913357400722022,0.0
123,Guillermo Ochoa,goalkeeper,20.0,0.6,0.006,0.836896551724138,0.3375,0.622127659574468,0.39714285714285713,0.075,0.007957198443579767,0.6,0.008759259259259258,0.5183333333333333,0.22000000000000003,0.025,0.175,0.11833333333333333,0.003380952381,0.06,0.15000000000000002
124,Robin Olsen,goalkeeper,3.1,0.6896551724137931,0.03741935483870967,0.767519466073415,0.24193548387096775,0.5787234042553191,0.4654377880184331,0.1935483870967742,0.04719467804694364,0.5419354838709677,0.05591397849462366,0.48387096774193544,0.6451612903225806,0.04838709677419355,0.2043010752688172,0.11827956989247311,0.018675721561290323,0.0967741935483871,0.0
125,Jonas Omlin,goalkeeper,27.3,0.5330301882026021,0.00835164835164835,0.8283440697233801,0.20146520146520147,0.35825734549138805,0.5065410779696494,0.18437118437118435,0.004304385627342825,0.4065934065934066,0.00560303893637227,0.5238095238095237,0.42490842490842495,0.058608058608058615,0.1575091575091575,0.10500610500610501,0.002442002442124542,0.07692307692307691,0.10989010989010989
126,André Onana,goalkeeper,24.0,0.27729885057471265,0.0034999999999999996,0.8159482758620691,0.21875,0.325531914893617,0.5208333333333334,0.15972222222222224,0.004798962386511025,0.37999999999999995,0.005462962962962963,0.39305555555555555,0.25,0.020833333333333336,0.11527777777777778,0.08472222222222221,0.003062248995833333,0.09999999999999999,0.0
127,Stefan Ortega,goalkeeper,3.0,0.47126436781609193,0.036000000000000004,0.9344827586206897,0.18333333333333335,0.23148936170212764,0.738095238095238,0.17777777777777776,0.030998702983138778,0.24,0.025061728395061728,0.28888888888888886,0.13333333333333333,0.11666666666666668,0.16666666666666666,0.15555555555555556,0.03111111111,0.19999999999999998,0.0
128,Fernando Pacheco,goalkeeper,17.0,0.5720081135902637,0.013411764705882352,0.7862068965517243,0.3823529411764706,0.48340425531914893,0.3722689075630252,0.12549019607843137,0.00874341954680705,0.49764705882352944,0.009259259259259259,0.5058823529411764,0.4,0.061764705882352944,0.18235294117647058,0.11176470588235295,0.0036053130929411766,0.052941176470588235,0.1764705882352941
129,Rui Patrício,goalkeeper,35.0,0.27192118226600986,0.002628571428571429,0.8086699507389163,0.19285714285714287,0.27117325227963524,0.26285714285714284,0.11523809523809524,0.0037354085603112843,0.41142857142857137,0.0036825396825396826,0.38285714285714284,0.18285714285714286,0.03571428571428572,0.10285714285714286,0.06952380952380953,0.0019312169311428572,0.11142857142857143,0.08571428571428572
130,Jiří Pavlenka,goalkeeper,32.3,0.5540728087968401,0.003591331269349846,0.8048468026048896,0.30650154798761614,0.4452407614781635,0.3949579831932773,0.1568627450980392,0.004372914433026949,0.518266253869969,0.004919160646714826,0.4963880288957689,0.27244582043343657,0.05882352941176471,0.1754385964912281,0.11351909184726523,0.0020032780913312696,0.037151702786377715,0.09287925696594429
131,Gianluca Pegolo,goalkeeper,2.0,0.5517241379310346,0.07600000000000001,0.8379310344827587,0.225,0.2604255319148936,0.4357142857142857,0.16666666666666666,0.05778210116731518,0.48,0.05240740740740741,0.4666666666666667,0.4,0.0,0.1,0.05,0.025,0.0,0.0
132,Iñaki Peña,goalkeeper,0.8,0.603448275862069,0.18,0.7500000000000001,0.0625,0.10851063829787233,0.4107142857142857,0.20833333333333334,0.122568093385214,0.3,0.10555555555555556,0.2916666666666667,0.0,0.125,0.16666666666666666,0.08333333333333333,0.0625,0.0,0.0
133,Patrick Pentz,goalkeeper,7.0,0.5862068965517242,0.019428571428571434,0.8113300492610839,0.20714285714285718,0.38857142857142857,0.31020408163265306,0.11904761904761905,0.02017787659811006,0.5057142857142857,0.02047619047619048,0.49047619047619045,0.45714285714285713,0.02857142857142857,0.1380952380952381,0.07619047619047618,0.00788177339857143,0.0,0.0
134,Simone Perilli,goalkeeper,1.0,0.2758620689655173,0.07600000000000001,0.910344827586207,0.30000000000000004,0.8680851063829786,0.3,0.0,0.22295719844357975,0.78,0.25851851851851854,0.6333333333333333,0.4,0.05,0.13333333333333333,0.13333333333333333,0.1,0.3,0.0
135,Mattia Perin,goalkeeper,10.5,0.367816091954023,0.008761904761904762,0.8689655172413794,0.1523809523809524,0.2948733535967578,0.3904761904761904,0.17142857142857143,0.011413748378728925,0.36,0.012663139329805997,0.4888888888888889,0.1523809523809524,0.05238095238095239,0.12698412698412698,0.10158730158730157,0.007619047619047619,0.1714285714285714,0.2857142857142857
136,Samuele Perisan,goalkeeper,7.0,0.3694581280788177,0.017714285714285714,0.8054187192118227,0.1785714285714286,0.31003039513677805,0.3122448979591837,0.1857142857142857,0.018176764869371875,0.6428571428571428,0.018148148148148146,0.638095238095238,0.28571428571428575,0.02857142857142857,0.11428571428571428,0.07142857142857142,0.00892857142857143,0.0857142857142857,0.0
137,Jordan Pickford,goalkeeper,37.0,0.5591798695246972,0.0033513513513513515,0.8359739049394223,0.3648648648648649,0.6264289821736629,0.383011583011583,0.13603603603603603,0.004522031759385844,0.5108108108108108,0.005275275275275276,0.5099099099099099,0.23783783783783785,0.07027027027027027,0.16306306306306306,0.1108108108108108,0.0018366432729729732,0.06486486486486487,0.08108108108108109
138,Nick Pope,goalkeeper,36.2,0.2981520289578967,0.0026519337016574582,0.8284435130501049,0.16574585635359115,0.2941577524391677,0.26953433307024466,0.21362799263351748,0.0035470903110690712,0.34309392265193367,0.005187231430325353,0.3784530386740331,0.3756906077348066,0.10220994475138122,0.10865561694290976,0.07826887661141804,0.0019898866936464087,0.1160220994475138,0.16574585635359115
139,Ivan Provedel,goalkeeper,37.9,0.2856882904194341,0.0026385224274406336,0.834137021199163,0.20844327176781002,0.2847807780834222,0.42254052016585,0.14599824098504838,0.003305853002474257,0.31345646437994723,0.003244405355223298,0.4335971855760774,0.2216358839050132,0.07255936675461742,0.11257695690413369,0.0870712401055409,0.002040732189973615,0.1662269129287599,0.0
140,Ghjuvanni Quilichini,goalkeeper,0.9,0.30651340996168586,0.10666666666666667,0.9195402298850576,0.3333333333333333,0.7716312056737588,0.4126984126984127,0.07407407407407407,0.1893644617380026,0.5333333333333333,0.2510288065843621,0.9259259259259259,0.888888888888889,0.0,0.14814814814814814,0.14814814814814814,0.11111111111111112,0.3333333333333333,0.0
141,Ionuț Radu,goalkeeper,26.0,0.5689655172413793,0.008615384615384617,0.847082228116711,0.2980769230769231,0.5475613747954173,0.40329670329670325,0.12692307692307692,0.005881472612990123,0.44999999999999996,0.007122507122507123,0.48717948717948717,0.3076923076923077,0.04230769230769231,0.1769230769230769,0.12564102564102564,0.0027313266442307695,0.06923076923076923,0.23076923076923078
142,Predrag Rajković,goalkeeper,36.0,0.3754789272030652,0.002777777777777778,0.8252873563218391,0.44861111111111107,0.6317730496453899,0.3567460317460317,0.11574074074074074,0.0049070471249459575,0.515,0.005555555555555556,0.562962962962963,0.35555555555555557,0.026388888888888892,0.12314814814814816,0.08518518518518518,0.0019214703425,0.09999999999999999,0.08333333333333333
143,Diant Ramaj,goalkeeper,1.0,0.3448275862068966,0.08000000000000002,0.8275862068965518,0.05,0.08680851063829786,0.3,0.23333333333333334,0.1132295719844358,0.24,0.08148148148148149,0.5,0.4,0.05,0.16666666666666666,0.13333333333333333,0.08,0.0,0.0
144,Aaron Ramsdale,goalkeeper,38.0,0.3629764065335753,0.002947368421052632,0.8221415607985482,0.14342105263157895,0.3266741321388577,0.3593984962406015,0.1526315789473684,0.0034097890640999383,0.24157894736842103,0.004795321637426901,0.3342105263157895,0.23157894736842108,0.056578947368421055,0.11929824561403508,0.0824561403508772,0.0018188854489473683,0.11052631578947368,0.0
145,Nicola Ravaglia,goalkeeper,9.0,0.685823754789272,0.011555555555555557,0.7689655172413794,0.27222222222222225,0.46619385342789593,0.35873015873015873,0.16666666666666666,0.015391266753134458,0.6599999999999999,0.015473251028806586,0.5740740740740741,0.4444444444444445,0.005555555555555556,0.23703703703703702,0.15185185185185185,0.007118055555555555,0.0,0.0
146,David Raya,goalkeeper,38.0,0.4355716878402904,0.0025263157894736842,0.8411978221415609,0.4565789473684211,0.6716237402015677,0.5139097744360902,0.14035087719298245,0.004044644685644071,0.42473684210526313,0.005048732943469786,0.5245614035087719,0.5473684210526316,0.07105263157894737,0.17280701754385963,0.1350877192982456,0.002057173390263158,0.09473684210526315,0.0
147,Pepe Reina,goalkeeper,22.0,0.45297805642633227,0.005272727272727273,0.8412225705329155,0.14545454545454548,0.2722630560928433,0.4779220779220779,0.16969696969696968,0.005093738945879024,0.3218181818181818,0.006010101010101011,0.4772727272727273,0.2727272727272727,0.045454545454545456,0.1318181818181818,0.09242424242424244,0.003187042842272727,0.06818181818181818,0.0
148,Álex Remiro,goalkeeper,38.0,0.29764065335753176,0.0025263157894736842,0.8270417422867514,0.3210526315789474,0.435565509518477,0.40977443609022557,0.12105263157894737,0.00367601884087651,0.34105263157894733,0.005,0.39736842105263154,0.18947368421052632,0.0618421052631579,0.11666666666666667,0.08684210526315789,0.001958844479736842,0.11842105263157894,0.07894736842105263
149,Manuel Riemann,goalkeeper,34.0,0.6997971602434078,0.0035294117647058825,0.8275862068965518,0.8147058823529412,1.0,0.6256302521008403,0.08137254901960785,0.0051155870908674754,0.46058823529411763,0.005511982570806101,0.5254901960784314,0.3647058823529412,0.17794117647058824,0.19607843137254904,0.12549019607843137,0.0018823529411764706,0.04411764705882353,0.2647058823529412
150,Rémy Riou,goalkeeper,6.7,0.4529078744209985,0.011940298507462687,0.8553782810087495,0.08955223880597016,0.21162273737694504,0.37953091684434964,0.14925373134328357,0.016667634589697427,0.42089552238805966,0.014372581536760642,0.38805970149253727,0.35820895522388063,0.07462686567164178,0.11940298507462686,0.08457711442786069,0.010572139302985076,0.04477611940298507,0.0
151,Joel Robles,goalkeeper,4.0,0.9051724137931035,0.032,0.8146551724137931,0.225,0.5136170212765957,0.3214285714285714,0.16666666666666666,0.039980544747081716,0.48,0.04574074074074074,0.35833333333333334,0.2,0.037500000000000006,0.225,0.13333333333333333,0.014814814815,0.0,0.0
152,Marek Rodák,goalkeeper,2.0,0.3448275862068966,0.10200000000000001,0.8275862068965518,0.4,0.6799999999999999,0.32857142857142857,0.05,0.08949416342412451,0.44999999999999996,0.11111111111111112,0.43333333333333335,0.2,0.05,0.06666666666666667,0.03333333333333333,0.025,0.15,0.0
153,Leonardo Román,goalkeeper,1.0,0.03448275862068966,0.012,0.8379310344827587,0.45,0.607659574468085,0.42857142857142855,0.1,0.1369649805447471,0.72,0.18074074074074073,1.0,0.4,0.1,0.13333333333333333,0.13333333333333333,0.1,0.3,0.0
156,Gerónimo Rulli,goalkeeper,14.0,0.3078817733990148,0.006571428571428572,0.8460591133004927,0.1785714285714286,0.24595744680851062,0.4602040816326531,0.16666666666666666,0.008004446914952753,0.39428571428571424,0.010026455026455026,0.5119047619047619,0.5714285714285715,0.07500000000000001,0.13333333333333333,0.10952380952380952,0.005867346938571429,0.15,0.0
157,Alessandro Russo,goalkeeper,1.0,0.9655172413793104,0.16000000000000003,0.806896551724138,0.0,0.34723404255319146,0.6,0.06666666666666667,0.11945525291828794,0.48,0.06777777777777778,0.4666666666666667,0.0,0.0,0.23333333333333334,0.13333333333333333,0.057142857139999996,0.0,0.0
158,José Sá,goalkeeper,36.0,0.4636015325670498,0.0031111111111111114,0.8114942528735634,0.16666666666666669,0.349645390070922,0.371031746031746,0.1685185185185185,0.003339818417639429,0.43333333333333335,0.004753086419753087,0.5,0.4777777777777778,0.03888888888888889,0.14907407407407408,0.09722222222222221,0.0018115942027777778,0.09166666666666667,0.16666666666666666
159,Brice Samba,goalkeeper,37.0,0.3019571295433364,0.0025945945945945945,0.8426840633737186,0.23513513513513515,0.3401955146635997,0.415057915057915,0.12612612612612611,0.0035019455252918285,0.2594594594594595,0.0032732732732732735,0.34594594594594597,0.3675675675675676,0.05540540540540541,0.11261261261261261,0.08828828828828829,0.0021189189189189193,0.12162162162162163,0.0
160,Robert Sánchez,goalkeeper,23.0,0.36281859070464767,0.004347826086956522,0.814992503748126,0.13043478260869565,0.25790934320074,0.40062111801242234,0.1492753623188406,0.004889189646421925,0.3417391304347826,0.005652173913043478,0.3318840579710145,0.2956521739130435,0.02826086956521739,0.1072463768115942,0.06666666666666667,0.0027027027026086956,0.07826086956521738,0.13043478260869565
161,Mouhamadou Sarr,goalkeeper,2.0,0.5,0.072,0.8224137931034484,0.47500000000000003,0.5497872340425531,0.5071428571428571,0.2,0.06945525291828794,0.36,0.09925925925925927,0.3,0.0,0.025,0.13333333333333333,0.08333333333333333,0.03125,0.15,0.0
162,Kasper Schmeichel,goalkeeper,36.0,0.3438697318007663,0.0025555555555555557,0.8301724137931036,0.23611111111111113,0.3118676122931442,0.3607142857142857,0.11018518518518518,0.003534370946822309,0.4633333333333333,0.0036728395061728395,0.4212962962962963,0.26666666666666666,0.03194444444444444,0.13055555555555554,0.09722222222222221,0.0020685579197222224,0.09166666666666667,0.08333333333333333
163,Marvin Schwäbe,goalkeeper,34.0,0.4290060851926978,0.0035294117647058825,0.8011156186612577,0.22647058823529412,0.34382978723404256,0.5054621848739496,0.11470588235294119,0.0035820553902494853,0.3264705882352941,0.00369281045751634,0.45882352941176474,0.2235294117647059,0.03235294117647059,0.1264705882352941,0.07549019607843137,0.0017555859552941175,0.052941176470588235,0.08823529411764705
164,Alexander Schwolow,goalkeeper,22.6,0.6988098870918523,0.005486725663716815,0.7717424473603907,0.3982300884955752,0.5646394276030878,0.42730720606826794,0.11651917404129793,0.006611342584621741,0.4619469026548672,0.00904621435594887,0.4734513274336283,0.12389380530973451,0.05088495575221239,0.20353982300884954,0.11799410029498524,0.0025650891367256638,0.02654867256637168,0.0
165,Matz Sels,goalkeeper,38.0,0.5127041742286752,0.002842105263157895,0.8207803992740473,0.20921052631578949,0.3464725643896976,0.29135338345864664,0.11403508771929824,0.0037784149088674994,0.3094736842105263,0.0042787524366471735,0.4421052631578947,0.3263157894736842,0.042105263157894736,0.1526315789473684,0.10087719298245613,0.0017392619478947369,0.047368421052631574,0.0
166,Luigi Sepe,goalkeeper,17.0,0.6146044624746451,0.006352941176470589,0.8476673427991888,0.2235294117647059,0.4663829787234042,0.4117647058823529,0.16470588235294117,0.008216983291371023,0.5435294117647058,0.008954248366013074,0.43529411764705883,0.3764705882352941,0.03823529411764706,0.17058823529411762,0.11176470588235295,0.0038539553752941175,0.052941176470588235,0.5294117647058824
167,Rui Silva,goalkeeper,26.0,0.4363395225464191,0.004615384615384615,0.8351458885941646,0.29615384615384616,0.4563011456628478,0.36703296703296706,0.13717948717948716,0.005327746183777312,0.49384615384615377,0.006766381766381766,0.47307692307692306,0.27692307692307694,0.07115384615384616,0.13333333333333333,0.09358974358974358,0.0026997041419230773,0.10384615384615384,0.0
168,Marco Silvestri,goalkeeper,38.0,0.44192377495462803,0.0032631578947368424,0.8349364791288567,0.18947368421052632,0.28936170212765955,0.3278195488721804,0.12456140350877193,0.0032766741757116525,0.4768421052631579,0.0033235867446393765,0.47982456140350876,0.1368421052631579,0.027631578947368424,0.12017543859649123,0.07982456140350877,0.0017479830963157894,0.07894736842105263,0.0
169,Unai Simón,goalkeeper,30.5,0.3583945732052007,0.0036721311475409846,0.819785189372527,0.21967213114754103,0.33300313916986396,0.3569086651053864,0.16830601092896175,0.004235504241883014,0.3659016393442623,0.005998785670916818,0.3879781420765027,0.2360655737704918,0.06557377049180328,0.11366120218579234,0.07650273224043716,0.002206809583934426,0.08852459016393442,0.0
170,Tobias Sippel,goalkeeper,5.7,0.7017543859649122,0.023157894736842106,0.8203266787658803,0.21929824561403508,0.5381112355356475,0.531328320802005,0.13450292397660818,0.022322342822035636,0.5052631578947367,0.03450292397660819,0.5146198830409356,0.14035087719298245,0.03508771929824561,0.1929824561403509,0.12280701754385964,0.011164274322807017,0.05263157894736842,0.0
171,Salvatore Sirigu,goalkeeper,1.0,0.3448275862068966,0.07600000000000001,0.9310344827586208,0.30000000000000004,0.4629787234042553,0.42857142857142855,0.3,0.14669260700389106,0.48,0.15481481481481482,0.4,0.0,0.1,0.16666666666666666,0.16666666666666666,0.1,0.3,0.0
172,Łukasz Skorupski,goalkeeper,37.0,0.44547996272134205,0.002702702702702703,0.8326188257222741,0.1972972972972973,0.2901437607820586,0.36023166023166026,0.18558558558558558,0.0033336838784309604,0.45081081081081076,0.0033033033033033035,0.4432432432432432,0.31351351351351353,0.032432432432432434,0.14504504504504506,0.1018018018018018,0.001896927983783784,0.05675675675675676,0.16216216216216217
173,François-Joseph Sollacaro,goalkeeper,6.0,0.5229885057471264,0.02266666666666667,0.760344827586207,0.15833333333333333,0.41957446808510634,0.24285714285714285,0.06111111111111111,0.02639429312581064,0.4,0.029753086419753088,0.5166666666666666,0.4,0.05,0.13333333333333333,0.06111111111111111,0.007638888888333334,0.049999999999999996,0.0
174,Yann Sommer,goalkeeper,29.0,0.4803804994054697,0.00786206896551724,0.8361474435196196,0.16551724137931034,0.2584299339691856,0.5753694581280788,0.15517241379310343,0.003045753387897491,0.3889655172413793,0.0036398467432950193,0.4298850574712643,0.23448275862068965,0.06896551724137932,0.13218390804597702,0.08850574712643679,0.0023088455772413796,0.08275862068965517,0.0
175,David Soria,goalkeeper,38.0,0.41288566243194197,0.0024210526315789475,0.8343920145190563,0.5381578947368422,0.6883762597984322,0.293984962406015,0.08684210526315789,0.005099324185951259,0.5478947368421052,0.005828460038986355,0.5140350877192982,0.37894736842105264,0.060526315789473685,0.14561403508771928,0.10438596491228071,0.0018864933418421053,0.10263157894736842,0.3157894736842105
176,Marco Sportiello,goalkeeper,14.9,0.4535987040037029,0.007785234899328858,0.8178662346679011,0.174496644295302,0.2874196772811652,0.33173537871524444,0.1901565995525727,0.007520956832841512,0.46711409395973147,0.012353964702957992,0.44742729306487694,0.48322147651006714,0.06040268456375839,0.14317673378076062,0.09619686800894854,0.0045092281879194635,0.040268456375838924,0.0
177,Jason Steele,goalkeeper,15.0,0.4252873563218391,0.0077333333333333325,0.8172413793103449,0.11333333333333334,0.1427517730496454,0.46,0.10666666666666667,0.006277561608300908,0.21999999999999997,0.003432098765432099,0.28,0.26666666666666666,0.06333333333333334,0.12666666666666665,0.08,0.0042105263160000005,0.12,0.2
178,Mile Svilar,goalkeeper,3.0,0.33333333333333337,0.03866666666666667,0.8241379310344829,0.26666666666666666,0.4243971631205673,0.29047619047619044,0.14444444444444443,0.053696498054474705,0.31999999999999995,0.07419753086419754,0.4666666666666667,0.8,0.06666666666666667,0.11111111111111112,0.07777777777777778,0.02333333333333333,0.09999999999999999,0.0
179,Wojciech Szczęsny,goalkeeper,27.5,0.3260188087774295,0.0036363636363636364,0.8275862068965518,0.23272727272727273,0.284100580270793,0.32935064935064934,0.15515151515151515,0.004740007074637425,0.3338181818181818,0.005158249158249158,0.4715151515151515,0.16000000000000003,0.038181818181818185,0.11272727272727273,0.08121212121212122,0.002619745845454545,0.1527272727272727,0.0
180,Ciprian Tătărușanu,goalkeeper,16.0,0.36206896551724144,0.00625,0.8004310344827588,0.29375,0.35265957446808505,0.42232142857142857,0.15625,0.008000972762645914,0.31124999999999997,0.009675925925925926,0.40625,0.225,0.040625,0.12708333333333333,0.08333333333333333,0.004098360655625,0.075,0.0
181,Marc-André ter Stegen,goalkeeper,37.2,0.2196885428253615,0.002258064516129032,0.8517797552836486,0.22580645161290322,0.2605811027224891,0.46658986175115197,0.1657706093189964,0.0030228860717124804,0.3177419354838709,0.0035045798486658705,0.32974910394265233,0.1935483870967742,0.05510752688172043,0.08781362007168458,0.07437275985663082,0.0022767171384408596,0.2096774193548387,0.0
182,Pietro Terracciano,goalkeeper,29.0,0.3935790725326992,0.003862068965517242,0.8172413793103449,0.26724137931034486,0.37417461482024944,0.429064039408867,0.12988505747126436,0.004454582047497652,0.40965517241379307,0.005172413793103448,0.31149425287356325,0.16551724137931034,0.09482758620689656,0.1103448275862069,0.06781609195402298,0.002119252873448276,0.05172413793103448,0.10344827586206896
183,Kevin Trapp,goalkeeper,33.0,0.4420062695924765,0.003878787878787879,0.803448275862069,0.12121212121212122,0.2858542875564152,0.28744588744588745,0.1292929292929293,0.004103289706402546,0.3981818181818182,0.003827160493827161,0.40505050505050505,0.20606060606060606,0.03636363636363637,0.13131313131313133,0.08080808080808081,0.0018648018648484848,0.05454545454545454,0.0
184,Mark Travers,goalkeeper,11.5,0.719640179910045,0.011826086956521742,0.7736131934032985,0.30869565217391304,0.38749306197964845,0.3105590062111801,0.1565217391304348,0.010793435966841482,0.6156521739130434,0.014106280193236715,0.663768115942029,0.17391304347826086,0.021739130434782608,0.19130434782608693,0.10434782608695653,0.004743083004347826,0.05217391304347826,0.0
185,Martin Turk,goalkeeper,4.0,0.6896551724137931,0.026000000000000002,0.8017241379310346,0.4375,0.5642553191489361,0.35357142857142854,0.125,0.034143968871595334,0.645,0.05212962962962963,0.5,0.0,0.025,0.25,0.175,0.0175,0.0,0.0
186,Samir Ujkani,goalkeeper,0.1,0.6896551724137931,1.0,0.0,0.0,0.0,0.2857142857142857,0.3333333333333333,0.7198443579766537,0.6,1.0,0.3333333333333333,0.0,0.0,0.3333333333333333,0.0,0.0,0.0,0.0
187,Sven Ulreich,goalkeeper,3.0,0.27586206896551724,0.024,0.8413793103448277,0.15000000000000002,0.25078014184397157,0.5333333333333333,0.23333333333333334,0.03372243839169909,0.36,0.02888888888888889,0.37777777777777777,0.26666666666666666,0.06666666666666667,0.08888888888888888,0.05555555555555556,0.020833333333333332,0.19999999999999998,1.0
188,Guglielmo Vicario,goalkeeper,30.9,0.45642227429974336,0.0034951456310679616,0.8372949447606295,0.22330097087378642,0.42608276526888383,0.511326860841424,0.162891046386192,0.0042562300882727005,0.33009708737864074,0.005142035239122618,0.6537216828478964,0.44012944983818775,0.03559870550161812,0.14455231930960089,0.10248112189859764,0.002294353475404531,0.06796116504854369,0.09708737864077671
189,Iván Villar,goalkeeper,19.0,0.4029038112522686,0.006526315789473685,0.8177858439201453,0.21315789473684213,0.363986562150056,0.32706766917293234,0.16842105263157894,0.006921974196190866,0.49578947368421056,0.008732943469785575,0.4491228070175438,0.16842105263157894,0.03684210526315789,0.1087719298245614,0.06666666666666667,0.0032258064515789477,0.0631578947368421,0.0
190,Danny Ward,goalkeeper,26.0,0.48408488063660476,0.004461538461538461,0.8057029177718834,0.1807692307692308,0.33721767594108015,0.41208791208791207,0.19743589743589746,0.004549536067045794,0.43846153846153846,0.005,0.4551282051282051,0.3076923076923077,0.08076923076923077,0.15256410256410255,0.09615384615384615,0.0024240465415384617,0.06923076923076923,0.11538461538461539
191,Axel Werner,goalkeeper,2.0,0.41379310344827586,0.062,0.7448275862068966,0.1,0.28936170212765955,0.37857142857142856,0.15,0.0678988326848249,0.48,0.06259259259259259,0.43333333333333335,0.2,0.025,0.13333333333333333,0.06666666666666667,0.025,0.0,0.0
192,Joseph Whitworth,goalkeeper,2.0,0.39655172413793105,0.046000000000000006,0.6879310344827587,0.2,0.3906382978723404,0.4857142857142857,0.13333333333333333,0.05856031128404669,0.44999999999999996,0.06796296296296298,0.4166666666666667,0.2,0.07500000000000001,0.16666666666666666,0.08333333333333333,0.025,0.0,0.0
193,Robin Zentner,goalkeeper,26.0,0.4694960212201592,0.004615384615384615,0.8132625994694961,0.3076923076923077,0.5275286415711947,0.36923076923076925,0.18717948717948715,0.00598623166716552,0.44769230769230767,0.007706552706552707,0.4115384615384616,0.6615384615384615,0.10192307692307692,0.13974358974358975,0.08846153846153845,0.002434721241923077,0.08076923076923076,0.11538461538461539
194,Michael Zetterer,goalkeeper,1.7,0.6490872210953348,0.05647058823529412,0.8397565922920893,0.4705882352941177,0.5617021276595745,0.4117647058823529,0.2549019607843137,0.09521629663538568,0.4235294117647059,0.10958605664488016,0.29411764705882354,0.7058823529411765,0.11764705882352942,0.27450980392156865,0.21568627450980393,0.046218487394117644,0.0,0.0
195,Jeroen Zoet,goalkeeper,3.7,0.26095060577819196,0.015135135135135137,0.79403541472507,0.33783783783783783,0.6100057504312822,0.4247104247104247,0.1171171171171171,0.04101377642233674,0.37297297297297294,0.05845845845845846,0.5585585585585585,0.4324324324324324,0.08108108108108109,0.1171171171171171,0.08108108108108109,0.018711018710810812,0.0,0.0
196,Petar Zovko,goalkeeper,0.8,0.7327586206896552,0.275,0.7887931034482759,0.4375,0.7595744680851063,0.4107142857142857,0.125,0.17071984435797666,0.975,0.23657407407407408,1.0,0.5,0.125,0.125,0.041666666666666664,0.0416666666625,0.0,0.0
