,Rk,Player,Pos,Squad,Age,Born,90s,Cmp,Att,Cmp%,TotDist,PrgDist,Cmp.1,Att.1,Cmp%.1,Cmp.2,Att.2,Cmp%.2,Cmp.3,Att.3,Cmp%.3,Ast,xAG,xA,A-xAG,KP,1/3,PPA,CrsPA,PrgP,Matches
0,1,Che Adams,FW,sct Scotland,27-355,1996,2.3,27.0,31.0,87.1,386.0,44.0,15.0,17.0,88.2,8.0,8.0,100.0,1.0,3.0,33.3,0,0.1,0.2,-0.1,2.0,2.0,0.0,0.0,2.0,Matches
1,2,Michel Aebischer,DF,ch Switzerland,27-178,1997,4.0,181.0,210.0,86.2,2730.0,877.0,107.0,116.0,92.2,60.0,72.0,83.3,9.0,14.0,64.3,2,1.2,0.9,0.8,6.0,15.0,4.0,0.0,22.0,Matches
2,3,Arlind Ajeti,DF,al Albania,30-281,1993,3.0,93.0,112.0,83.0,1654.0,533.0,35.0,37.0,94.6,48.0,53.0,90.6,8.0,17.0,47.1,0,0.0,0.0,0.0,0.0,4.0,0.0,0.0,5.0,Matches
3,4,Manuel Akanji,DF,ch Switzerland,28-349,1995,4.0,199.0,217.0,91.7,3702.0,1350.0,74.0,76.0,97.4,100.0,108.0,92.6,23.0,29.0,79.3,0,0.0,0.0,0.0,1.0,11.0,0.0,0.0,16.0,Matches
4,5,Samet Akaydın,DF,tr Türkiye,30-111,1994,2.8,152.0,170.0,89.4,2703.0,1089.0,61.0,62.0,98.4,80.0,90.0,88.9,9.0,16.0,56.3,0,0.0,0.0,0.0,0.0,16.0,0.0,0.0,13.0,Matches
5,6,Nathan Aké,DF,nl Netherlands,29-135,1995,2.7,115.0,135.0,85.2,1715.0,675.0,60.0,63.0,95.2,48.0,57.0,84.2,4.0,6.0,66.7,1,0.4,0.2,0.6,4.0,9.0,0.0,0.0,9.0,Matches
6,7,Yunus Akgün,FW,tr Türkiye,23-361,2000,0.8,14.0,17.0,82.4,239.0,92.0,5.0,5.0,100.0,9.0,9.0,100.0,0.0,2.0,0.0,0,0.1,0.1,-0.1,2.0,1.0,1.0,0.0,3.0,Matches
7,8,Kerem Aktürkoğlu,FW,tr Türkiye,25-255,1998,0.9,17.0,26.0,65.4,263.0,50.0,9.0,9.0,100.0,7.0,13.0,53.8,1.0,3.0,33.3,0,0.1,0.0,-0.1,2.0,2.0,0.0,0.0,1.0,Matches
8,9,Trent Alexander-Arnold,MF,eng England,25-269,1998,1.4,79.0,96.0,82.3,1556.0,522.0,40.0,44.0,90.9,20.0,23.0,87.0,16.0,23.0,69.6,0,0.1,0.2,-0.1,3.0,8.0,2.0,0.0,10.0,Matches
9,10,Denis Alibec,FW,ro Romania,33-179,1991,0.1,1.0,1.0,100.0,4.0,0.0,0.0,0.0,,0.0,0.0,,0.0,0.0,,0,0.0,0.0,0.0,0.0,0.0,0.0,0.0,0.0,Matches
10,11,Barış Alper Yılmaz,FW,tr Türkiye,24-040,2000,3.0,53.0,71.0,74.6,746.0,217.0,31.0,37.0,83.8,16.0,24.0,66.7,2.0,5.0,40.0,0,0.8,0.9,-0.8,4.0,3.0,2.0,0.0,12.0,Matches
11,12,Sandro Altunashvili,MF,ge Georgia,27-044,1997,0.6,13.0,16.0,81.3,139.0,25.0,11.0,11.0,100.0,1.0,2.0,50.0,0.0,2.0,0.0,0,0.0,0.0,0.0,0.0,1.0,0.0,0.0,1.0,Matches
12,13,Zeki Amdouni,"MF,FW",ch Switzerland,23-211,2000,0.6,9.0,14.0,64.3,116.0,11.0,4.0,5.0,80.0,2.0,5.0,40.0,1.0,1.0,100.0,0,0.0,0.0,0.0,0.0,3.0,0.0,0.0,1.0,Matches
13,14,Joachim Andersen,DF,dk Denmark,28-032,1996,4.0,249.0,300.0,83.0,4231.0,1453.0,124.0,130.0,95.4,98.0,114.0,86.0,24.0,44.0,54.5,0,0.1,0.1,-0.1,2.0,23.0,2.0,1.0,24.0,Matches
14,15,Robert Andrich,MF,de Germany,29-284,1994,2.7,177.0,195.0,90.8,2498.0,673.0,99.0,101.0,98.0,64.0,71.0,90.1,7.0,12.0,58.3,0,0.0,0.2,0.0,1.0,21.0,2.0,1.0,12.0,Matches
15,16,Waldemar Anton,DF,de Germany,27-348,1996,0.0,3.0,3.0,100.0,44.0,41.0,1.0,1.0,100.0,2.0,2.0,100.0,0.0,0.0,,0,0.0,0.0,0.0,0.0,0.0,0.0,0.0,0.0,Matches
16,17,Stuart Armstrong,MF,sct Scotland,32-094,1992,0.2,7.0,10.0,70.0,182.0,73.0,1.0,2.0,50.0,3.0,4.0,75.0,3.0,3.0,100.0,0,0.0,0.1,0.0,0.0,1.0,0.0,0.0,1.0,Matches
17,18,Marko Arnautović,FW,at Austria,35-074,1989,2.1,27.0,37.0,73.0,354.0,42.0,20.0,21.0,95.2,4.0,10.0,40.0,2.0,3.0,66.7,0,0.0,0.1,0.0,0.0,0.0,0.0,0.0,2.0,Matches
18,19,Jasir Asani,FW,al Albania,29-044,1995,2.3,31.0,38.0,81.6,478.0,176.0,14.0,16.0,87.5,15.0,16.0,93.8,1.0,4.0,25.0,1,0.4,0.3,0.6,3.0,3.0,3.0,2.0,4.0,Matches
19,20,Kristjan Asllani,MF,al Albania,22-115,2002,3.0,155.0,189.0,82.0,3066.0,822.0,61.0,65.0,93.8,70.0,74.0,94.6,21.0,42.0,50.0,0,0.6,0.3,-0.6,8.0,10.0,3.0,1.0,10.0,Matches
20,21,Kaan Ayhan,MF,tr Türkiye,29-235,1994,2.0,92.0,105.0,87.6,1446.0,358.0,49.0,50.0,98.0,38.0,46.0,82.6,4.0,5.0,80.0,1,0.3,0.1,0.7,4.0,13.0,2.0,0.0,14.0,Matches
21,22,Alex Baena,"MF,FW",es Spain,22-348,2001,0.3,11.0,12.0,91.7,143.0,64.0,6.0,7.0,85.7,4.0,4.0,100.0,0.0,0.0,,0,0.1,0.0,-0.1,1.0,0.0,2.0,0.0,2.0,Matches
22,23,Alexander Bah,"DF,MF",dk Denmark,26-206,1997,3.1,127.0,164.0,77.4,2004.0,730.0,71.0,80.0,88.8,44.0,59.0,74.6,9.0,16.0,56.3,0,0.1,0.2,-0.1,2.0,9.0,4.0,1.0,20.0,Matches
23,24,Nedim Bajrami,"FW,MF",al Albania,25-125,1999,2.7,61.0,80.0,76.3,942.0,116.0,32.0,37.0,86.5,26.0,31.0,83.9,2.0,8.0,25.0,0,0.0,0.1,0.0,0.0,4.0,1.0,0.0,5.0,Matches
24,25,Johan Bakayoko,"FW,DF",be Belgium,21-073,2003,0.5,18.0,21.0,85.7,265.0,65.0,12.0,14.0,85.7,3.0,4.0,75.0,2.0,2.0,100.0,0,0.1,0.1,-0.1,2.0,0.0,1.0,0.0,1.0,Matches
26,26,Jure Balkovec,DF,si Slovenia,29-297,1994,0.0,0.0,0.0,,0.0,0.0,0.0,0.0,,0.0,0.0,,0.0,0.0,,0,0.0,0.0,0.0,0.0,0.0,0.0,0.0,0.0,Matches
27,27,Iván Balliu,DF,al Albania,32-183,1992,1.0,33.0,43.0,76.7,480.0,190.0,17.0,20.0,85.0,15.0,18.0,83.3,0.0,2.0,0.0,0,0.0,0.0,0.0,0.0,2.0,0.0,0.0,2.0,Matches
28,28,Nicușor Bancu,DF,ro Romania,31-288,1992,3.0,103.0,139.0,74.1,1534.0,687.0,54.0,62.0,87.1,44.0,57.0,77.2,2.0,9.0,22.2,0,0.1,0.1,-0.1,2.0,4.0,2.0,0.0,12.0,Matches
29,29,Antonín Barák,MF,cz Czechia,29-212,1994,0.5,20.0,24.0,83.3,269.0,36.0,13.0,13.0,100.0,7.0,8.0,87.5,0.0,1.0,0.0,0,0.0,0.2,0.0,1.0,0.0,1.0,0.0,2.0,Matches
30,30,Bradley Barcola,FW,fr France,21-304,2002,0.7,19.0,22.0,86.4,237.0,66.0,14.0,17.0,82.4,4.0,4.0,100.0,0.0,0.0,,0,0.4,0.0,-0.4,3.0,2.0,1.0,0.0,4.0,Matches
31,31,Abdülkerim Bardakcı,DF,tr Türkiye,29-299,1994,2.0,105.0,117.0,89.7,1669.0,758.0,58.0,62.0,93.5,42.0,46.0,91.3,3.0,6.0,50.0,0,0.1,0.1,-0.1,1.0,11.0,1.0,0.0,9.0,Matches
32,32,Nicolò Barella,MF,it Italy,27-146,1997,3.7,239.0,261.0,91.6,3795.0,785.0,132.0,141.0,93.6,88.0,92.0,95.7,17.0,22.0,77.3,0,0.3,0.7,-0.3,4.0,25.0,6.0,0.0,21.0,Matches
33,33,Alessandro Bastoni,DF,it Italy,25-080,1999,4.0,306.0,333.0,91.9,5340.0,1760.0,143.0,145.0,98.6,129.0,137.0,94.2,29.0,42.0,69.0,0,0.0,0.1,0.0,1.0,30.0,1.0,0.0,21.0,Matches
34,34,Martin Baturina,FW,hr Croatia,21-137,2003,0.1,2.0,4.0,50.0,24.0,4.0,2.0,3.0,66.7,0.0,0.0,,0.0,1.0,0.0,0,0.0,0.0,0.0,0.0,0.0,0.0,0.0,0.0,Matches
35,35,Christoph Baumgartner,"MF,FW",at Austria,24-336,1999,2.2,57.0,71.0,80.3,829.0,250.0,39.0,42.0,92.9,13.0,19.0,68.4,4.0,6.0,66.7,1,0.5,0.3,0.5,4.0,6.0,5.0,0.0,8.0,Matches
36,36,Altay Bayındır,GK,tr Türkiye,26-079,1998,1.0,29.0,35.0,82.9,684.0,458.0,6.0,6.0,100.0,14.0,15.0,93.3,9.0,14.0,64.3,0,0.0,0.0,0.0,0.0,0.0,0.0,0.0,0.0,Matches
37,37,Jan Bednarek,DF,pl Poland,28-081,1996,3.0,89.0,101.0,88.1,1417.0,609.0,45.0,48.0,93.8,38.0,40.0,95.0,5.0,10.0,50.0,0,0.0,0.0,0.0,0.0,1.0,1.0,0.0,2.0,Matches
38,38,Maximilian Beier,FW,de Germany,21-259,2002,0.3,3.0,7.0,42.9,14.0,0.0,1.0,2.0,50.0,0.0,1.0,0.0,0.0,0.0,,0,0.0,0.0,0.0,0.0,0.0,0.0,0.0,0.0,Matches
39,39,Jude Bellingham,MF,eng England,21-003,2003,4.1,184.0,208.0,88.5,2764.0,641.0,107.0,113.0,94.7,59.0,68.0,86.8,12.0,15.0,80.0,0,0.3,0.5,-0.3,2.0,15.0,3.0,0.0,20.0,Matches
40,40,László Bénes,MF,sk Slovakia,26-297,1997,0.8,41.0,52.0,78.8,574.0,74.0,28.0,29.0,96.6,9.0,13.0,69.2,1.0,5.0,20.0,0,0.7,0.6,-0.7,4.0,1.0,0.0,0.0,0.0,Matches
41,41,Bartosz Bereszyński,DF,pl Poland,31-356,1992,0.1,1.0,2.0,50.0,6.0,0.0,1.0,1.0,100.0,0.0,0.0,,0.0,0.0,,0,0.0,0.0,0.0,0.0,0.0,0.0,0.0,0.0,Matches
42,42,Medon Berisha,MF,al Albania,20-255,2003,0.2,7.0,10.0,70.0,96.0,50.0,6.0,8.0,75.0,1.0,1.0,100.0,0.0,0.0,,0,0.0,0.0,0.0,0.0,1.0,0.0,0.0,1.0,Matches
43,43,Victor Bernth Kristiansen,"DF,MF",dk Denmark,21-199,2002,1.7,72.0,92.0,78.3,979.0,252.0,46.0,51.0,90.2,21.0,28.0,75.0,3.0,8.0,37.5,1,0.3,0.6,0.7,2.0,3.0,0.0,0.0,1.0,Matches
44,44,Matúš Bero,"MF,DF",sk Slovakia,28-300,1995,0.5,17.0,24.0,70.8,216.0,56.0,9.0,12.0,75.0,5.0,6.0,83.3,1.0,3.0,33.3,0,0.0,0.0,0.0,0.0,0.0,0.0,0.0,3.0,Matches
45,45,Jaka Bijol,DF,si Slovenia,25-148,1999,3.0,87.0,99.0,87.9,1977.0,725.0,22.0,23.0,95.7,48.0,51.0,94.1,17.0,24.0,70.8,0,0.0,0.3,0.0,1.0,4.0,1.0,0.0,3.0,Matches
46,46,Veljko Birmančević,DF,rs Serbia,26-119,1998,0.3,10.0,16.0,62.5,174.0,98.0,4.0,5.0,80.0,3.0,5.0,60.0,2.0,4.0,50.0,0,0.0,0.0,0.0,0.0,2.0,1.0,0.0,3.0,Matches
47,47,Bendegúz Bolla,DF,hu Hungary,24-223,1999,2.3,45.0,63.0,71.4,804.0,233.0,15.0,18.0,83.3,28.0,37.0,75.7,1.0,6.0,16.7,0,0.2,0.2,-0.2,2.0,1.0,2.0,1.0,3.0,Matches
48,48,Endre Botka,DF,hu Hungary,29-312,1994,0.9,37.0,45.0,82.2,637.0,205.0,17.0,18.0,94.4,15.0,20.0,75.0,4.0,4.0,100.0,0,0.0,0.0,0.0,0.0,1.0,0.0,0.0,3.0,Matches
49,49,Jarrod Bowen,FW,eng England,27-195,1996,0.4,10.0,14.0,71.4,138.0,41.0,6.0,7.0,85.7,4.0,6.0,66.7,0.0,1.0,0.0,0,0.2,0.4,-0.2,1.0,0.0,1.0,1.0,0.0,Matches
50,50,Róbert Boženík,FW,sk Slovakia,24-227,1999,2.3,25.0,38.0,65.8,317.0,24.0,19.0,22.0,86.4,4.0,9.0,44.4,1.0,2.0,50.0,0,0.0,0.0,0.0,1.0,0.0,0.0,0.0,1.0,Matches
52,51,Volodymyr Brazhko,MF,ua Ukraine,22-161,2002,2.0,71.0,81.0,87.7,1192.0,285.0,27.0,29.0,93.1,42.0,45.0,93.3,2.0,6.0,33.3,0,0.0,0.0,0.0,1.0,2.0,0.0,0.0,3.0,Matches
53,52,David Brekalo,MF,si Slovenia,25-212,1998,0.0,1.0,1.0,100.0,22.0,11.0,0.0,0.0,,1.0,1.0,100.0,0.0,0.0,,0,0.0,0.0,0.0,0.0,0.0,0.0,0.0,0.0,Matches
54,53,Armando Broja,FW,al Albania,22-296,2001,1.2,9.0,15.0,60.0,107.0,19.0,6.0,9.0,66.7,3.0,3.0,100.0,0.0,0.0,,0,0.1,0.0,-0.1,2.0,1.0,1.0,0.0,1.0,Matches
55,54,Marcelo Brozović,MF,hr Croatia,31-229,1992,2.5,170.0,188.0,90.4,3008.0,654.0,70.0,75.0,93.3,89.0,99.0,89.9,10.0,11.0,90.9,0,0.1,0.1,-0.1,2.0,22.0,2.0,2.0,13.0,Matches
56,55,Jacob Bruun Larsen,FW,dk Denmark,25-287,1998,0.1,3.0,6.0,50.0,83.0,11.0,0.0,0.0,,2.0,4.0,50.0,1.0,1.0,100.0,0,0.0,0.0,0.0,0.0,0.0,1.0,0.0,1.0,Matches
57,56,Ante Budimir,FW,hr Croatia,32-346,1991,1.4,8.0,16.0,50.0,93.0,26.0,6.0,11.0,54.5,2.0,4.0,50.0,0.0,0.0,,1,1.2,0.6,-0.2,3.0,0.0,2.0,0.0,2.0,Matches
58,57,Adam Buksa,FW,pl Poland,27-356,1996,1.7,11.0,13.0,84.6,174.0,25.0,8.0,9.0,88.9,2.0,3.0,66.7,1.0,1.0,100.0,0,0.2,0.0,-0.2,2.0,0.0,0.0,0.0,1.0,Matches
59,58,Andrei Burcă,DF,ro Romania,31-078,1993,3.0,86.0,107.0,80.4,1970.0,738.0,20.0,23.0,87.0,54.0,59.0,91.5,12.0,24.0,50.0,0,0.0,0.0,0.0,0.0,4.0,0.0,0.0,2.0,Matches
60,59,Riccardo Calafiori,DF,it Italy,22-044,2002,3.0,215.0,232.0,92.7,3358.0,1068.0,103.0,109.0,94.5,93.0,99.0,93.9,12.0,15.0,80.0,1,0.2,0.3,0.8,4.0,12.0,2.0,1.0,11.0,Matches
61,60,Hakan Çalhanoğlu,MF,tr Türkiye,30-145,1994,2.9,184.0,204.0,90.2,3081.0,736.0,85.0,87.0,97.7,77.0,85.0,90.6,16.0,25.0,64.0,0,0.0,0.3,0.0,2.0,18.0,1.0,0.0,16.0,Matches
62,61,Eduardo Camavinga,MF,fr France,21-235,2002,0.6,18.0,23.0,78.3,292.0,123.0,6.0,9.0,66.7,10.0,11.0,90.9,1.0,1.0,100.0,0,0.1,0.1,-0.1,1.0,2.0,1.0,0.0,4.0,Matches
63,62,Andrea Cambiaso,"FW,DF",it Italy,24-133,2000,0.8,38.0,48.0,79.2,556.0,91.0,24.0,25.0,96.0,13.0,17.0,76.5,1.0,3.0,33.3,0,0.0,0.1,0.0,0.0,0.0,1.0,1.0,1.0,Matches
64,63,Emre Can,MF,de Germany,30-172,1994,0.6,47.0,48.0,97.9,842.0,202.0,23.0,23.0,100.0,15.0,15.0,100.0,8.0,8.0,100.0,0,0.0,0.1,0.0,1.0,4.0,0.0,0.0,4.0,Matches
65,64,João Cancelo,"MF,DF",pt Portugal,30-036,1994,1.7,117.0,131.0,89.3,2012.0,416.0,56.0,58.0,96.6,52.0,59.0,88.1,9.0,11.0,81.8,0,0.2,0.6,-0.2,3.0,8.0,7.0,1.0,22.0,Matches
66,65,Yannick Carrasco,"DF,FW",be Belgium,30-302,1993,1.5,72.0,81.0,88.9,1136.0,378.0,39.0,40.0,97.5,31.0,36.0,86.1,1.0,4.0,25.0,0,0.0,0.3,0.0,0.0,3.0,2.0,0.0,9.0,Matches
67,66,Dani Carvajal,DF,es Spain,32-173,1992,2.9,189.0,207.0,91.3,2915.0,679.0,104.0,105.0,99.0,74.0,82.0,90.2,9.0,13.0,69.2,0,0.4,0.2,-0.4,2.0,15.0,1.0,1.0,15.0,Matches
68,67,Timothy Castagne,DF,be Belgium,28-210,1995,3.0,151.0,179.0,84.4,2393.0,719.0,89.0,94.0,94.7,50.0,64.0,78.1,12.0,17.0,70.6,0,0.0,0.1,0.0,0.0,6.0,1.0,0.0,8.0,Matches
69,68,Koen Casteels,GK,be Belgium,32-007,1992,3.0,84.0,105.0,80.0,1949.0,1018.0,18.0,18.0,100.0,51.0,51.0,100.0,15.0,35.0,42.9,0,0.0,0.0,0.0,0.0,0.0,0.0,0.0,0.0,Matches
70,69,Žan Celar,"MF,FW",si Slovenia,25-110,1999,0.2,7.0,8.0,87.5,66.0,17.0,5.0,5.0,100.0,1.0,2.0,50.0,0.0,0.0,,0,0.0,0.0,0.0,0.0,0.0,0.0,0.0,1.0,Matches
71,70,Zeki Çelik,"DF,MF",tr Türkiye,27-136,1997,1.1,41.0,50.0,82.0,576.0,209.0,25.0,26.0,96.2,15.0,19.0,78.9,1.0,1.0,100.0,0,0.5,0.2,-0.5,2.0,2.0,2.0,1.0,2.0,Matches
72,71,Václav Černý,MF,cz Czechia,26-259,1997,0.6,26.0,33.0,78.8,313.0,125.0,20.0,23.0,87.0,2.0,2.0,100.0,2.0,6.0,33.3,0,0.1,0.8,-0.1,1.0,4.0,2.0,1.0,1.0,Matches
73,72,Giorgi Chakvetadze,"MF,FW",ge Georgia,24-308,1999,2.7,79.0,93.0,84.9,992.0,305.0,55.0,59.0,93.2,15.0,18.0,83.3,4.0,8.0,50.0,0,0.3,0.1,-0.3,4.0,6.0,2.0,0.0,11.0,Matches
74,73,Federico Chiesa,"FW,MF",it Italy,26-251,1997,2.9,69.0,104.0,66.3,958.0,168.0,47.0,52.0,90.4,14.0,26.0,53.8,5.0,11.0,45.5,0,0.3,0.6,-0.3,2.0,1.0,7.0,3.0,5.0,Matches
75,74,Tomáš Chorý,MF,cz Czechia,29-158,1995,0.4,2.0,6.0,33.3,27.0,2.0,1.0,4.0,25.0,1.0,1.0,100.0,0.0,0.0,,0,0.0,0.1,0.0,0.0,0.0,0.0,0.0,0.0,Matches
76,75,Andreas Christensen,DF,dk Denmark,28-083,1996,3.9,218.0,231.0,94.4,3357.0,1163.0,116.0,121.0,95.9,86.0,89.0,96.6,10.0,14.0,71.4,0,0.0,0.0,0.0,0.0,9.0,1.0,0.0,9.0,Matches
78,76,Ryan Christie,"MF,FW",sct Scotland,29-131,1995,1.1,15.0,20.0,75.0,211.0,64.0,9.0,10.0,90.0,3.0,4.0,75.0,1.0,1.0,100.0,0,0.0,0.1,0.0,0.0,0.0,1.0,1.0,0.0,Matches
79,77,Mojmir Chytil,FW,cz Czechia,25-064,1999,1.2,6.0,15.0,40.0,68.0,1.0,4.0,5.0,80.0,1.0,3.0,33.3,0.0,3.0,0.0,0,0.1,0.2,-0.1,1.0,0.0,0.0,0.0,1.0,Matches
80,78,Florinel Coman,MF,ro Romania,26-083,1998,1.3,20.0,28.0,71.4,197.0,46.0,15.0,18.0,83.3,3.0,4.0,75.0,0.0,1.0,0.0,0,0.1,0.0,-0.1,2.0,0.0,0.0,0.0,1.0,Matches
81,79,Kingsley Coman,MF,fr France,28-019,1996,0.2,9.0,10.0,90.0,130.0,9.0,6.0,6.0,100.0,3.0,3.0,100.0,0.0,1.0,0.0,0,0.0,0.0,0.0,0.0,0.0,1.0,0.0,1.0,Matches
82,80,Francisco Conceição,"MF,DF",pt Portugal,21-201,2002,1.0,54.0,70.0,77.1,771.0,112.0,35.0,38.0,92.1,19.0,25.0,76.0,0.0,3.0,0.0,0,0.9,0.5,-0.9,3.0,0.0,4.0,1.0,3.0,Matches
83,81,Diogo Costa,GK,pt Portugal,24-287,1999,3.0,78.0,89.0,87.6,1898.0,1253.0,10.0,10.0,100.0,51.0,51.0,100.0,17.0,28.0,60.7,0,0.0,0.0,0.0,0.0,1.0,0.0,0.0,0.0,Matches
84,82,Vladimír Coufal,"DF,FW",cz Czechia,31-315,1992,3.0,103.0,149.0,69.1,1765.0,840.0,58.0,62.0,93.5,28.0,42.0,66.7,16.0,38.0,42.1,1,0.6,0.6,0.4,8.0,12.0,3.0,3.0,11.0,Matches
85,83,Bryan Cristante,MF,it Italy,29-121,1995,1.5,101.0,114.0,88.6,1553.0,373.0,50.0,53.0,94.3,43.0,49.0,87.8,3.0,5.0,60.0,0,0.2,0.4,-0.2,2.0,8.0,1.0,0.0,5.0,Matches
86,84,Kevin Csoboth,DF,hu Hungary,24-012,2000,0.1,6.0,8.0,75.0,102.0,37.0,3.0,3.0,100.0,2.0,3.0,66.7,1.0,2.0,50.0,0,0.0,0.0,0.0,0.0,2.0,0.0,0.0,2.0,Matches
87,85,Marc Cucurella,DF,es Spain,25-346,1998,2.7,188.0,209.0,90.0,2622.0,696.0,113.0,119.0,95.0,60.0,66.0,90.9,6.0,11.0,54.5,0,0.6,0.4,-0.6,5.0,9.0,2.0,0.0,18.0,Matches
88,86,Mirlind Daku,FW,al Albania,26-183,1998,0.1,4.0,5.0,80.0,62.0,22.0,3.0,3.0,100.0,0.0,0.0,,1.0,1.0,100.0,0,0.1,0.0,-0.1,2.0,1.0,0.0,0.0,1.0,Matches
89,87,Diogo Dalot,"DF,MF",pt Portugal,25-106,1999,1.7,91.0,100.0,91.0,1349.0,290.0,56.0,58.0,96.6,32.0,36.0,88.9,3.0,3.0,100.0,0,0.0,0.1,0.0,2.0,16.0,0.0,0.0,11.0,Matches
90,88,Mikkel Damsgaard,FW,dk Denmark,23-365,2000,0.4,10.0,14.0,71.4,133.0,31.0,5.0,7.0,71.4,4.0,4.0,100.0,0.0,1.0,0.0,0,0.0,0.1,0.0,0.0,0.0,1.0,1.0,0.0,Matches
91,89,Kevin Danso,DF,at Austria,25-287,1998,1.4,65.0,74.0,87.8,1305.0,452.0,21.0,23.0,91.3,35.0,37.0,94.6,9.0,13.0,69.2,0,0.0,0.0,0.0,0.0,11.0,0.0,0.0,10.0,Matches
92,90,Márton Dárdai,DF,hu Hungary,22-141,2002,1.9,66.0,95.0,69.5,1417.0,733.0,18.0,21.0,85.7,37.0,46.0,80.4,10.0,25.0,40.0,0,0.0,0.1,0.0,0.0,4.0,2.0,0.0,5.0,Matches
93,91,Matteo Darmian,DF,it Italy,34-213,1989,1.8,97.0,107.0,90.7,1513.0,403.0,50.0,53.0,94.3,39.0,43.0,90.7,5.0,5.0,100.0,0,0.0,0.0,0.0,0.0,2.0,1.0,0.0,6.0,Matches
94,92,Zuriko Davitashvili,"FW,MF",ge Georgia,23-138,2001,1.3,33.0,37.0,89.2,447.0,64.0,12.0,14.0,85.7,13.0,14.0,92.9,1.0,2.0,50.0,0,0.0,0.0,0.0,0.0,0.0,0.0,0.0,3.0,Matches
95,93,Paweł Dawidowicz,DF,pl Poland,29-043,1995,2.0,74.0,79.0,93.7,1240.0,443.0,29.0,29.0,100.0,43.0,45.0,95.6,0.0,2.0,0.0,0,0.0,0.0,0.0,0.0,2.0,0.0,0.0,0.0,Matches
96,94,Kevin De Bruyne,MF,be Belgium,33-004,1991,3.0,120.0,174.0,69.0,2134.0,697.0,53.0,71.0,74.6,46.0,58.0,79.3,14.0,26.0,53.8,0,1.5,0.7,-1.5,11.0,15.0,6.0,0.0,22.0,Matches
97,95,Zeno Debast,DF,be Belgium,20-252,2003,1.2,97.0,109.0,89.0,1903.0,719.0,27.0,30.0,90.0,59.0,61.0,96.7,10.0,14.0,71.4,0,0.1,0.1,-0.1,1.0,7.0,0.0,0.0,3.0,Matches
98,96,Thomas Delaney,MF,dk Denmark,32-303,1991,0.9,22.0,35.0,62.9,299.0,116.0,16.0,20.0,80.0,5.0,9.0,55.6,1.0,4.0,25.0,0,0.2,0.2,-0.2,1.0,2.0,1.0,0.0,4.0,Matches
99,97,Ousmane Dembélé,"FW,MF",fr France,27-048,1997,2.5,77.0,110.0,70.0,1271.0,247.0,44.0,51.0,86.3,24.0,32.0,75.0,8.0,19.0,42.1,0,0.7,0.5,-0.7,6.0,3.0,4.0,2.0,8.0,Matches
100,98,Merih Demiral,DF,tr Türkiye,26-119,1998,1.3,55.0,63.0,87.3,931.0,306.0,25.0,26.0,96.2,26.0,29.0,89.7,3.0,6.0,50.0,0,0.0,0.0,0.0,1.0,4.0,1.0,0.0,4.0,Matches
101,99,Giovanni Di Lorenzo,"DF,FW",it Italy,30-333,1993,4.0,285.0,323.0,88.2,4136.0,1190.0,162.0,170.0,95.3,108.0,123.0,87.8,7.0,18.0,38.9,0,0.0,0.2,0.0,0.0,20.0,1.0,0.0,23.0,Matches
102,100,Rúben Dias,DF,pt Portugal,27-049,1997,2.0,176.0,191.0,92.1,2958.0,939.0,87.0,88.0,98.9,77.0,84.0,91.7,11.0,16.0,68.8,0,0.1,0.2,-0.1,1.0,14.0,1.0,1.0,8.0,Matches
104,101,Federico Dimarco,"DF,FW",it Italy,26-235,1997,2.5,99.0,125.0,79.2,1437.0,396.0,52.0,56.0,92.9,38.0,46.0,82.6,4.0,9.0,44.4,0,0.3,0.3,-0.3,3.0,3.0,2.0,2.0,5.0,Matches
105,102,Berat Djimsiti,DF,al Albania,31-134,1993,3.0,127.0,144.0,88.2,2147.0,696.0,64.0,67.0,95.5,56.0,62.0,90.3,6.0,10.0,60.0,0,0.0,0.0,0.0,1.0,3.0,0.0,0.0,6.0,Matches
106,103,Jeremy Doku,FW,be Belgium,22-036,2002,2.6,75.0,92.0,81.5,992.0,194.0,53.0,58.0,91.4,20.0,27.0,74.1,1.0,2.0,50.0,0,0.6,1.2,-0.6,7.0,2.0,3.0,0.0,8.0,Matches
107,104,Kasper Dolberg,FW,dk Denmark,26-270,1997,0.4,7.0,10.0,70.0,122.0,11.0,5.0,8.0,62.5,0.0,0.0,,1.0,1.0,100.0,0,0.0,0.0,0.0,0.0,0.0,0.0,0.0,0.0,Matches
108,105,Gianluigi Donnarumma,GK,it Italy,25-128,1999,4.0,87.0,102.0,85.3,1944.0,1212.0,23.0,23.0,100.0,44.0,44.0,100.0,19.0,34.0,55.9,0,0.0,0.0,0.0,0.0,1.0,0.0,0.0,0.0,Matches
109,106,David Doudera,FW,cz Czechia,26-032,1998,1.0,18.0,24.0,75.0,268.0,126.0,10.0,10.0,100.0,7.0,9.0,77.8,0.0,4.0,0.0,0,0.0,0.0,0.0,0.0,2.0,0.0,0.0,2.0,Matches
110,107,Artem Dovbyk,FW,ua Ukraine,27-011,1997,2.7,27.0,34.0,79.4,345.0,32.0,20.0,23.0,87.0,6.0,7.0,85.7,1.0,1.0,100.0,0,0.6,0.3,-0.6,6.0,0.0,2.0,0.0,2.0,Matches
111,108,Denis Drăguș,FW,ro Romania,24-362,1999,2.4,27.0,41.0,65.9,334.0,52.0,18.0,26.0,69.2,6.0,10.0,60.0,1.0,1.0,100.0,0,0.0,0.0,0.0,1.0,0.0,2.0,1.0,3.0,Matches
112,109,Radu Drăgușin,DF,ro Romania,22-150,2002,3.0,70.0,81.0,86.4,1334.0,294.0,26.0,27.0,96.3,34.0,35.0,97.1,10.0,19.0,52.6,0,0.0,0.0,0.0,0.0,1.0,0.0,0.0,2.0,Matches
113,110,Vanja Drkušič,DF,si Slovenia,24-246,1999,3.0,69.0,84.0,82.1,1495.0,525.0,15.0,17.0,88.2,44.0,51.0,86.3,10.0,16.0,62.5,0,0.1,0.1,-0.1,1.0,4.0,1.0,1.0,1.0,Matches
114,111,Kwadwo Duah,FW,ch Switzerland,27-129,1997,1.2,13.0,25.0,52.0,154.0,56.0,9.0,10.0,90.0,3.0,10.0,30.0,0.0,1.0,0.0,0,0.0,0.0,0.0,0.0,0.0,0.0,0.0,1.0,Matches
115,112,Martin Dúbravka,GK,sk Slovakia,35-169,1989,4.3,108.0,162.0,66.7,2735.0,1977.0,28.0,29.0,96.6,57.0,60.0,95.0,23.0,72.0,31.9,0,0.0,0.0,0.0,0.0,2.0,0.0,0.0,0.0,Matches
116,113,Ondrej Duda,MF,sk Slovakia,29-210,1994,3.5,138.0,170.0,81.2,2185.0,357.0,65.0,73.0,89.0,55.0,66.0,83.3,8.0,17.0,47.1,0,0.1,0.2,-0.1,3.0,10.0,0.0,0.0,9.0,Matches
117,114,Denzel Dumfries,"DF,FW",nl Netherlands,28-075,1996,2.0,101.0,125.0,80.8,1614.0,455.0,51.0,57.0,89.5,40.0,47.0,85.1,7.0,14.0,50.0,0,0.1,0.1,-0.1,2.0,9.0,2.0,2.0,13.0,Matches
118,115,Dávid Ďuriš,"FW,MF",sk Slovakia,25-102,1999,0.3,1.0,2.0,50.0,23.0,11.0,0.0,0.0,,1.0,1.0,100.0,0.0,0.0,,0,0.0,0.0,0.0,0.0,0.0,0.0,0.0,1.0,Matches
119,116,Lasha Dvali,DF,ge Georgia,29-049,1995,4.0,115.0,132.0,87.1,1896.0,787.0,53.0,57.0,93.0,51.0,57.0,89.5,7.0,11.0,63.6,0,0.0,0.0,0.0,0.0,6.0,0.0,0.0,8.0,Matches
120,117,Timi Elšnik,MF,si Slovenia,26-064,1998,2.8,72.0,94.0,76.6,1392.0,402.0,27.0,31.0,87.1,35.0,44.0,79.5,10.0,17.0,58.8,1,0.5,0.4,0.5,3.0,14.0,1.0,1.0,7.0,Matches
121,118,Breel Embolo,"FW,MF",ch Switzerland,27-139,1997,2.1,23.0,30.0,76.7,315.0,82.0,12.0,16.0,75.0,8.0,10.0,80.0,1.0,1.0,100.0,0,0.0,0.3,0.0,1.0,1.0,1.0,0.0,4.0,Matches
122,119,Christian Eriksen,"MF,FW",dk Denmark,32-139,1992,3.9,159.0,216.0,73.6,2480.0,763.0,90.0,104.0,86.5,43.0,59.0,72.9,16.0,33.0,48.5,0,0.8,1.1,-0.8,16.0,10.0,2.0,0.0,17.0,Matches
123,120,Eberechi Eze,"MF,FW",eng England,26-003,1998,0.7,12.0,18.0,66.7,217.0,27.0,5.0,9.0,55.6,6.0,7.0,85.7,1.0,2.0,50.0,0,0.0,0.0,0.0,0.0,1.0,0.0,0.0,1.0,Matches
124,121,Wout Faes,DF,be Belgium,26-090,1998,3.0,185.0,214.0,86.4,3299.0,980.0,77.0,85.0,90.6,91.0,97.0,93.8,14.0,24.0,58.3,0,0.0,0.1,0.0,0.0,12.0,2.0,0.0,7.0,Matches
125,122,Nicolò Fagioli,MF,it Italy,23-141,2001,1.1,87.0,104.0,83.7,1406.0,244.0,36.0,40.0,90.0,42.0,49.0,85.7,6.0,11.0,54.5,0,0.0,0.1,0.0,1.0,8.0,1.0,0.0,6.0,Matches
126,123,João Félix,MF,pt Portugal,24-235,1999,1.0,61.0,70.0,87.1,898.0,193.0,39.0,41.0,95.1,18.0,20.0,90.0,3.0,7.0,42.9,0,0.4,0.3,-0.4,4.0,3.0,3.0,1.0,6.0,Matches
127,124,Bruno Fernandes,MF,pt Portugal,29-298,1994,2.0,107.0,137.0,78.1,1933.0,476.0,44.0,55.0,80.0,53.0,61.0,86.9,10.0,18.0,55.6,0,0.6,0.5,-0.6,2.0,11.0,5.0,0.0,17.0,Matches
128,125,Attila Fiola,DF,hu Hungary,34-136,1990,2.0,57.0,73.0,78.1,1074.0,521.0,22.0,28.0,78.6,28.0,33.0,84.8,7.0,12.0,58.3,0,0.0,0.0,0.0,1.0,4.0,0.0,0.0,3.0,Matches
130,126,Phil Foden,FW,eng England,24-035,2000,3.7,188.0,227.0,82.8,2585.0,326.0,120.0,128.0,93.8,51.0,64.0,79.7,7.0,21.0,33.3,0,0.5,0.3,-0.5,5.0,16.0,2.0,0.0,13.0,Matches
131,127,Youssouf Fofana,MF,fr France,25-174,1999,0.1,10.0,13.0,76.9,163.0,29.0,5.0,6.0,83.3,5.0,6.0,83.3,0.0,0.0,,0,0.0,0.0,0.0,0.0,0.0,0.0,0.0,1.0,Matches
132,128,Michael Folorunsho,FW,it Italy,26-146,1998,0.0,0.0,2.0,0.0,0.0,0.0,0.0,0.0,,0.0,2.0,0.0,0.0,0.0,,0,0.0,0.0,0.0,0.0,0.0,0.0,0.0,0.0,Matches
133,129,Przemysław Frankowski,DF,pl Poland,29-081,1995,3.0,92.0,125.0,73.6,1415.0,695.0,60.0,65.0,92.3,25.0,34.0,73.5,7.0,17.0,41.2,0,0.4,0.3,-0.4,4.0,6.0,2.0,2.0,11.0,Matches
134,130,Davide Frattesi,MF,it Italy,24-254,1999,2.1,44.0,60.0,73.3,519.0,107.0,29.0,34.0,85.3,9.0,11.0,81.8,1.0,2.0,50.0,0,0.0,0.0,0.0,0.0,2.0,1.0,1.0,4.0,Matches
135,131,Remo Freuler,MF,ch Switzerland,32-078,1992,3.8,149.0,173.0,86.1,1990.0,560.0,96.0,106.0,90.6,47.0,55.0,85.5,2.0,2.0,100.0,2,0.5,0.8,1.5,2.0,19.0,1.0,0.0,14.0,Matches
136,132,Jeremie Frimpong,FW,nl Netherlands,23-205,2000,0.9,20.0,24.0,83.3,294.0,18.0,11.0,12.0,91.7,9.0,10.0,90.0,0.0,1.0,0.0,0,0.0,0.0,0.0,0.0,0.0,1.0,0.0,1.0,Matches
137,133,Chris Führich,FW,de Germany,26-175,1998,0.2,13.0,14.0,92.9,200.0,48.0,7.0,8.0,87.5,6.0,6.0,100.0,0.0,0.0,,0,0.0,0.1,0.0,0.0,1.0,1.0,0.0,2.0,Matches
138,134,Niclas Füllkrug,FW,de Germany,31-144,1993,1.1,15.0,19.0,78.9,158.0,26.0,11.0,12.0,91.7,3.0,5.0,60.0,0.0,0.0,,0,0.1,0.1,-0.1,3.0,1.0,0.0,0.0,2.0,Matches
139,135,Mijat Gaćinović,DF,rs Serbia,29-145,1995,0.5,16.0,24.0,66.7,346.0,41.0,5.0,6.0,83.3,6.0,10.0,60.0,5.0,8.0,62.5,0,0.0,0.0,0.0,0.0,1.0,0.0,0.0,0.0,Matches
140,136,Cody Gakpo,FW,nl Netherlands,25-056,1999,2.9,51.0,71.0,71.8,764.0,271.0,25.0,32.0,78.1,20.0,26.0,76.9,3.0,6.0,50.0,0,1.1,0.8,-1.1,8.0,3.0,6.0,2.0,7.0,Matches
141,137,Conor Gallagher,MF,eng England,24-147,2000,1.3,45.0,51.0,88.2,559.0,85.0,34.0,38.0,89.5,10.0,11.0,90.9,0.0,0.0,,0,0.0,0.0,0.0,0.0,3.0,0.0,0.0,1.0,Matches
142,138,Dániel Gazdag,MF,hu Hungary,28-122,1996,0.0,3.0,3.0,100.0,31.0,8.0,3.0,3.0,100.0,0.0,0.0,,0.0,0.0,,0,0.0,0.2,0.0,0.0,0.0,0.0,0.0,0.0,Matches
143,139,Lutsharel Geertruida,DF,nl Netherlands,23-350,2000,1.2,74.0,81.0,91.4,1229.0,354.0,36.0,38.0,94.7,34.0,37.0,91.9,2.0,3.0,66.7,0,0.1,0.1,-0.1,1.0,3.0,1.0,1.0,5.0,Matches
144,140,Billy Gilmour,MF,sct Scotland,23-021,2001,2.0,95.0,113.0,84.1,1403.0,288.0,51.0,57.0,89.5,35.0,40.0,87.5,4.0,6.0,66.7,0,0.0,0.0,0.0,0.0,5.0,0.0,0.0,7.0,Matches
145,141,Olivier Giroud,FW,fr France,37-276,1986,0.5,8.0,13.0,61.5,69.0,8.0,7.0,10.0,70.0,0.0,1.0,0.0,0.0,0.0,,0,0.0,0.1,0.0,2.0,0.0,0.0,0.0,0.0,Matches
146,142,Klaus Gjasula,MF,al Albania,34-201,1989,0.2,7.0,11.0,63.6,98.0,53.0,4.0,6.0,66.7,3.0,4.0,75.0,0.0,0.0,,0,0.0,0.0,0.0,0.0,0.0,1.0,0.0,3.0,Matches
147,143,Adam Gnezda Čerin,MF,si Slovenia,24-352,1999,3.0,103.0,131.0,78.6,1810.0,456.0,42.0,47.0,89.4,50.0,61.0,82.0,10.0,20.0,50.0,0,0.0,0.1,0.0,1.0,6.0,0.0,0.0,8.0,Matches
148,144,Anthony Gordon,FW,eng England,23-129,2001,0.0,3.0,3.0,100.0,47.0,19.0,1.0,1.0,100.0,2.0,2.0,100.0,0.0,0.0,,0,0.0,0.0,0.0,1.0,1.0,0.0,0.0,1.0,Matches
149,145,Jon Gorenc Stanković,MF,si Slovenia,28-170,1996,0.5,7.0,10.0,70.0,123.0,35.0,4.0,4.0,100.0,2.0,3.0,66.7,1.0,3.0,33.3,0,0.0,0.0,0.0,0.0,2.0,1.0,0.0,2.0,Matches
150,146,Michael Gregoritsch,FW,at Austria,30-075,1994,0.9,19.0,23.0,82.6,250.0,73.0,13.0,17.0,76.5,4.0,4.0,100.0,2.0,2.0,100.0,0,0.0,0.1,0.0,0.0,3.0,1.0,1.0,3.0,Matches
151,147,Antoine Griezmann,"MF,FW",fr France,33-103,1991,2.3,66.0,91.0,72.5,1002.0,263.0,35.0,40.0,87.5,22.0,32.0,68.8,4.0,12.0,33.3,0,0.3,0.4,-0.3,5.0,8.0,2.0,0.0,12.0,Matches
152,148,Florian Grillitsch,MF,at Austria,28-330,1995,1.9,101.0,123.0,82.1,1773.0,376.0,46.0,52.0,88.5,45.0,50.0,90.0,9.0,15.0,60.0,1,0.1,0.1,0.9,1.0,14.0,1.0,0.0,13.0,Matches
153,149,Álex Grimaldo,DF,es Spain,28-286,1995,1.3,88.0,102.0,86.3,1205.0,312.0,57.0,59.0,96.6,23.0,29.0,79.3,5.0,11.0,45.5,0,0.6,0.5,-0.6,7.0,3.0,7.0,5.0,6.0,Matches
154,150,Pascal Groß,MF,de Germany,33-017,1991,0.5,65.0,69.0,94.2,1012.0,231.0,35.0,35.0,100.0,27.0,28.0,96.4,2.0,4.0,50.0,0,0.0,0.1,0.0,0.0,8.0,1.0,0.0,5.0,Matches
156,151,Kamil Grosicki,MF,pl Poland,36-024,1988,0.2,1.0,5.0,20.0,24.0,0.0,0.0,2.0,0.0,1.0,2.0,50.0,0.0,1.0,0.0,0,0.0,0.0,0.0,0.0,0.0,0.0,0.0,0.0,Matches
157,152,Nemanja Gudelj,MF,rs Serbia,32-229,1991,1.0,61.0,64.0,95.3,990.0,275.0,28.0,30.0,93.3,25.0,25.0,100.0,6.0,7.0,85.7,0,0.0,0.0,0.0,0.0,2.0,0.0,0.0,7.0,Matches
158,153,Marc Guéhi,DF,eng England,23-355,2000,4.3,312.0,336.0,92.9,5591.0,1626.0,111.0,117.0,94.9,184.0,192.0,95.8,14.0,22.0,63.6,1,0.1,0.4,0.9,1.0,15.0,0.0,0.0,16.0,Matches
159,154,Péter Gulácsi,GK,hu Hungary,34-057,1990,3.0,74.0,97.0,76.3,1948.0,1186.0,14.0,14.0,100.0,40.0,42.0,95.2,20.0,41.0,48.8,0,0.0,0.0,0.0,0.0,1.0,0.0,0.0,0.0,Matches
160,155,Arda Güler,FW,tr Türkiye,19-128,2005,1.9,92.0,108.0,85.2,1436.0,245.0,52.0,54.0,96.3,30.0,37.0,81.1,7.0,14.0,50.0,0,0.6,0.4,-0.6,4.0,5.0,2.0,0.0,10.0,Matches
161,156,İlkay Gündoğan,MF,de Germany,33-252,1990,3.6,122.0,143.0,85.3,1774.0,360.0,67.0,75.0,89.3,41.0,47.0,87.2,8.0,10.0,80.0,1,0.2,0.8,0.8,2.0,7.0,1.0,0.0,14.0,Matches
162,157,Angus Gunn,GK,sct Scotland,28-162,1996,3.0,72.0,117.0,61.5,2396.0,2074.0,20.0,20.0,100.0,21.0,21.0,100.0,31.0,76.0,40.8,0,0.0,0.0,0.0,0.0,3.0,0.0,0.0,0.0,Matches
163,158,Mert Günok,GK,tr Türkiye,35-123,1989,2.0,43.0,63.0,68.3,1368.0,1008.0,5.0,5.0,100.0,21.0,21.0,100.0,17.0,37.0,45.9,0,0.0,0.0,0.0,0.0,2.0,0.0,0.0,0.0,Matches
164,159,Joško Gvardiol,DF,hr Croatia,22-161,2002,3.0,144.0,158.0,91.1,2267.0,468.0,78.0,82.0,95.1,53.0,57.0,93.0,11.0,15.0,73.3,0,0.0,0.2,0.0,0.0,17.0,3.0,0.0,15.0,Matches
165,160,Giorgi Gwelesiani,DF,ge Georgia,33-058,1991,1.8,,,,,,,,,,,,,,,0,,,,,,,,,Matches
166,161,Norbert Gyömbér,DF,sk Slovakia,31-365,1992,0.4,35.0,36.0,97.2,639.0,273.0,13.0,13.0,100.0,20.0,20.0,100.0,1.0,2.0,50.0,0,0.1,0.2,-0.1,1.0,7.0,1.0,1.0,4.0,Matches
167,162,Ianis Hagi,MF,ro Romania,25-254,1998,1.3,32.0,48.0,66.7,365.0,55.0,27.0,29.0,93.1,5.0,9.0,55.6,0.0,8.0,0.0,0,0.0,0.0,0.0,1.0,2.0,0.0,0.0,2.0,Matches
168,163,Dávid Hancko,DF,sk Slovakia,26-202,1997,4.1,134.0,188.0,71.3,1982.0,891.0,67.0,78.0,85.9,54.0,75.0,72.0,5.0,17.0,29.4,0,0.0,0.1,0.0,1.0,11.0,3.0,1.0,20.0,Matches
169,164,Grant Hanley,DF,sct Scotland,32-225,1991,2.5,112.0,136.0,82.4,1785.0,659.0,52.0,57.0,91.2,52.0,63.0,82.5,5.0,12.0,41.7,0,0.1,0.1,-0.1,1.0,2.0,0.0,0.0,4.0,Matches
170,165,Lukáš Haraslín,FW,sk Slovakia,28-037,1996,2.9,50.0,71.0,70.4,654.0,226.0,31.0,33.0,93.9,13.0,21.0,61.9,3.0,9.0,33.3,1,0.6,0.7,0.4,7.0,0.0,2.0,1.0,2.0,Matches
171,166,Kai Havertz,"FW,MF",de Germany,25-021,1999,3.3,78.0,93.0,83.9,920.0,150.0,49.0,55.0,89.1,22.0,25.0,88.0,0.0,0.0,,1,0.3,0.2,0.7,2.0,0.0,2.0,0.0,6.0,Matches
172,167,Jack Hendry,DF,sct Scotland,29-056,1995,2.9,105.0,131.0,80.2,1968.0,738.0,39.0,45.0,86.7,55.0,66.0,83.3,10.0,16.0,62.5,0,0.0,0.0,0.0,0.0,9.0,0.0,0.0,6.0,Matches
173,168,Benjamin Henrichs,DF,de Germany,27-130,1997,0.1,4.0,5.0,80.0,93.0,83.0,1.0,2.0,50.0,2.0,2.0,100.0,1.0,1.0,100.0,0,0.0,0.0,0.0,0.0,0.0,0.0,0.0,2.0,Matches
174,169,Theo Hernández,DF,fr France,26-270,1997,3.0,186.0,208.0,89.4,2438.0,786.0,120.0,126.0,95.2,59.0,65.0,90.8,2.0,6.0,33.3,0,0.8,0.7,-0.8,3.0,13.0,1.0,0.0,21.0,Matches
175,170,Morten Hjulmand,MF,dk Denmark,25-007,1999,2.7,192.0,217.0,88.5,2595.0,552.0,125.0,137.0,91.2,51.0,55.0,92.7,6.0,9.0,66.7,0,0.1,0.2,-0.1,4.0,11.0,0.0,0.0,18.0,Matches
176,171,Adam Hložek,MF,cz Czechia,21-343,2002,1.2,15.0,16.0,93.8,205.0,56.0,10.0,11.0,90.9,4.0,4.0,100.0,1.0,1.0,100.0,0,0.0,0.1,0.0,0.0,1.0,0.0,0.0,1.0,Matches
177,172,Tomáš Holeš,DF,cz Czechia,31-093,1993,3.0,92.0,121.0,76.0,1900.0,750.0,28.0,30.0,93.3,53.0,61.0,86.9,10.0,26.0,38.5,0,0.0,0.1,0.0,1.0,12.0,2.0,2.0,8.0,Matches
178,173,Arbër Hoxha,"FW,MF",al Albania,25-270,1998,0.6,15.0,21.0,71.4,182.0,46.0,13.0,16.0,81.3,1.0,1.0,100.0,1.0,1.0,100.0,0,0.0,0.1,0.0,1.0,0.0,1.0,0.0,1.0,Matches
179,174,Robin Hranáč,DF,cz Czechia,24-155,2000,3.0,74.0,86.0,86.0,1491.0,625.0,20.0,21.0,95.2,46.0,52.0,88.5,8.0,13.0,61.5,1,0.5,0.0,0.5,2.0,13.0,0.0,0.0,8.0,Matches
180,175,Elseid Hysaj,DF,al Albania,30-133,1994,2.0,48.0,59.0,81.4,846.0,315.0,23.0,25.0,92.0,17.0,21.0,81.0,8.0,12.0,66.7,0,0.1,0.2,-0.1,2.0,3.0,0.0,0.0,5.0,Matches
182,176,Pierre Højbjerg,MF,dk Denmark,28-332,1995,3.9,268.0,302.0,88.7,4206.0,1212.0,145.0,157.0,92.4,93.0,101.0,92.1,21.0,31.0,67.7,0,0.2,0.4,-0.2,4.0,27.0,6.0,1.0,33.0,Matches
183,177,Rasmus Højlund,FW,dk Denmark,21-149,2003,3.2,43.0,55.0,78.2,452.0,47.0,26.0,30.0,86.7,8.0,10.0,80.0,0.0,1.0,0.0,0,0.1,0.1,-0.1,4.0,0.0,2.0,0.0,3.0,Matches
184,178,Ivan Ilić,MF,rs Serbia,23-107,2001,2.2,139.0,149.0,93.3,2344.0,577.0,63.0,70.0,90.0,61.0,63.0,96.8,11.0,12.0,91.7,1,0.3,0.3,0.7,3.0,13.0,1.0,1.0,13.0,Matches
185,179,Josip Iličić,FW,si Slovenia,36-155,1988,0.2,5.0,7.0,71.4,76.0,15.0,3.0,4.0,75.0,2.0,2.0,100.0,0.0,0.0,,0,0.0,0.0,0.0,0.0,1.0,0.0,0.0,0.0,Matches
186,180,Gonçalo Inácio,DF,pt Portugal,22-312,2001,1.3,134.0,150.0,89.3,2012.0,716.0,74.0,80.0,92.5,58.0,63.0,92.1,2.0,5.0,40.0,0,0.0,0.1,0.0,0.0,35.0,0.0,0.0,25.0,Matches
187,181,Luka Ivanušec,MF,hr Croatia,25-219,1998,0.2,7.0,11.0,63.6,81.0,29.0,4.0,5.0,80.0,2.0,3.0,66.7,0.0,1.0,0.0,0,0.0,0.0,0.0,0.0,0.0,0.0,0.0,0.0,Matches
188,182,Erik Janža,DF,si Slovenia,31-011,1993,3.0,77.0,114.0,67.5,1537.0,607.0,25.0,32.0,78.1,41.0,50.0,82.0,10.0,27.0,37.0,0,0.6,0.9,-0.6,3.0,6.0,1.0,0.0,11.0,Matches
189,183,Jorginho,MF,it Italy,32-195,1991,2.4,217.0,238.0,91.2,3165.0,754.0,121.0,131.0,92.4,72.0,77.0,93.5,15.0,21.0,71.4,0,0.0,0.2,0.0,1.0,12.0,7.0,0.0,18.0,Matches
190,184,Joselu,FW,es Spain,34-097,1990,0.8,14.0,16.0,87.5,199.0,3.0,6.0,7.0,85.7,4.0,5.0,80.0,2.0,2.0,100.0,0,0.0,0.0,0.0,0.0,0.0,0.0,0.0,0.0,Matches
191,185,Diogo Jota,"FW,MF",pt Portugal,27-211,1996,0.5,14.0,20.0,70.0,180.0,20.0,11.0,14.0,78.6,3.0,4.0,75.0,0.0,1.0,0.0,0,0.1,0.0,-0.1,2.0,0.0,1.0,0.0,1.0,Matches
192,186,Luka Jović,"MF,FW",rs Serbia,26-192,1997,1.1,14.0,19.0,73.7,233.0,10.0,5.0,7.0,71.4,8.0,8.0,100.0,0.0,2.0,0.0,0,0.0,0.0,0.0,1.0,1.0,0.0,0.0,1.0,Matches
193,187,Josip Juranović,DF,hr Croatia,28-321,1995,1.0,53.0,65.0,81.5,860.0,247.0,32.0,37.0,86.5,16.0,20.0,80.0,5.0,6.0,83.3,0,0.2,0.4,-0.2,2.0,3.0,4.0,3.0,3.0,Matches
194,188,David Jurásek,DF,cz Czechia,23-330,2000,1.8,45.0,75.0,60.0,813.0,269.0,25.0,29.0,86.2,14.0,23.0,60.9,6.0,19.0,31.6,0,0.4,0.2,-0.4,3.0,3.0,4.0,3.0,2.0,Matches
195,189,Matěj Jurásek,"DF,MF",cz Czechia,20-307,2003,0.5,13.0,26.0,50.0,201.0,89.0,7.0,8.0,87.5,4.0,10.0,40.0,1.0,6.0,16.7,0,0.0,0.1,0.0,1.0,0.0,2.0,0.0,2.0,Matches
196,190,Ferdi Kadioglu,DF,tr Türkiye,24-269,1999,3.0,167.0,193.0,86.5,2508.0,580.0,91.0,100.0,91.0,65.0,77.0,84.4,9.0,12.0,75.0,0,0.7,0.3,-0.7,10.0,11.0,5.0,1.0,15.0,Matches
197,191,Otar Kakabadze,"DF,MF",ge Georgia,29-005,1995,4.0,124.0,171.0,72.5,2058.0,903.0,65.0,81.0,80.2,37.0,50.0,74.0,13.0,22.0,59.1,0,0.6,0.3,-0.6,2.0,4.0,4.0,1.0,12.0,Matches
198,192,Harry Kane,FW,eng England,30-340,1993,3.9,45.0,65.0,69.2,779.0,161.0,21.0,27.0,77.8,17.0,20.0,85.0,4.0,9.0,44.4,0,0.1,0.1,-0.1,3.0,2.0,5.0,1.0,8.0,Matches
199,193,N'Golo Kanté,MF,fr France,33-095,1991,2.7,139.0,160.0,86.9,2085.0,533.0,71.0,79.0,89.9,58.0,62.0,93.5,6.0,10.0,60.0,0,1.3,1.0,-1.3,7.0,15.0,4.0,0.0,20.0,Matches
200,194,Žan Karničnik,DF,si Slovenia,29-288,1994,3.0,118.0,154.0,76.6,1920.0,705.0,57.0,64.0,89.1,47.0,54.0,87.0,10.0,24.0,41.7,0,0.0,0.0,0.0,0.0,7.0,1.0,0.0,4.0,Matches
201,195,Guram Kashia,DF,ge Georgia,36-364,1987,4.0,93.0,114.0,81.6,1862.0,792.0,23.0,27.0,85.2,64.0,72.0,88.9,5.0,14.0,35.7,0,0.0,0.0,0.0,0.0,2.0,1.0,0.0,2.0,Matches
202,196,Milos Kerkez,DF,hu Hungary,20-238,2003,2.6,47.0,77.0,61.0,715.0,166.0,26.0,37.0,70.3,18.0,26.0,69.2,3.0,9.0,33.3,0,0.1,0.0,-0.1,1.0,2.0,1.0,1.0,5.0,Matches
203,197,Joshua Kimmich,DF,de Germany,29-145,1995,4.0,293.0,329.0,89.1,4642.0,1236.0,162.0,170.0,95.3,112.0,127.0,88.2,14.0,23.0,60.9,1,0.7,1.0,0.3,10.0,26.0,11.0,3.0,32.0,Matches
204,198,Otar Kiteishvili,MF,ge Georgia,28-098,1996,1.4,45.0,53.0,84.9,632.0,245.0,22.0,26.0,84.6,18.0,21.0,85.7,2.0,3.0,66.7,0,0.0,0.0,0.0,1.0,2.0,1.0,0.0,2.0,Matches
205,199,Jakub Kiwior,DF,pl Poland,24-138,2000,3.0,127.0,153.0,83.0,1993.0,970.0,67.0,74.0,90.5,51.0,59.0,86.4,5.0,11.0,45.5,0,0.2,0.2,-0.2,3.0,7.0,0.0,0.0,4.0,Matches
206,200,László Kleinheisler,MF,hu Hungary,30-085,1994,0.6,16.0,17.0,94.1,258.0,18.0,7.0,8.0,87.5,7.0,7.0,100.0,1.0,1.0,100.0,0,0.0,0.0,0.0,0.0,0.0,0.0,0.0,2.0,Matches
208,201,Giorgi Kochorashvili,MF,ge Georgia,25-003,1999,4.0,159.0,176.0,90.3,2711.0,997.0,73.0,79.0,92.4,59.0,65.0,90.8,18.0,20.0,90.0,1,0.4,0.3,0.6,2.0,11.0,2.0,0.0,18.0,Matches
209,202,Orkun Kökçü,MF,tr Türkiye,23-186,2000,1.5,55.0,70.0,78.6,684.0,193.0,39.0,45.0,86.7,11.0,16.0,68.8,2.0,3.0,66.7,2,1.1,0.1,0.9,3.0,6.0,2.0,1.0,6.0,Matches
210,203,Randal Kolo Muani,FW,fr France,25-210,1998,0.3,5.0,9.0,55.6,97.0,35.0,3.0,6.0,50.0,0.0,0.0,,1.0,1.0,100.0,0,0.0,0.1,0.0,0.0,1.0,0.0,0.0,2.0,Matches
211,204,Yukhym Konoplia,DF,ua Ukraine,24-311,1999,0.8,32.0,42.0,76.2,544.0,137.0,14.0,17.0,82.4,17.0,21.0,81.0,1.0,4.0,25.0,0,0.0,0.0,0.0,0.0,2.0,0.0,0.0,3.0,Matches
212,205,Ezri Konsa,DF,eng England,26-253,1997,0.2,2.0,3.0,66.7,33.0,0.0,0.0,0.0,,2.0,3.0,66.7,0.0,0.0,,0,0.0,0.0,0.0,0.0,0.0,0.0,0.0,0.0,Matches
213,206,Filip Kostić,DF,rs Serbia,31-244,1992,0.5,8.0,15.0,53.3,129.0,13.0,2.0,3.0,66.7,4.0,7.0,57.1,1.0,4.0,25.0,0,0.0,0.0,0.0,0.0,0.0,0.0,0.0,0.0,Matches
214,207,Jules Koundé,DF,fr France,25-233,1998,3.0,166.0,191.0,86.9,2508.0,911.0,99.0,108.0,91.7,59.0,65.0,90.8,5.0,10.0,50.0,0,0.3,0.2,-0.3,5.0,14.0,3.0,0.0,17.0,Matches
215,208,Mateo Kovačić,MF,hr Croatia,30-057,1994,2.5,156.0,168.0,92.9,2341.0,505.0,88.0,91.0,96.7,60.0,63.0,95.2,5.0,9.0,55.6,0,0.1,0.7,-0.1,4.0,19.0,2.0,0.0,11.0,Matches
216,209,Matej Kovar,GK,cz Czechia,24-046,2000,0.4,9.0,18.0,50.0,405.0,342.0,0.0,0.0,,2.0,2.0,100.0,7.0,16.0,43.8,0,0.0,0.0,0.0,0.0,2.0,0.0,0.0,0.0,Matches
217,210,Andrej Kramarić,FW,hr Croatia,33-013,1991,2.7,71.0,89.0,79.8,998.0,114.0,50.0,55.0,90.9,17.0,24.0,70.8,3.0,7.0,42.9,0,0.2,0.2,-0.2,6.0,1.0,3.0,1.0,7.0,Matches
218,211,Ladislav Krejčí,DF,cz Czechia,25-073,1999,3.0,122.0,143.0,85.3,2356.0,698.0,40.0,45.0,88.9,71.0,79.0,89.9,11.0,19.0,57.9,0,0.0,0.1,0.0,2.0,14.0,2.0,0.0,19.0,Matches
219,212,Toni Kroos,MF,de Germany,34-180,1990,3.9,419.0,461.0,90.9,7142.0,3004.0,202.0,208.0,97.1,161.0,171.0,94.2,43.0,66.0,65.2,0,0.7,1.1,-0.7,13.0,68.0,6.0,1.0,62.0,Matches
220,213,Jan Kuchta,FW,cz Czechia,27-176,1997,1.1,11.0,15.0,73.3,172.0,53.0,5.0,8.0,62.5,6.0,7.0,85.7,0.0,0.0,,0,0.0,0.0,0.0,0.0,1.0,0.0,0.0,3.0,Matches
221,214,Juraj Kucka,MF,sk Slovakia,37-127,1987,3.9,93.0,123.0,75.6,1168.0,262.0,63.0,70.0,90.0,21.0,28.0,75.0,3.0,12.0,25.0,1,0.5,0.3,0.5,4.0,6.0,4.0,2.0,6.0,Matches
222,215,Jasmin Kurtić,FW,si Slovenia,35-174,1989,0.0,0.0,0.0,,0.0,0.0,0.0,0.0,,0.0,0.0,,0.0,0.0,,0,0.0,0.0,0.0,0.0,0.0,0.0,0.0,0.0,Matches
223,216,Khvicha Kvaratskhelia,FW,ge Georgia,23-141,2001,3.8,68.0,86.0,79.1,903.0,221.0,44.0,47.0,93.6,19.0,20.0,95.0,2.0,14.0,14.3,0,0.6,0.5,-0.6,8.0,3.0,5.0,1.0,10.0,Matches
224,217,Nika Kvekveskiri,MF,ge Georgia,32-034,1992,0.1,13.0,15.0,86.7,165.0,52.0,9.0,10.0,90.0,4.0,5.0,80.0,0.0,0.0,,0,0.0,0.0,0.0,0.0,0.0,0.0,0.0,0.0,Matches
225,218,Giorgi Kvilitaia,FW,ge Georgia,30-275,1993,0.0,2.0,3.0,66.7,10.0,0.0,1.0,2.0,50.0,0.0,0.0,,0.0,0.0,,0,0.0,0.0,0.0,0.0,0.0,0.0,0.0,0.0,Matches
226,219,Solomon Kvirkvelia,DF,ge Georgia,32-147,1992,2.0,52.0,61.0,85.2,962.0,375.0,21.0,23.0,91.3,27.0,29.0,93.1,4.0,8.0,50.0,0,0.0,0.0,0.0,0.0,3.0,0.0,0.0,5.0,Matches
227,220,Qazim Laçi,"MF,FW",al Albania,28-165,1996,1.8,36.0,52.0,69.2,557.0,93.0,20.0,26.0,76.9,8.0,10.0,80.0,6.0,11.0,54.5,0,0.1,0.0,-0.1,3.0,2.0,2.0,1.0,4.0,Matches
228,221,Konrad Laimer,"MF,FW",at Austria,27-036,1997,2.3,70.0,86.0,81.4,1097.0,381.0,37.0,42.0,88.1,27.0,31.0,87.1,3.0,3.0,100.0,0,0.0,0.1,0.0,1.0,11.0,1.0,0.0,13.0,Matches
229,222,Ádám Lang,DF,hu Hungary,31-167,1993,0.5,13.0,19.0,68.4,208.0,121.0,7.0,9.0,77.8,5.0,8.0,62.5,1.0,2.0,50.0,0,0.0,0.0,0.0,0.0,1.0,0.0,0.0,2.0,Matches
230,223,Aymeric Laporte,DF,es Spain,30-036,1994,2.5,229.0,249.0,92.0,4017.0,1162.0,98.0,101.0,97.0,113.0,120.0,94.2,17.0,24.0,70.8,0,0.1,0.2,-0.1,2.0,28.0,2.0,1.0,23.0,Matches
231,224,Robin Le Normand,DF,es Spain,27-234,1996,3.5,217.0,236.0,91.9,3974.0,1197.0,68.0,72.0,94.4,138.0,144.0,95.8,10.0,19.0,52.6,0,0.0,0.1,0.0,1.0,21.0,0.0,0.0,13.0,Matches
232,225,Rafael Leão,FW,pt Portugal,25-022,1999,1.2,26.0,39.0,66.7,339.0,66.0,17.0,23.0,73.9,9.0,12.0,75.0,0.0,1.0,0.0,0,0.0,0.1,0.0,1.0,1.0,1.0,1.0,2.0,Matches
234,226,Robert Lewandowski,FW,pl Poland,35-316,1988,1.3,19.0,23.0,82.6,276.0,46.0,12.0,12.0,100.0,4.0,6.0,66.7,2.0,4.0,50.0,0,0.1,0.1,-0.1,1.0,0.0,1.0,0.0,2.0,Matches
235,227,Philipp Lienhart,DF,at Austria,27-357,1996,1.7,74.0,80.0,92.5,1512.0,351.0,17.0,19.0,89.5,39.0,40.0,97.5,13.0,15.0,86.7,0,0.0,0.0,0.0,0.0,11.0,0.0,0.0,5.0,Matches
236,228,Ondřej Lingr,"MF,FW",cz Czechia,25-269,1998,0.9,21.0,27.0,77.8,265.0,62.0,13.0,13.0,100.0,6.0,8.0,75.0,0.0,2.0,0.0,0,0.0,0.0,0.0,0.0,0.0,0.0,0.0,2.0,Matches
237,229,Dominik Livaković,GK,hr Croatia,29-175,1995,3.0,69.0,93.0,74.2,1660.0,1191.0,24.0,24.0,100.0,30.0,30.0,100.0,15.0,39.0,38.5,0,0.0,0.0,0.0,0.0,0.0,0.0,0.0,0.0,Matches
238,230,Stanislav Lobotka,MF,sk Slovakia,29-220,1994,4.3,228.0,243.0,93.8,3561.0,1007.0,132.0,140.0,94.3,77.0,82.0,93.9,15.0,16.0,93.8,0,0.1,0.1,-0.1,4.0,22.0,1.0,0.0,17.0,Matches
239,231,Saba Lobzhanidze,FW,ge Georgia,29-197,1994,0.1,0.0,1.0,0.0,0.0,0.0,0.0,1.0,0.0,0.0,0.0,,0.0,0.0,,0,0.0,0.0,0.0,0.0,0.0,0.0,0.0,0.0,Matches
240,232,Luka Lochoshvili,"DF,MF",ge Georgia,26-034,1998,1.9,41.0,57.0,71.9,604.0,203.0,23.0,26.0,88.5,15.0,20.0,75.0,1.0,6.0,16.7,0,0.0,0.0,0.0,0.0,2.0,0.0,0.0,1.0,Matches
241,233,Fermin López,MF,es Spain,21-052,2003,0.3,8.0,10.0,80.0,148.0,61.0,5.0,6.0,83.3,1.0,1.0,100.0,2.0,2.0,100.0,0,0.0,0.0,0.0,0.0,0.0,0.0,0.0,1.0,Matches
242,234,Romelu Lukaku,FW,be Belgium,31-050,1993,3.0,31.0,44.0,70.5,366.0,88.0,23.0,30.0,76.7,3.0,5.0,60.0,3.0,5.0,60.0,1,0.2,0.3,0.8,5.0,0.0,2.0,0.0,3.0,Matches
243,235,Dodi Lukebakio,"FW,DF",be Belgium,26-282,1997,0.7,20.0,25.0,80.0,266.0,48.0,12.0,14.0,85.7,7.0,8.0,87.5,0.0,1.0,0.0,0,0.1,0.1,-0.1,2.0,0.0,0.0,0.0,1.0,Matches
244,236,Saša Lukić,MF,rs Serbia,27-324,1996,2.3,142.0,150.0,94.7,2326.0,438.0,63.0,65.0,96.9,70.0,73.0,95.9,6.0,9.0,66.7,0,0.0,0.1,0.0,0.0,7.0,1.0,0.0,5.0,Matches
245,237,Andriy Lunin,GK,ua Ukraine,25-142,1999,1.0,23.0,24.0,95.8,402.0,311.0,8.0,8.0,100.0,14.0,15.0,93.3,1.0,1.0,100.0,0,0.0,0.0,0.0,0.0,0.0,0.0,0.0,0.0,Matches
246,238,Mike Maignan,GK,fr France,28-365,1995,3.0,76.0,94.0,80.9,1794.0,1084.0,15.0,15.0,100.0,43.0,43.0,100.0,18.0,35.0,51.4,0,0.0,0.0,0.0,0.0,1.0,0.0,0.0,0.0,Matches
247,239,Kobbie Mainoo,MF,eng England,19-074,2005,1.5,101.0,107.0,94.4,1401.0,219.0,65.0,67.0,97.0,27.0,29.0,93.1,3.0,5.0,60.0,0,0.0,0.2,0.0,1.0,9.0,2.0,0.0,9.0,Matches
248,240,Lovro Majer,"FW,MF",hr Croatia,26-167,1998,1.6,92.0,101.0,91.1,1338.0,288.0,57.0,59.0,96.6,25.0,27.0,92.6,6.0,6.0,100.0,0,0.3,0.4,-0.3,3.0,4.0,4.0,1.0,11.0,Matches
249,241,Donyell Malen,FW,nl Netherlands,25-175,1999,1.1,22.0,34.0,64.7,290.0,73.0,10.0,13.0,76.9,7.0,10.0,70.0,1.0,2.0,50.0,0,0.1,0.1,-0.1,2.0,1.0,1.0,0.0,4.0,Matches
250,242,Ruslan Malinovskyi,MF,ua Ukraine,31-059,1993,0.4,24.0,28.0,85.7,491.0,155.0,10.0,11.0,90.9,10.0,10.0,100.0,4.0,7.0,57.1,0,0.3,0.1,-0.3,2.0,2.0,0.0,0.0,4.0,Matches
251,243,Giorgi Mamardashvili,GK,ge Georgia,23-277,2000,4.0,66.0,124.0,53.2,2102.0,1566.0,13.0,13.0,100.0,26.0,26.0,100.0,27.0,85.0,31.8,0,0.0,0.0,0.0,0.0,1.0,0.0,0.0,0.0,Matches
252,244,Dennis Man,MF,ro Romania,25-311,1998,2.0,35.0,58.0,60.3,445.0,125.0,27.0,35.0,77.1,7.0,13.0,53.8,1.0,4.0,25.0,2,1.0,0.7,1.0,4.0,1.0,2.0,0.0,4.0,Matches
253,245,Rey Manaj,FW,al Albania,27-129,1997,1.7,17.0,28.0,60.7,220.0,9.0,12.0,19.0,63.2,4.0,5.0,80.0,1.0,1.0,100.0,0,0.0,0.0,0.0,0.0,0.0,0.0,0.0,0.0,Matches
254,246,Gianluca Mancini,DF,it Italy,28-076,1996,1.0,60.0,66.0,90.9,904.0,270.0,32.0,33.0,97.0,25.0,28.0,89.3,2.0,4.0,50.0,0,0.0,0.0,0.0,0.0,5.0,0.0,0.0,0.0,Matches
255,247,Orel Mangala,MF,be Belgium,26-106,1998,1.2,46.0,48.0,95.8,640.0,133.0,28.0,28.0,100.0,15.0,16.0,93.8,1.0,1.0,100.0,0,0.2,0.0,-0.2,1.0,2.0,0.0,0.0,3.0,Matches
256,248,Marius Marin,MF,ro Romania,25-307,1998,2.6,58.0,72.0,80.6,916.0,271.0,27.0,32.0,84.4,25.0,28.0,89.3,3.0,8.0,37.5,0,0.2,0.3,-0.2,1.0,5.0,1.0,1.0,5.0,Matches
257,249,Răzvan Marin,MF,ro Romania,28-040,1996,2.9,67.0,81.0,82.7,1167.0,373.0,32.0,37.0,86.5,28.0,31.0,90.3,5.0,11.0,45.5,0,0.1,0.3,-0.1,2.0,9.0,0.0,0.0,9.0,Matches
258,250,Ádám Martin,"FW,DF",hu Hungary,29-239,1994,0.5,10.0,17.0,58.8,123.0,8.0,7.0,9.0,77.8,3.0,7.0,42.9,0.0,0.0,,0,0.1,0.0,-0.1,1.0,0.0,0.0,0.0,0.0,Matches
260,251,Mykola Matviyenko,DF,ua Ukraine,28-061,1996,3.0,212.0,231.0,91.8,4139.0,1466.0,70.0,73.0,95.9,120.0,121.0,99.2,22.0,32.0,68.8,0,0.2,0.3,-0.2,4.0,18.0,0.0,0.0,11.0,Matches
261,252,Kylian Mbappé,FW,fr France,25-195,1998,2.0,70.0,77.0,90.9,1137.0,330.0,42.0,45.0,93.3,18.0,19.0,94.7,8.0,8.0,100.0,0,0.0,0.3,0.0,0.0,8.0,7.0,0.0,18.0,Matches
262,253,John McGinn,"MF,FW",sct Scotland,29-258,1994,2.6,28.0,45.0,62.2,354.0,68.0,14.0,17.0,82.4,10.0,15.0,66.7,0.0,5.0,0.0,0,0.0,0.1,0.0,0.0,1.0,1.0,0.0,4.0,Matches
263,254,Callum McGregor,MF,sct Scotland,31-018,1993,2.7,108.0,119.0,90.8,1698.0,233.0,49.0,55.0,89.1,51.0,53.0,96.2,3.0,3.0,100.0,1,0.1,0.1,0.9,2.0,5.0,1.0,0.0,5.0,Matches
264,255,Scott McKenna,DF,sct Scotland,27-233,1996,1.5,75.0,93.0,80.6,1261.0,290.0,36.0,40.0,90.0,36.0,42.0,85.7,2.0,6.0,33.3,0,0.0,0.1,0.0,0.0,2.0,0.0,0.0,1.0,Matches
265,256,Kenny McLean,MF,sct Scotland,32-176,1992,0.5,19.0,26.0,73.1,325.0,84.0,7.0,10.0,70.0,9.0,12.0,75.0,2.0,3.0,66.7,0,0.0,0.0,0.0,0.0,1.0,1.0,0.0,2.0,Matches
266,257,Scott McTominay,MF,sct Scotland,27-207,1996,3.0,42.0,62.0,67.7,747.0,243.0,21.0,31.0,67.7,16.0,20.0,80.0,5.0,8.0,62.5,0,0.1,0.4,-0.1,2.0,2.0,1.0,0.0,4.0,Matches
267,258,Anzor Mekvabishvili,MF,ge Georgia,23-027,2001,2.1,76.0,91.0,83.5,1298.0,425.0,36.0,41.0,87.8,32.0,34.0,94.1,5.0,9.0,55.6,0,0.0,0.1,0.0,0.0,6.0,0.0,0.0,8.0,Matches
268,259,Memphis,"FW,MF",nl Netherlands,30-140,1994,2.8,62.0,84.0,73.8,999.0,265.0,29.0,33.0,87.9,18.0,26.0,69.2,10.0,16.0,62.5,0,0.3,0.5,-0.3,2.0,7.0,2.0,0.0,7.0,Matches
269,260,Nuno Mendes,"DF,MF",pt Portugal,22-013,2002,2.0,126.0,150.0,84.0,2134.0,668.0,65.0,75.0,86.7,50.0,54.0,92.6,11.0,19.0,57.9,0,0.0,0.0,0.0,1.0,15.0,0.0,0.0,7.0,Matches
270,261,Mikel Merino,MF,es Spain,28-010,1996,1.4,72.0,87.0,82.8,1009.0,280.0,44.0,50.0,88.0,24.0,27.0,88.9,2.0,3.0,66.7,0,0.4,0.3,-0.4,1.0,9.0,2.0,0.0,12.0,Matches
271,262,Valentin Mihaila,MF,ro Romania,24-151,2000,1.1,16.0,21.0,76.2,250.0,49.0,10.0,12.0,83.3,3.0,5.0,60.0,3.0,4.0,75.0,0,0.0,0.0,0.0,0.0,1.0,1.0,0.0,2.0,Matches
272,263,Srđan Mijailović,DF,rs Serbia,30-235,1993,0.8,14.0,25.0,56.0,291.0,48.0,4.0,6.0,66.7,8.0,13.0,61.5,2.0,5.0,40.0,0,0.0,0.0,0.0,0.0,0.0,1.0,1.0,0.0,Matches
273,264,Georges Mikautadze,FW,ge Georgia,23-245,2000,3.8,55.0,70.0,78.6,821.0,198.0,33.0,36.0,91.7,11.0,14.0,78.6,6.0,10.0,60.0,1,0.5,0.1,0.5,5.0,6.0,2.0,1.0,7.0,Matches
274,265,Nikola Milenković,DF,rs Serbia,26-264,1997,3.0,212.0,227.0,93.4,3843.0,1318.0,79.0,82.0,96.3,117.0,121.0,96.7,15.0,23.0,65.2,0,0.0,0.0,0.0,1.0,5.0,0.0,0.0,9.0,Matches
275,266,Sergej Milinković-Savić,MF,rs Serbia,29-126,1995,1.3,63.0,76.0,82.9,1111.0,251.0,26.0,32.0,81.3,24.0,28.0,85.7,10.0,11.0,90.9,0,0.1,0.2,-0.1,2.0,6.0,3.0,2.0,7.0,Matches
276,267,Mario Mitaj,DF,al Albania,20-331,2003,3.0,127.0,147.0,86.4,1744.0,851.0,76.0,84.0,90.5,46.0,51.0,90.2,4.0,7.0,57.1,0,0.0,0.0,0.0,0.0,3.0,1.0,0.0,6.0,Matches
277,268,Aleksandar Mitrović,FW,rs Serbia,29-290,1994,2.7,38.0,53.0,71.7,471.0,40.0,26.0,32.0,81.3,9.0,13.0,69.2,1.0,2.0,50.0,0,0.0,0.0,0.0,0.0,3.0,1.0,0.0,2.0,Matches
278,269,Maximilian Mittelstädt,DF,de Germany,27-106,1997,2.7,153.0,184.0,83.2,2214.0,477.0,97.0,105.0,92.4,44.0,54.0,81.5,8.0,16.0,50.0,1,0.4,0.6,0.6,4.0,7.0,6.0,4.0,8.0,Matches
279,270,Filip Mladenović,DF,rs Serbia,32-322,1991,1.2,44.0,61.0,72.1,551.0,115.0,27.0,29.0,93.1,12.0,18.0,66.7,1.0,5.0,20.0,0,0.0,0.0,0.0,1.0,1.0,0.0,0.0,2.0,Matches
280,271,Jan Mlakar,MF,si Slovenia,25-253,1998,2.5,29.0,49.0,59.2,458.0,86.0,17.0,22.0,77.3,11.0,19.0,57.9,1.0,6.0,16.7,0,0.0,0.1,0.0,1.0,1.0,2.0,1.0,3.0,Matches
281,272,Jakub Moder,MF,pl Poland,25-086,1999,2.0,94.0,119.0,79.0,1306.0,433.0,55.0,60.0,91.7,35.0,45.0,77.8,2.0,7.0,28.6,0,0.0,0.1,0.0,0.0,5.0,1.0,0.0,8.0,Matches
282,273,Luka Modrić,MF,hr Croatia,38-297,1985,2.6,190.0,221.0,86.0,2855.0,812.0,109.0,113.0,96.5,69.0,80.0,86.3,7.0,17.0,41.2,0,0.6,0.4,-0.6,3.0,34.0,3.0,0.0,21.0,Matches
283,274,Álvaro Morata,FW,es Spain,31-253,1992,2.5,41.0,58.0,70.7,520.0,72.0,29.0,37.0,78.4,8.0,12.0,66.7,1.0,2.0,50.0,0,0.4,0.4,-0.4,3.0,3.0,2.0,1.0,2.0,Matches
284,275,Lewis Morgan,DF,sct Scotland,27-276,1996,0.0,1.0,2.0,50.0,9.0,0.0,1.0,1.0,100.0,0.0,0.0,,0.0,0.0,,0,0.0,0.0,0.0,0.0,0.0,0.0,0.0,0.0,Matches
286,276,Ernest Muçi,FW,al Albania,23-105,2001,0.2,7.0,9.0,77.8,96.0,14.0,3.0,5.0,60.0,3.0,3.0,100.0,0.0,0.0,,0,0.0,0.0,0.0,0.0,0.0,0.0,0.0,0.0,Matches
287,277,Mykhailo Mudryk,"FW,MF",ua Ukraine,23-179,2001,1.9,36.0,52.0,69.2,623.0,274.0,19.0,24.0,79.2,10.0,19.0,52.6,7.0,8.0,87.5,0,0.4,0.9,-0.4,5.0,1.0,4.0,1.0,7.0,Matches
288,278,Mert Müldür,DF,tr Türkiye,25-090,1999,1.9,86.0,103.0,83.5,1167.0,306.0,53.0,56.0,94.6,28.0,35.0,80.0,2.0,8.0,25.0,0,0.0,0.0,0.0,1.0,8.0,0.0,0.0,5.0,Matches
289,279,Thomas Müller,FW,de Germany,34-293,1989,0.2,7.0,11.0,63.6,93.0,3.0,5.0,7.0,71.4,2.0,2.0,100.0,0.0,1.0,0.0,1,0.0,0.0,1.0,1.0,0.0,0.0,0.0,1.0,Matches
290,280,Jamal Musiala,FW,de Germany,21-127,2003,3.3,120.0,134.0,89.6,1406.0,234.0,84.0,92.0,91.3,25.0,26.0,96.2,2.0,3.0,66.7,0,0.2,0.5,-0.2,4.0,5.0,7.0,0.0,15.0,Matches
291,281,Phillipp Mwene,DF,at Austria,30-155,1994,1.7,70.0,86.0,81.4,1049.0,296.0,35.0,36.0,97.2,31.0,35.0,88.6,2.0,11.0,18.2,1,0.1,0.1,0.9,1.0,2.0,2.0,1.0,4.0,Matches
292,282,Vitaliy Mykolenko,DF,ua Ukraine,25-034,1999,0.6,14.0,19.0,73.7,268.0,98.0,7.0,7.0,100.0,5.0,6.0,83.3,2.0,4.0,50.0,0,0.1,0.1,-0.1,2.0,2.0,2.0,2.0,1.0,Matches
293,283,Joakim Mæhle,"DF,MF",dk Denmark,27-043,1997,3.1,130.0,158.0,82.3,1818.0,537.0,84.0,90.0,93.3,37.0,48.0,77.1,6.0,13.0,46.2,0,0.4,0.2,-0.4,3.0,5.0,3.0,1.0,10.0,Matches
294,284,Nacho,DF,es Spain,34-166,1990,1.0,53.0,56.0,94.6,890.0,342.0,27.0,29.0,93.1,22.0,23.0,95.7,3.0,3.0,100.0,0,0.0,0.0,0.0,1.0,5.0,0.0,0.0,4.0,Matches
295,285,Ádám Nagy,MF,hu Hungary,29-015,1995,1.8,59.0,74.0,79.7,930.0,381.0,35.0,41.0,85.4,16.0,20.0,80.0,6.0,9.0,66.7,0,0.0,0.0,0.0,0.0,4.0,0.0,0.0,8.0,Matches
296,286,Zsolt Nagy,DF,hu Hungary,31-038,1993,0.2,4.0,8.0,50.0,59.0,32.0,2.0,2.0,100.0,1.0,2.0,50.0,0.0,2.0,0.0,0,0.0,0.0,0.0,0.0,0.0,0.0,0.0,1.0,Matches
297,287,Jesús Navas,DF,es Spain,38-224,1985,1.1,43.0,52.0,82.7,764.0,106.0,14.0,16.0,87.5,21.0,24.0,87.5,4.0,7.0,57.1,0,0.2,0.3,-0.2,2.0,2.0,1.0,1.0,0.0,Matches
298,288,Dan Ndoye,"MF,DF",ch Switzerland,23-251,2000,3.4,65.0,86.0,75.6,952.0,125.0,33.0,38.0,86.8,28.0,35.0,80.0,1.0,4.0,25.0,0,0.1,0.2,-0.1,3.0,1.0,1.0,0.0,7.0,Matches
299,289,Pedro Neto,"DF,FW",pt Portugal,24-115,2000,1.3,70.0,89.0,78.7,1024.0,201.0,46.0,55.0,83.6,20.0,26.0,76.9,4.0,8.0,50.0,0,0.0,0.1,0.0,1.0,4.0,3.0,2.0,5.0,Matches
300,290,Manuel Neuer,GK,de Germany,38-097,1986,4.0,83.0,99.0,83.8,1884.0,1155.0,25.0,25.0,100.0,40.0,42.0,95.2,18.0,32.0,56.3,0,0.0,0.0,0.0,0.0,1.0,0.0,0.0,0.0,Matches
301,291,João Neves,MF,pt Portugal,19-279,2004,0.9,68.0,74.0,91.9,1004.0,216.0,42.0,45.0,93.3,20.0,21.0,95.2,3.0,3.0,100.0,0,0.0,0.1,0.0,0.0,8.0,0.0,0.0,8.0,Matches
302,292,Rúben Neves,MF,pt Portugal,27-111,1997,1.0,56.0,70.0,80.0,997.0,297.0,24.0,26.0,92.3,25.0,31.0,80.6,7.0,13.0,53.8,0,0.1,0.4,-0.1,1.0,5.0,1.0,0.0,7.0,Matches
303,293,Florin Niță,GK,ro Romania,36-365,1987,3.0,63.0,108.0,58.3,2234.0,1722.0,7.0,8.0,87.5,20.0,20.0,100.0,36.0,80.0,45.0,0,0.0,0.0,0.0,0.0,1.0,0.0,0.0,0.0,Matches
304,294,Matheus Nunes,MF,pt Portugal,25-310,1998,0.2,16.0,18.0,88.9,241.0,32.0,11.0,11.0,100.0,4.0,4.0,100.0,1.0,3.0,33.3,0,0.0,0.0,0.0,1.0,1.0,1.0,0.0,1.0,Matches
305,295,Christian Nørgaard,MF,dk Denmark,30-114,1994,0.4,34.0,42.0,81.0,475.0,124.0,23.0,27.0,85.2,11.0,12.0,91.7,0.0,2.0,0.0,0,0.0,0.1,0.0,1.0,5.0,1.0,0.0,3.0,Matches
306,296,Adam Obert,DF,sk Slovakia,21-314,2002,0.3,22.0,27.0,81.5,337.0,131.0,10.0,12.0,83.3,12.0,12.0,100.0,0.0,2.0,0.0,0,0.0,0.0,0.0,0.0,0.0,1.0,0.0,5.0,Matches
307,297,Jan Oblak,GK,si Slovenia,31-177,1993,3.0,54.0,82.0,65.9,1799.0,1315.0,7.0,7.0,100.0,20.0,20.0,100.0,27.0,55.0,49.1,0,0.0,0.0,0.0,0.0,2.0,0.0,0.0,0.0,Matches
308,298,Darius Olaru,MF,ro Romania,26-121,1998,0.3,12.0,15.0,80.0,179.0,64.0,9.0,10.0,90.0,2.0,4.0,50.0,1.0,1.0,100.0,0,0.0,0.0,0.0,0.0,1.0,1.0,0.0,3.0,Matches
309,299,Dani Olmo,"MF,FW",es Spain,26-056,1998,1.7,56.0,68.0,82.4,923.0,208.0,27.0,33.0,81.8,23.0,25.0,92.0,5.0,7.0,71.4,1,0.9,0.9,0.1,6.0,6.0,5.0,0.0,10.0,Matches
310,300,Amadou Onana,MF,be Belgium,22-321,2001,3.0,161.0,180.0,89.4,2579.0,528.0,74.0,78.0,94.9,76.0,82.0,92.7,6.0,11.0,54.5,0,0.0,0.1,0.0,1.0,12.0,3.0,0.0,11.0,Matches
312,301,Loïs Openda,FW,be Belgium,24-137,2000,0.1,1.0,2.0,50.0,36.0,4.0,0.0,1.0,0.0,0.0,0.0,,1.0,1.0,100.0,0,0.0,0.0,0.0,1.0,0.0,0.0,0.0,0.0,Matches
313,302,Willi Orban,DF,hu Hungary,31-242,1992,3.0,118.0,138.0,85.5,2475.0,948.0,24.0,29.0,82.8,81.0,84.0,96.4,12.0,20.0,60.0,0,0.1,0.1,-0.1,2.0,2.0,1.0,0.0,7.0,Matches
314,303,Mikel Oyarzabal,FW,es Spain,27-072,1997,1.4,31.0,34.0,91.2,456.0,90.0,15.0,16.0,93.8,11.0,13.0,84.6,2.0,2.0,100.0,1,0.2,0.1,0.8,3.0,2.0,1.0,0.0,4.0,Matches
315,304,Salih Özcan,MF,tr Türkiye,26-173,1998,0.5,32.0,37.0,86.5,547.0,119.0,13.0,16.0,81.3,17.0,18.0,94.4,2.0,3.0,66.7,0,0.0,0.0,0.0,0.0,2.0,0.0,0.0,2.0,Matches
316,305,João Palhinha,MF,pt Portugal,28-359,1995,1.0,51.0,54.0,94.4,872.0,196.0,28.0,30.0,93.3,20.0,20.0,100.0,3.0,4.0,75.0,0,0.1,0.1,-0.1,1.0,7.0,2.0,0.0,7.0,Matches
317,306,Cole Palmer,"FW,MF",eng England,22-057,2002,0.8,33.0,45.0,73.3,520.0,140.0,16.0,19.0,84.2,15.0,20.0,75.0,1.0,3.0,33.3,0,0.0,0.2,0.0,0.0,4.0,5.0,0.0,9.0,Matches
318,307,Mario Pašalić,"FW,MF",hr Croatia,29-144,1995,1.3,34.0,40.0,85.0,426.0,86.0,22.0,24.0,91.7,9.0,10.0,90.0,1.0,2.0,50.0,0,0.0,0.1,0.0,0.0,1.0,1.0,0.0,5.0,Matches
319,308,Strahinja Pavlović,DF,rs Serbia,23-039,2001,3.0,137.0,180.0,76.1,1963.0,553.0,74.0,82.0,90.2,50.0,62.0,80.6,5.0,18.0,27.8,0,0.1,0.1,-0.1,1.0,11.0,2.0,1.0,13.0,Matches
320,309,Pedri,MF,es Spain,21-220,2002,2.0,80.0,89.0,89.9,1089.0,248.0,51.0,56.0,91.1,19.0,20.0,95.0,5.0,6.0,83.3,1,0.8,0.5,0.2,10.0,9.0,2.0,0.0,10.0,Matches
321,310,Peter Pekarík,DF,sk Slovakia,37-246,1986,4.2,107.0,121.0,88.4,1611.0,389.0,64.0,68.0,94.1,38.0,40.0,95.0,4.0,7.0,57.1,0,0.2,0.2,-0.2,3.0,9.0,2.0,1.0,10.0,Matches
322,311,Lorenzo Pellegrini,"FW,MF",it Italy,28-013,1996,2.4,91.0,107.0,85.0,1345.0,243.0,46.0,51.0,90.2,35.0,40.0,87.5,4.0,7.0,57.1,1,0.5,0.3,0.5,5.0,9.0,3.0,1.0,8.0,Matches
323,312,Patrick Pentz,GK,at Austria,27-182,1997,3.0,91.0,118.0,77.1,2284.0,1611.0,21.0,21.0,100.0,45.0,46.0,97.8,25.0,51.0,49.0,0,0.0,0.0,0.0,0.0,1.0,0.0,0.0,0.0,Matches
324,313,Pepe,DF,pt Portugal,41-127,1983,1.9,137.0,146.0,93.8,2409.0,761.0,53.0,56.0,94.6,73.0,76.0,96.1,10.0,12.0,83.3,0,0.0,0.0,0.0,1.0,5.0,0.0,0.0,7.0,Matches
325,314,Danilo Pereira,DF,pt Portugal,32-297,1991,1.0,83.0,87.0,95.4,1602.0,642.0,21.0,24.0,87.5,57.0,58.0,98.3,5.0,5.0,100.0,0,0.0,0.0,0.0,0.0,11.0,0.0,0.0,5.0,Matches
326,315,Ayoze Pérez,FW,es Spain,30-339,1993,0.1,3.0,3.0,100.0,47.0,15.0,0.0,0.0,,3.0,3.0,100.0,0.0,0.0,,0,0.0,0.0,0.0,0.0,1.0,0.0,0.0,1.0,Matches
327,316,Ivan Perišić,"DF,FW",hr Croatia,35-151,1989,1.5,44.0,63.0,69.8,688.0,254.0,29.0,32.0,90.6,12.0,19.0,63.2,3.0,10.0,30.0,0,0.4,1.2,-0.4,3.0,1.0,6.0,4.0,4.0,Matches
328,317,Bruno Petković,FW,hr Croatia,29-290,1994,1.0,16.0,20.0,80.0,230.0,34.0,9.0,11.0,81.8,3.0,4.0,75.0,2.0,2.0,100.0,0,0.1,0.1,-0.1,2.0,1.0,1.0,0.0,4.0,Matches
329,318,Krzysztof Piątek,FW,pl Poland,29-001,1995,0.7,6.0,10.0,60.0,74.0,1.0,4.0,6.0,66.7,1.0,3.0,33.3,0.0,0.0,,0,0.0,0.0,0.0,0.0,0.0,0.0,0.0,0.0,Matches
330,319,Jordan Pickford,GK,eng England,30-117,1994,4.3,145.0,194.0,74.7,3715.0,2509.0,39.0,39.0,100.0,68.0,68.0,100.0,37.0,86.0,43.0,0,0.0,0.0,0.0,0.0,2.0,0.0,0.0,1.0,Matches
331,320,Jakub Piotrowski,MF,pl Poland,26-272,1997,0.6,16.0,24.0,66.7,242.0,49.0,9.0,13.0,69.2,6.0,7.0,85.7,0.0,0.0,,0,0.2,0.4,-0.2,1.0,0.0,0.0,0.0,1.0,Matches
332,321,Marin Pongračić,DF,hr Croatia,26-295,1997,2.0,113.0,124.0,91.1,2226.0,715.0,34.0,40.0,85.0,66.0,68.0,97.1,10.0,13.0,76.9,0,0.0,0.0,0.0,0.0,3.0,0.0,0.0,3.0,Matches
333,322,Ryan Porteous,DF,sct Scotland,25-099,1999,0.5,19.0,25.0,76.0,356.0,184.0,5.0,6.0,83.3,11.0,14.0,78.6,2.0,4.0,50.0,0,0.0,0.0,0.0,0.0,1.0,0.0,0.0,0.0,Matches
334,323,Stefan Posch,DF,at Austria,27-049,1997,3.0,105.0,146.0,71.9,1784.0,642.0,46.0,55.0,83.6,47.0,52.0,90.4,9.0,27.0,33.3,0,0.0,0.1,0.0,1.0,4.0,3.0,1.0,6.0,Matches
335,324,Yussuf Poulsen,"FW,MF",dk Denmark,30-017,1994,0.6,12.0,20.0,60.0,128.0,3.0,7.0,9.0,77.8,4.0,8.0,50.0,0.0,1.0,0.0,0,0.0,0.0,0.0,1.0,0.0,0.0,0.0,1.0,Matches
336,325,Alexander Prass,DF,at Austria,23-037,2001,1.3,44.0,59.0,74.6,882.0,296.0,17.0,22.0,77.3,18.0,21.0,85.7,8.0,12.0,66.7,1,0.1,0.0,0.9,1.0,5.0,2.0,1.0,4.0,Matches
338,326,Lukáš Provod,MF,cz Czechia,27-253,1996,2.6,70.0,87.0,80.5,1099.0,267.0,35.0,41.0,85.4,33.0,38.0,86.8,1.0,2.0,50.0,0,0.3,0.1,-0.3,2.0,8.0,1.0,0.0,3.0,Matches
339,327,George Pușcaș,FW,ro Romania,28-085,1996,0.4,4.0,13.0,30.8,45.0,0.0,3.0,6.0,50.0,1.0,3.0,33.3,0.0,0.0,,0,0.0,0.0,0.0,0.0,0.0,0.0,0.0,0.0,Matches
340,328,Leopold Querfeld,DF,at Austria,20-195,2003,0.3,7.0,9.0,77.8,131.0,47.0,2.0,2.0,100.0,3.0,4.0,75.0,1.0,2.0,50.0,0,0.0,0.0,0.0,0.0,1.0,0.0,0.0,0.0,Matches
341,329,Adrien Rabiot,MF,fr France,29-090,1995,2.4,136.0,147.0,92.5,1911.0,518.0,86.0,92.0,93.5,42.0,43.0,97.7,4.0,7.0,57.1,0,0.2,0.6,-0.2,5.0,19.0,2.0,1.0,16.0,Matches
342,330,Bogdan Racovitan,DF,ro Romania,24-026,2000,0.0,0.0,0.0,,0.0,0.0,0.0,0.0,,0.0,0.0,,0.0,0.0,,0,0.0,0.0,0.0,0.0,0.0,0.0,0.0,0.0,Matches
343,331,Predrag Rajković,GK,rs Serbia,28-245,1995,3.0,68.0,103.0,66.0,1742.0,1155.0,20.0,20.0,100.0,31.0,31.0,100.0,17.0,51.0,33.3,0,0.0,0.0,0.0,0.0,1.0,0.0,0.0,0.0,Matches
344,332,Anthony Ralston,DF,sct Scotland,25-229,1998,2.9,67.0,95.0,70.5,1128.0,273.0,37.0,41.0,90.2,20.0,29.0,69.0,8.0,12.0,66.7,0,0.1,0.1,-0.1,2.0,2.0,2.0,2.0,4.0,Matches
345,333,Ylber Ramadani,MF,al Albania,28-081,1996,2.9,94.0,103.0,91.3,1570.0,362.0,43.0,47.0,91.5,42.0,44.0,95.5,6.0,9.0,66.7,0,0.0,0.0,0.0,1.0,4.0,0.0,0.0,4.0,Matches
346,334,Gonçalo Ramos,FW,pt Portugal,23-012,2001,0.3,1.0,1.0,100.0,7.0,0.0,1.0,1.0,100.0,0.0,0.0,,0.0,0.0,,0,0.0,0.0,0.0,0.0,0.0,0.0,0.0,0.0,Matches
347,335,Giacomo Raspadori,FW,it Italy,24-135,2000,0.9,36.0,49.0,73.5,629.0,227.0,17.0,17.0,100.0,11.0,16.0,68.8,7.0,13.0,53.8,0,0.4,0.4,-0.4,4.0,4.0,2.0,0.0,9.0,Matches
348,336,Andrei Ratiu,DF,ro Romania,26-012,1998,3.0,76.0,92.0,82.6,1123.0,474.0,44.0,54.0,81.5,28.0,30.0,93.3,3.0,6.0,50.0,0,0.0,0.1,0.0,2.0,4.0,1.0,0.0,6.0,Matches
349,337,David Raum,DF,de Germany,26-071,1998,1.2,52.0,63.0,82.5,821.0,286.0,28.0,32.0,87.5,18.0,19.0,94.7,4.0,6.0,66.7,1,1.2,0.7,-0.2,4.0,5.0,3.0,3.0,7.0,Matches
350,338,David Raya,GK,es Spain,28-291,1995,1.0,36.0,42.0,85.7,789.0,519.0,14.0,14.0,100.0,15.0,15.0,100.0,7.0,12.0,58.3,0,0.0,0.0,0.0,0.0,0.0,0.0,0.0,0.0,Matches
351,339,Tijjani Reijnders,MF,nl Netherlands,25-339,1998,2.7,90.0,100.0,90.0,1423.0,401.0,44.0,47.0,93.6,35.0,36.0,97.2,7.0,9.0,77.8,0,0.6,0.7,-0.6,2.0,11.0,6.0,0.0,15.0,Matches
352,340,Mateo Retegui,FW,it Italy,25-064,1999,1.7,10.0,19.0,52.6,127.0,16.0,6.0,12.0,50.0,4.0,5.0,80.0,0.0,0.0,,0,0.0,0.0,0.0,0.0,0.0,1.0,0.0,1.0,Matches
353,341,Declan Rice,MF,eng England,25-170,1999,4.3,271.0,298.0,90.9,4647.0,1140.0,126.0,134.0,94.0,104.0,112.0,92.9,27.0,31.0,87.1,0,0.1,0.3,-0.1,3.0,25.0,4.0,2.0,23.0,Matches
354,342,Fabian Rieder,MF,ch Switzerland,22-137,2002,1.7,40.0,58.0,69.0,657.0,281.0,21.0,26.0,80.8,15.0,22.0,68.2,3.0,8.0,37.5,0,0.2,0.3,-0.2,2.0,5.0,1.0,0.0,7.0,Matches
355,343,Andrew Robertson,DF,sct Scotland,30-113,1994,3.0,91.0,120.0,75.8,1469.0,446.0,44.0,47.0,93.6,40.0,50.0,80.0,4.0,14.0,28.6,0,0.3,0.5,-0.3,4.0,4.0,2.0,1.0,8.0,Matches
356,344,Rodri,MF,es Spain,28-010,1996,2.9,260.0,279.0,93.2,4486.0,1009.0,113.0,123.0,91.9,120.0,124.0,96.8,20.0,22.0,90.9,0,0.1,0.2,-0.1,3.0,27.0,2.0,0.0,26.0,Matches
357,345,Ricardo Rodríguez,DF,ch Switzerland,31-312,1992,4.0,154.0,181.0,85.1,2479.0,817.0,85.0,89.0,95.5,48.0,55.0,87.3,16.0,29.0,55.2,0,0.0,0.1,0.0,1.0,21.0,1.0,0.0,13.0,Matches
358,346,Taras Romanchuk,MF,pl Poland,32-231,1991,0.6,11.0,14.0,78.6,128.0,12.0,8.0,8.0,100.0,3.0,4.0,75.0,0.0,0.0,,0,0.0,0.0,0.0,0.0,0.0,0.0,0.0,0.0,Matches
359,347,Cristiano Ronaldo,FW,pt Portugal,39-148,1985,2.7,46.0,56.0,82.1,614.0,72.0,33.0,38.0,86.8,8.0,9.0,88.9,2.0,3.0,66.7,1,1.2,0.5,-0.2,6.0,1.0,3.0,1.0,2.0,Matches
360,348,Antonio Rüdiger,DF,de Germany,31-121,1993,4.0,311.0,341.0,91.2,5393.0,1920.0,138.0,141.0,97.9,150.0,156.0,96.2,21.0,37.0,56.8,0,0.3,0.8,-0.3,2.0,37.0,5.0,0.0,29.0,Matches
361,349,Fabián Ruiz Peña,MF,es Spain,28-090,1996,2.9,209.0,233.0,89.7,3374.0,787.0,102.0,111.0,91.9,86.0,92.0,93.5,15.0,18.0,83.3,2,0.8,0.5,1.2,6.0,24.0,5.0,0.0,28.0,Matches
362,350,Adrian Rus,MF,ro Romania,28-106,1996,0.2,1.0,6.0,16.7,15.0,8.0,1.0,4.0,25.0,0.0,2.0,0.0,0.0,0.0,,0,0.0,0.0,0.0,0.0,1.0,0.0,0.0,1.0,Matches
364,351,Marcel Sabitzer,"FW,MF",at Austria,30-107,1994,3.0,73.0,110.0,66.4,1065.0,297.0,44.0,53.0,83.0,20.0,31.0,64.5,6.0,19.0,31.6,0,0.7,0.7,-0.7,4.0,5.0,1.0,0.0,9.0,Matches
365,352,Bukayo Saka,"FW,DF",eng England,22-301,2001,3.7,138.0,161.0,85.7,1975.0,409.0,82.0,89.0,92.1,47.0,50.0,94.0,6.0,11.0,54.5,0,0.1,0.2,-0.1,3.0,8.0,8.0,1.0,16.0,Matches
366,353,Bartosz Salamon,DF,pl Poland,33-062,1991,0.9,28.0,33.0,84.8,430.0,106.0,14.0,15.0,93.3,13.0,14.0,92.9,0.0,3.0,0.0,0,0.0,0.0,0.0,0.0,0.0,0.0,0.0,0.0,Matches
367,354,William Saliba,DF,fr France,23-100,2001,3.0,192.0,199.0,96.5,3277.0,1034.0,80.0,82.0,97.6,95.0,99.0,96.0,14.0,15.0,93.3,0,0.0,0.1,0.0,0.0,1.0,0.0,0.0,6.0,Matches
368,355,Roland Sallai,MF,hu Hungary,27-041,1997,3.0,61.0,79.0,77.2,901.0,259.0,32.0,36.0,88.9,19.0,28.0,67.9,5.0,7.0,71.4,1,1.0,0.5,0.0,4.0,5.0,3.0,2.0,5.0,Matches
369,356,Lazar Samardzic,MF,rs Serbia,22-129,2002,0.6,16.0,21.0,76.2,320.0,52.0,10.0,10.0,100.0,2.0,5.0,40.0,4.0,6.0,66.7,0,0.0,0.0,0.0,0.0,1.0,0.0,0.0,1.0,Matches
370,357,Leroy Sané,FW,de Germany,28-173,1996,1.8,50.0,57.0,87.7,627.0,80.0,36.0,40.0,90.0,11.0,12.0,91.7,1.0,1.0,100.0,0,0.1,0.2,-0.1,2.0,1.0,5.0,0.0,7.0,Matches
371,358,Leo Sauer,FW,sk Slovakia,18-199,2005,0.1,0.0,1.0,0.0,0.0,0.0,0.0,0.0,,0.0,1.0,0.0,0.0,0.0,,0,0.0,0.0,0.0,0.0,0.0,0.0,0.0,0.0,Matches
372,359,Gianluca Scamacca,FW,it Italy,25-183,1999,2.8,32.0,51.0,62.7,449.0,60.0,21.0,27.0,77.8,8.0,19.0,42.1,2.0,2.0,100.0,0,0.2,0.1,-0.2,3.0,1.0,0.0,0.0,3.0,Matches
373,360,András Schäfer,MF,hu Hungary,25-080,1999,3.0,117.0,135.0,86.7,1732.0,486.0,64.0,70.0,91.4,47.0,55.0,85.5,3.0,6.0,50.0,0,0.0,0.0,0.0,0.0,7.0,1.0,0.0,14.0,Matches
374,361,Fabian Schär,DF,ch Switzerland,32-195,1991,4.0,147.0,181.0,81.2,3206.0,1317.0,60.0,65.0,92.3,60.0,66.0,90.9,27.0,45.0,60.0,0,0.1,0.0,-0.1,3.0,14.0,2.0,1.0,7.0,Matches
375,362,Patrik Schick,FW,cz Czechia,28-160,1996,1.4,21.0,33.0,63.6,262.0,61.0,14.0,19.0,73.7,4.0,6.0,66.7,1.0,2.0,50.0,0,0.1,0.1,-0.1,2.0,1.0,0.0,0.0,1.0,Matches
376,363,Nico Schlotterbeck,DF,de Germany,24-214,1999,1.3,79.0,88.0,89.8,1286.0,649.0,37.0,40.0,92.5,35.0,36.0,97.2,5.0,8.0,62.5,1,0.4,0.0,0.6,2.0,8.0,0.0,0.0,1.0,Matches
377,364,Kasper Schmeichel,GK,dk Denmark,37-240,1986,4.0,90.0,112.0,80.4,2476.0,1765.0,18.0,18.0,100.0,45.0,45.0,100.0,26.0,48.0,54.2,0,0.0,0.0,0.0,0.0,2.0,0.0,0.0,0.0,Matches
378,365,Romano Schmid,"FW,MF",at Austria,24-157,2000,1.1,39.0,47.0,83.0,543.0,73.0,26.0,26.0,100.0,10.0,14.0,71.4,2.0,4.0,50.0,0,0.5,0.6,-0.5,2.0,0.0,3.0,0.0,4.0,Matches
379,366,Jerdy Schouten,MF,nl Netherlands,27-172,1997,2.8,137.0,153.0,89.5,2278.0,575.0,63.0,68.0,92.6,60.0,66.0,90.9,10.0,12.0,83.3,0,0.1,0.4,-0.1,2.0,9.0,1.0,0.0,9.0,Matches
380,367,Ivan Schranz,FW,sk Slovakia,30-293,1993,3.7,62.0,86.0,72.1,809.0,275.0,43.0,49.0,87.8,12.0,20.0,60.0,3.0,7.0,42.9,0,0.3,0.3,-0.3,3.0,6.0,2.0,0.0,6.0,Matches
381,368,Taulant Seferi,FW,al Albania,27-230,1996,1.0,17.0,26.0,65.4,227.0,68.0,8.0,14.0,57.1,8.0,10.0,80.0,0.0,1.0,0.0,0,0.1,0.1,-0.1,1.0,0.0,0.0,0.0,3.0,Matches
382,369,Nicolas Seiwald,MF,at Austria,23-059,2001,3.0,133.0,156.0,85.3,2229.0,730.0,58.0,63.0,92.1,65.0,74.0,87.8,7.0,11.0,63.6,0,0.3,0.1,-0.3,6.0,16.0,1.0,0.0,13.0,Matches
383,370,Nélson Semedo,DF,pt Portugal,30-229,1993,0.5,24.0,25.0,96.0,329.0,60.0,17.0,17.0,100.0,7.0,7.0,100.0,0.0,0.0,,0,0.0,0.0,0.0,0.0,2.0,0.0,0.0,2.0,Matches
384,371,Benjamin Šeško,FW,si Slovenia,21-032,2003,2.6,31.0,48.0,64.6,390.0,89.0,21.0,28.0,75.0,9.0,13.0,69.2,0.0,1.0,0.0,0,0.1,0.0,-0.1,2.0,5.0,0.0,0.0,6.0,Matches
385,372,Petr Ševčík,MF,cz Czechia,30-059,1994,0.2,20.0,26.0,76.9,281.0,47.0,12.0,14.0,85.7,7.0,9.0,77.8,0.0,1.0,0.0,0,0.0,0.1,0.0,0.0,5.0,0.0,0.0,3.0,Matches
386,373,Stephan El Shaarawy,FW,it Italy,31-249,1992,0.5,8.0,10.0,80.0,86.0,0.0,5.0,6.0,83.3,2.0,2.0,100.0,0.0,1.0,0.0,0,0.0,0.0,0.0,0.0,0.0,0.0,0.0,0.0,Matches
387,374,Lawrence Shankland,FW,sct Scotland,28-327,1995,0.3,5.0,11.0,45.5,110.0,45.0,2.0,6.0,33.3,2.0,2.0,100.0,1.0,1.0,100.0,0,0.0,0.1,0.0,1.0,0.0,2.0,1.0,2.0,Matches
388,375,Mykola Shaparenko,MF,ua Ukraine,25-272,1998,2.4,111.0,129.0,86.0,1991.0,496.0,44.0,48.0,91.7,58.0,63.0,92.1,8.0,13.0,61.5,1,0.2,0.4,0.8,2.0,15.0,2.0,0.0,18.0,Matches
390,376,Xherdan Shaqiri,MF,ch Switzerland,32-266,1991,0.7,23.0,33.0,69.7,328.0,53.0,14.0,16.0,87.5,9.0,10.0,90.0,0.0,6.0,0.0,0,0.0,0.0,0.0,0.0,0.0,0.0,0.0,3.0,Matches
391,377,Vincent Sierro,MF,ch Switzerland,28-268,1995,0.4,13.0,23.0,56.5,148.0,31.0,8.0,11.0,72.7,3.0,8.0,37.5,0.0,2.0,0.0,0,0.0,0.0,0.0,0.0,1.0,0.0,0.0,1.0,Matches
392,378,António Silva,DF,pt Portugal,20-246,2003,0.8,59.0,66.0,89.4,970.0,318.0,26.0,28.0,92.9,33.0,38.0,86.8,0.0,0.0,,0,0.1,0.1,-0.1,1.0,14.0,0.0,0.0,10.0,Matches
393,379,Bernardo Silva,FW,pt Portugal,29-327,1994,2.0,97.0,114.0,85.1,1439.0,383.0,59.0,67.0,88.1,32.0,35.0,91.4,6.0,8.0,75.0,0,0.3,0.4,-0.3,6.0,5.0,5.0,1.0,14.0,Matches
394,380,Unai Simón,GK,es Spain,27-021,1997,3.0,79.0,104.0,76.0,1826.0,1264.0,17.0,17.0,100.0,42.0,42.0,100.0,19.0,42.0,45.2,0,0.0,0.0,0.0,0.0,0.0,0.0,0.0,0.0,Matches
395,381,Xavi Simons,"MF,FW",nl Netherlands,21-072,2003,2.1,55.0,68.0,80.9,829.0,196.0,31.0,34.0,91.2,19.0,21.0,90.5,2.0,6.0,33.3,1,0.4,0.1,0.6,5.0,12.0,3.0,0.0,13.0,Matches
396,382,Michał Skóraś,DF,pl Poland,24-138,2000,0.3,6.0,9.0,66.7,98.0,45.0,2.0,4.0,50.0,4.0,4.0,100.0,0.0,0.0,,0,0.0,0.0,0.0,0.0,1.0,0.0,0.0,1.0,Matches
397,383,Łukasz Skorupski,GK,pl Poland,33-058,1991,1.0,24.0,29.0,82.8,578.0,463.0,9.0,9.0,100.0,9.0,9.0,100.0,6.0,11.0,54.5,0,0.0,0.0,0.0,0.0,0.0,0.0,0.0,0.0,Matches
398,384,Andreas Skov Olsen,"MF,FW",dk Denmark,24-186,1999,1.4,30.0,38.0,78.9,444.0,80.0,16.0,19.0,84.2,11.0,12.0,91.7,2.0,4.0,50.0,0,0.4,0.2,-0.4,1.0,1.0,0.0,0.0,3.0,Matches
399,385,Milan Škriniar,DF,sk Slovakia,29-142,1995,4.3,257.0,282.0,91.1,4543.0,1583.0,111.0,113.0,98.2,123.0,130.0,94.6,16.0,30.0,53.3,0,0.1,0.1,-0.1,2.0,13.0,0.0,0.0,21.0,Matches
400,386,Bartosz Slisz,MF,pl Poland,25-095,1999,1.2,35.0,43.0,81.4,490.0,113.0,19.0,24.0,79.2,16.0,18.0,88.9,0.0,1.0,0.0,0,0.1,0.0,-0.1,2.0,6.0,0.0,0.0,5.0,Matches
401,387,Yann Sommer,GK,ch Switzerland,35-198,1988,4.0,100.0,126.0,79.4,2233.0,1390.0,22.0,22.0,100.0,57.0,57.0,100.0,21.0,46.0,45.7,0,0.0,0.0,0.0,0.0,0.0,0.0,0.0,0.0,Matches
402,388,Deian Sorescu,"MF,DF",ro Romania,26-308,1997,0.4,12.0,16.0,75.0,162.0,74.0,8.0,8.0,100.0,4.0,8.0,50.0,0.0,0.0,,0,0.0,0.0,0.0,0.0,0.0,0.0,0.0,0.0,Matches
403,389,Borna Sosa,DF,hr Croatia,26-163,1998,0.1,1.0,2.0,50.0,8.0,6.0,1.0,1.0,100.0,0.0,0.0,,0.0,1.0,0.0,0,0.0,0.0,0.0,0.0,0.0,0.0,0.0,0.0,Matches
404,390,Tomáš Souček,MF,cz Czechia,29-126,1995,3.0,74.0,94.0,78.7,1257.0,299.0,41.0,50.0,82.0,25.0,33.0,75.8,8.0,11.0,72.7,0,1.0,0.4,-1.0,6.0,12.0,1.0,0.0,11.0,Matches
405,391,Andraž Šporar,FW,si Slovenia,30-126,1994,2.9,32.0,50.0,64.0,455.0,31.0,19.0,27.0,70.4,12.0,17.0,70.6,1.0,2.0,50.0,0,0.7,0.2,-0.7,6.0,2.0,1.0,1.0,0.0,Matches
406,392,Nicolae Stanciu,"MF,FW",ro Romania,31-056,1993,3.0,67.0,90.0,74.4,1093.0,293.0,37.0,44.0,84.1,21.0,24.0,87.5,7.0,15.0,46.7,0,0.1,0.3,-0.1,3.0,6.0,4.0,3.0,6.0,Matches
407,393,Jindřich Staněk,GK,cz Czechia,28-066,1996,2.6,48.0,75.0,64.0,1547.0,1240.0,13.0,13.0,100.0,14.0,14.0,100.0,21.0,48.0,43.8,0,0.0,0.0,0.0,0.0,0.0,0.0,0.0,0.0,Matches
408,394,Josip Stanišić,DF,hr Croatia,24-091,2000,2.0,109.0,133.0,82.0,1621.0,334.0,61.0,66.0,92.4,39.0,45.0,86.7,6.0,14.0,42.9,0,0.0,0.1,0.0,1.0,4.0,2.0,1.0,8.0,Matches
409,395,Renato Steffen,DF,ch Switzerland,32-242,1991,0.0,2.0,2.0,100.0,31.0,0.0,1.0,1.0,100.0,1.0,1.0,100.0,0.0,0.0,,0,0.0,0.0,0.0,0.0,0.0,0.0,0.0,0.0,Matches
410,396,Taras Stepanenko,MF,ua Ukraine,34-329,1989,0.9,63.0,74.0,85.1,991.0,189.0,31.0,35.0,88.6,29.0,35.0,82.9,2.0,3.0,66.7,0,0.0,0.0,0.0,0.0,2.0,0.0,0.0,5.0,Matches
411,397,Leonidas Stergiou,DF,ch Switzerland,22-121,2002,0.5,6.0,11.0,54.5,99.0,62.0,2.0,3.0,66.7,4.0,5.0,80.0,0.0,0.0,,0,0.0,0.0,0.0,0.0,0.0,0.0,0.0,0.0,Matches
412,398,Petar Stojanović,MF,si Slovenia,28-269,1995,2.6,68.0,79.0,86.1,1156.0,272.0,36.0,41.0,87.8,25.0,25.0,100.0,7.0,11.0,63.6,0,0.1,0.1,-0.1,2.0,6.0,1.0,0.0,9.0,Matches
413,399,John Stones,DF,eng England,30-035,1994,4.3,337.0,361.0,93.4,6152.0,1661.0,129.0,135.0,95.6,173.0,178.0,97.2,30.0,40.0,75.0,0,0.0,0.0,0.0,1.0,15.0,0.0,0.0,9.0,Matches
414,400,Thomas Strakosha,GK,al Albania,29-105,1995,3.0,65.0,93.0,69.9,2217.0,1760.0,11.0,11.0,100.0,25.0,26.0,96.2,29.0,55.0,52.7,0,0.0,0.0,0.0,0.0,0.0,0.0,0.0,0.0,Matches
416,401,Dávid Strelec,FW,sk Slovakia,23-089,2001,2.0,27.0,42.0,64.3,302.0,61.0,16.0,25.0,64.0,7.0,11.0,63.6,0.0,0.0,,1,0.8,0.7,0.2,3.0,2.0,1.0,0.0,2.0,Matches
417,402,Callum Styles,MF,hu Hungary,24-096,2000,0.7,21.0,27.0,77.8,379.0,193.0,9.0,9.0,100.0,9.0,11.0,81.8,2.0,5.0,40.0,0,0.0,0.0,0.0,1.0,1.0,0.0,0.0,2.0,Matches
418,403,Luka Sučić,"FW,MF",hr Croatia,21-298,2002,1.6,77.0,84.0,91.7,1257.0,238.0,39.0,41.0,95.1,32.0,35.0,91.4,5.0,5.0,100.0,0,0.4,0.2,-0.4,3.0,7.0,3.0,1.0,7.0,Matches
419,404,Heorhiy Sudakov,MF,ua Ukraine,21-305,2002,2.9,100.0,120.0,83.3,1833.0,549.0,45.0,50.0,90.0,43.0,51.0,84.3,11.0,15.0,73.3,0,0.2,0.2,-0.2,4.0,12.0,3.0,0.0,15.0,Matches
420,405,Pavel Šulc,MF,cz Czechia,23-186,2000,0.9,12.0,16.0,75.0,136.0,30.0,6.0,6.0,100.0,4.0,4.0,100.0,0.0,0.0,,0,0.0,0.0,0.0,0.0,1.0,0.0,0.0,0.0,Matches
421,406,Tomáš Suslov,"FW,MF",sk Slovakia,22-025,2002,1.4,38.0,54.0,70.4,621.0,153.0,21.0,26.0,80.8,11.0,11.0,100.0,4.0,9.0,44.4,0,0.1,0.3,-0.1,3.0,3.0,4.0,3.0,6.0,Matches
422,407,Josip Šutalo,DF,hr Croatia,24-125,2000,3.0,191.0,199.0,96.0,3221.0,938.0,82.0,85.0,96.5,97.0,101.0,96.0,11.0,12.0,91.7,0,0.0,0.0,0.0,0.0,7.0,0.0,0.0,10.0,Matches
423,408,Oleksandr Svatok,DF,ua Ukraine,29-279,1994,0.9,24.0,25.0,96.0,356.0,116.0,15.0,16.0,93.8,9.0,9.0,100.0,0.0,0.0,,0,0.0,0.0,0.0,0.0,2.0,0.0,0.0,3.0,Matches
424,409,Karol Świderski,FW,pl Poland,27-161,1997,1.0,11.0,16.0,68.8,172.0,49.0,4.0,6.0,66.7,6.0,9.0,66.7,1.0,1.0,100.0,0,0.6,0.3,-0.6,2.0,0.0,1.0,1.0,0.0,Matches
425,410,Serhiy Sydorchuk,MF,ua Ukraine,33-061,1991,0.1,1.0,2.0,50.0,18.0,19.0,0.0,0.0,,1.0,1.0,100.0,0.0,1.0,0.0,0,0.0,0.0,0.0,0.0,0.0,0.0,0.0,0.0,Matches
426,411,Attila Szalai,DF,hu Hungary,26-164,1998,1.1,48.0,59.0,81.4,883.0,371.0,23.0,24.0,95.8,14.0,18.0,77.8,9.0,14.0,64.3,0,0.0,0.0,0.0,0.0,3.0,0.0,0.0,8.0,Matches
427,412,Wojciech Szczęsny,GK,pl Poland,34-075,1990,2.0,42.0,66.0,63.6,1064.0,724.0,7.0,7.0,100.0,24.0,25.0,96.0,11.0,34.0,32.4,0,0.0,0.0,0.0,0.0,1.0,0.0,0.0,0.0,Matches
428,413,Dominik Szoboszlai,MF,hu Hungary,23-251,2000,3.0,110.0,149.0,73.8,2076.0,574.0,60.0,66.0,90.9,32.0,40.0,80.0,16.0,33.0,48.5,1,1.2,0.8,-0.2,7.0,6.0,3.0,1.0,8.0,Matches
429,414,Sebastian Szymański,MF,pl Poland,25-053,1999,1.2,30.0,37.0,81.1,414.0,136.0,16.0,18.0,88.9,10.0,13.0,76.9,2.0,3.0,66.7,0,0.0,0.0,0.0,1.0,4.0,0.0,0.0,8.0,Matches
430,415,Dušan Tadić,MF,rs Serbia,35-225,1988,1.7,65.0,87.0,74.7,943.0,269.0,43.0,48.0,89.6,11.0,13.0,84.6,6.0,16.0,37.5,0,0.6,0.7,-0.6,4.0,4.0,4.0,2.0,4.0,Matches
431,416,Jonathan Tah,DF,de Germany,28-142,1996,2.7,223.0,234.0,95.3,3662.0,1156.0,100.0,102.0,98.0,119.0,125.0,95.2,3.0,5.0,60.0,0,0.1,0.1,-0.1,2.0,15.0,0.0,0.0,10.0,Matches
432,417,Maksym Talovierov,MF,ua Ukraine,24-004,2000,0.0,1.0,1.0,100.0,6.0,0.0,1.0,1.0,100.0,0.0,0.0,,0.0,0.0,,0,0.0,0.0,0.0,0.0,0.0,0.0,0.0,0.0,Matches
433,418,Aurélien Tchouaméni,MF,fr France,24-157,2000,1.9,145.0,156.0,92.9,2611.0,698.0,70.0,72.0,97.2,58.0,61.0,95.1,16.0,20.0,80.0,0,0.0,0.1,0.0,0.0,23.0,1.0,1.0,14.0,Matches
434,419,Arthur Theate,DF,be Belgium,24-038,2000,1.8,104.0,121.0,86.0,1785.0,724.0,50.0,53.0,94.3,43.0,50.0,86.0,10.0,17.0,58.8,0,0.0,0.0,0.0,2.0,12.0,0.0,0.0,6.0,Matches
435,420,Marcus Thuram,FW,fr France,26-331,1997,1.8,29.0,35.0,82.9,313.0,76.0,23.0,27.0,85.2,5.0,5.0,100.0,0.0,0.0,,0,0.1,0.4,-0.1,1.0,2.0,3.0,0.0,5.0,Matches
436,421,Youri Tielemans,MF,be Belgium,27-056,1997,1.6,96.0,112.0,85.7,1829.0,540.0,43.0,43.0,100.0,41.0,50.0,82.0,11.0,14.0,78.6,0,0.0,0.1,0.0,1.0,10.0,1.0,0.0,15.0,Matches
437,422,Kieran Tierney,DF,sct Scotland,27-027,1997,1.5,69.0,92.0,75.0,1267.0,500.0,28.0,29.0,96.6,31.0,36.0,86.1,8.0,18.0,44.4,0,0.0,0.0,0.0,0.0,3.0,0.0,0.0,3.0,Matches
438,423,Ivan Toney,FW,eng England,28-108,1996,0.3,8.0,14.0,57.1,105.0,21.0,5.0,9.0,55.6,3.0,4.0,75.0,0.0,0.0,,1,0.2,0.1,0.8,1.0,0.0,0.0,0.0,0.0,Matches
439,424,Ferrán Torres,FW,es Spain,24-124,2000,1.1,20.0,29.0,69.0,336.0,51.0,12.0,13.0,92.3,5.0,9.0,55.6,3.0,5.0,60.0,0,0.1,0.8,-0.1,1.0,0.0,2.0,1.0,1.0,Matches
440,425,Cenk Tosun,FW,tr Türkiye,33-025,1991,0.2,2.0,3.0,66.7,17.0,0.0,1.0,1.0,100.0,0.0,0.0,,0.0,1.0,0.0,0,0.0,0.0,0.0,0.0,0.0,0.0,0.0,0.0,Matches
442,426,Gernot Trauner,DF,at Austria,32-099,1992,1.0,74.0,78.0,94.9,1281.0,451.0,33.0,34.0,97.1,34.0,34.0,100.0,5.0,6.0,83.3,0,0.0,0.0,0.0,0.0,10.0,0.0,0.0,8.0,Matches
443,427,Kieran Trippier,DF,eng England,33-287,1990,3.6,250.0,283.0,88.3,3907.0,1139.0,124.0,132.0,93.9,100.0,107.0,93.5,16.0,27.0,59.3,0,0.7,0.4,-0.7,7.0,19.0,8.0,3.0,24.0,Matches
444,428,Leandro Trossard,FW,be Belgium,29-211,1994,1.9,55.0,70.0,78.6,926.0,181.0,29.0,34.0,85.3,19.0,22.0,86.4,5.0,6.0,83.3,0,0.1,0.5,-0.1,3.0,6.0,2.0,1.0,5.0,Matches
445,429,Anatolii Trubin,GK,ua Ukraine,22-336,2001,2.0,55.0,70.0,78.6,1334.0,986.0,6.0,6.0,100.0,38.0,38.0,100.0,11.0,25.0,44.0,0,0.0,0.0,0.0,0.0,0.0,0.0,0.0,0.0,Matches
446,430,Heorhii Tsitaishvili,"DF,MF",ge Georgia,23-227,2000,2.1,47.0,68.0,69.1,693.0,117.0,22.0,28.0,78.6,18.0,24.0,75.0,2.0,10.0,20.0,0,0.1,0.1,-0.1,1.0,0.0,1.0,0.0,3.0,Matches
447,431,Viktor Tsyhankov,FW,ua Ukraine,26-230,1997,0.7,25.0,32.0,78.1,341.0,43.0,15.0,16.0,93.8,9.0,12.0,75.0,1.0,3.0,33.3,0,0.0,0.0,0.0,0.0,1.0,0.0,0.0,1.0,Matches
448,432,Ľubomír Tupta,MF,sk Slovakia,26-097,1998,0.1,4.0,4.0,100.0,38.0,0.0,3.0,3.0,100.0,1.0,1.0,100.0,0.0,0.0,,0,0.0,0.0,0.0,0.0,0.0,0.0,0.0,0.0,Matches
449,433,Oleksandr Tymchyk,DF,ua Ukraine,27-164,1997,2.2,66.0,83.0,79.5,1179.0,302.0,30.0,33.0,90.9,30.0,37.0,81.1,5.0,9.0,55.6,0,0.0,0.1,0.0,1.0,4.0,1.0,1.0,7.0,Matches
450,434,Deniz Undav,MF,de Germany,27-349,1996,0.1,1.0,2.0,50.0,16.0,0.0,0.0,0.0,,1.0,1.0,100.0,0.0,1.0,0.0,0,0.0,0.0,0.0,0.0,0.0,0.0,0.0,0.0,Matches
451,435,Dayot Upamecano,DF,fr France,25-249,1998,3.0,204.0,223.0,91.5,3799.0,1083.0,71.0,76.0,93.4,114.0,120.0,95.0,15.0,22.0,68.2,0,0.1,0.1,-0.1,3.0,15.0,0.0,0.0,14.0,Matches
452,436,Kacper Urbanski,"FW,MF",pl Poland,19-299,2004,1.6,41.0,49.0,83.7,528.0,114.0,28.0,30.0,93.3,8.0,12.0,66.7,2.0,2.0,100.0,0,0.1,0.2,-0.1,2.0,6.0,1.0,0.0,3.0,Matches
453,437,Virgil van Dijk,DF,nl Netherlands,32-360,1991,3.0,174.0,189.0,92.1,3348.0,1434.0,73.0,75.0,97.3,77.0,84.0,91.7,24.0,29.0,82.8,0,0.0,0.0,0.0,0.0,11.0,2.0,0.0,13.0,Matches
454,438,Vladyslav Vanat,FW,ua Ukraine,22-180,2002,0.2,1.0,2.0,50.0,11.0,0.0,1.0,2.0,50.0,0.0,0.0,,0.0,0.0,,0,0.0,0.0,0.0,0.0,0.0,0.0,0.0,0.0,Matches
455,439,Barnabás Varga,FW,hu Hungary,30-159,1994,2.8,27.0,54.0,50.0,371.0,119.0,19.0,36.0,52.8,5.0,10.0,50.0,2.0,3.0,66.7,0,0.1,0.0,-0.1,1.0,4.0,1.0,0.0,7.0,Matches
456,440,Ruben Vargas,"MF,FW",ch Switzerland,25-332,1998,2.7,75.0,100.0,75.0,1133.0,302.0,41.0,46.0,89.1,29.0,36.0,80.6,3.0,10.0,30.0,1,1.1,0.6,-0.1,7.0,5.0,4.0,0.0,12.0,Matches
457,441,Denis Vavro,DF,sk Slovakia,28-083,1996,4.3,213.0,264.0,80.7,4366.0,1412.0,70.0,78.0,89.7,116.0,128.0,90.6,26.0,53.0,49.1,0,0.0,0.1,0.0,0.0,11.0,1.0,0.0,15.0,Matches
458,442,Joey Veerman,MF,nl Netherlands,25-226,1998,1.3,77.0,105.0,73.3,1322.0,378.0,35.0,43.0,81.4,36.0,39.0,92.3,5.0,17.0,29.4,0,0.1,0.1,-0.1,4.0,7.0,2.0,0.0,12.0,Matches
459,443,Miloš Veljković,DF,rs Serbia,28-280,1995,3.0,206.0,226.0,91.2,3799.0,1169.0,83.0,85.0,97.6,103.0,113.0,91.2,18.0,26.0,69.2,0,0.0,0.1,0.0,0.0,23.0,2.0,0.0,27.0,Matches
460,444,Micky van de Ven,DF,nl Netherlands,23-074,2001,0.3,23.0,29.0,79.3,368.0,66.0,12.0,14.0,85.7,11.0,13.0,84.6,0.0,0.0,,0,0.0,0.0,0.0,0.0,2.0,0.0,0.0,2.0,Matches
461,445,Benjamin Verbič,MF,si Slovenia,30-218,1993,0.4,5.0,8.0,62.5,77.0,28.0,3.0,6.0,50.0,2.0,2.0,100.0,0.0,0.0,,0,0.1,0.1,-0.1,1.0,1.0,1.0,0.0,1.0,Matches
462,446,Bart Verbruggen,GK,nl Netherlands,21-319,2002,3.0,102.0,114.0,89.5,2495.0,1731.0,25.0,25.0,100.0,53.0,53.0,100.0,24.0,36.0,66.7,0,0.0,0.0,0.0,0.0,4.0,0.0,0.0,0.0,Matches
463,447,Jan Vertonghen,DF,be Belgium,37-069,1987,2.0,100.0,108.0,92.6,2142.0,812.0,23.0,25.0,92.0,65.0,68.0,95.6,12.0,14.0,85.7,0,0.0,0.0,0.0,0.0,4.0,0.0,0.0,3.0,Matches
464,448,Jannik Vestergaard,DF,dk Denmark,31-334,1992,4.0,250.0,268.0,93.3,3838.0,1512.0,136.0,137.0,99.3,102.0,109.0,93.6,9.0,17.0,52.9,0,0.0,0.0,0.0,0.0,14.0,0.0,0.0,15.0,Matches
465,449,Žan Vipotnik,FW,si Slovenia,22-106,2002,0.2,0.0,2.0,0.0,0.0,0.0,0.0,1.0,0.0,0.0,1.0,0.0,0.0,0.0,,0,0.0,0.0,0.0,0.0,0.0,0.0,0.0,0.0,Matches
466,450,Vitinha,MF,pt Portugal,24-140,2000,2.0,144.0,160.0,90.0,2529.0,600.0,64.0,68.0,94.1,69.0,71.0,97.2,11.0,18.0,61.1,0,0.1,0.2,-0.1,3.0,14.0,2.0,1.0,17.0,Matches
468,451,Daniel Vivian,DF,es Spain,24-353,1999,1.0,82.0,86.0,95.3,1584.0,584.0,26.0,26.0,100.0,49.0,52.0,94.2,7.0,8.0,87.5,0,0.0,0.0,0.0,0.0,10.0,0.0,0.0,9.0,Matches
469,452,Dušan Vlahović,"MF,FW",rs Serbia,24-156,2000,2.0,15.0,27.0,55.6,257.0,37.0,8.0,14.0,57.1,4.0,6.0,66.7,3.0,4.0,75.0,0,0.0,0.0,0.0,0.0,0.0,0.0,0.0,2.0,Matches
470,453,Stefan de Vrij,DF,nl Netherlands,32-148,1992,3.0,178.0,198.0,89.9,3195.0,1026.0,68.0,72.0,94.4,99.0,107.0,92.5,10.0,16.0,62.5,0,0.0,0.0,0.0,0.0,12.0,0.0,0.0,10.0,Matches
471,454,Kyle Walker,DF,eng England,34-035,1990,4.3,307.0,352.0,87.2,5237.0,1482.0,137.0,145.0,94.5,138.0,158.0,87.3,27.0,35.0,77.1,0,0.1,0.1,-0.1,1.0,27.0,0.0,0.0,31.0,Matches
472,455,Ollie Watkins,FW,eng England,28-185,1995,0.2,0.0,1.0,0.0,0.0,0.0,0.0,1.0,0.0,0.0,0.0,,0.0,0.0,,0,0.0,0.0,0.0,0.0,0.0,0.0,0.0,0.0,Matches
473,456,Wout Weghorst,FW,nl Netherlands,31-330,1992,0.5,13.0,14.0,92.9,108.0,19.0,11.0,11.0,100.0,1.0,1.0,100.0,0.0,0.0,,1,0.1,0.1,0.9,1.0,0.0,0.0,0.0,0.0,Matches
474,457,Andreas Weimann,FW,at Austria,32-332,1991,0.0,0.0,1.0,0.0,0.0,0.0,0.0,1.0,0.0,0.0,0.0,,0.0,0.0,,0,0.0,0.0,0.0,0.0,0.0,0.0,0.0,0.0,Matches
475,458,Silvan Widmer,DF,ch Switzerland,31-119,1993,2.7,78.0,104.0,75.0,1156.0,288.0,47.0,52.0,90.4,26.0,36.0,72.2,3.0,11.0,27.3,0,0.0,0.1,0.0,0.0,2.0,0.0,0.0,3.0,Matches
476,459,Georginio Wijnaldum,MF,nl Netherlands,33-234,1990,0.8,10.0,16.0,62.5,148.0,32.0,5.0,6.0,83.3,5.0,6.0,83.3,0.0,0.0,,0,0.0,0.0,0.0,0.0,1.0,0.0,0.0,2.0,Matches
477,460,Nico Williams,FW,es Spain,21-356,2002,2.6,90.0,105.0,85.7,1214.0,288.0,63.0,66.0,95.5,18.0,24.0,75.0,6.0,11.0,54.5,1,0.9,1.1,0.1,9.0,1.0,7.0,3.0,10.0,Matches
478,461,Patrick Wimmer,"FW,MF",at Austria,23-033,2001,1.5,32.0,48.0,66.7,512.0,180.0,16.0,20.0,80.0,9.0,12.0,75.0,4.0,9.0,44.4,0,0.1,0.1,-0.1,1.0,6.0,1.0,0.0,4.0,Matches
479,462,Jonas Wind,FW,dk Denmark,25-146,1999,2.1,62.0,77.0,80.5,705.0,91.0,46.0,56.0,82.1,11.0,12.0,91.7,1.0,3.0,33.3,1,0.8,0.3,0.2,5.0,2.0,1.0,1.0,2.0,Matches
480,463,Florian Wirtz,FW,de Germany,21-060,2003,2.3,133.0,146.0,91.1,1694.0,313.0,90.0,95.0,94.7,34.0,38.0,89.5,3.0,4.0,75.0,0,0.6,0.5,-0.6,5.0,7.0,1.0,0.0,15.0,Matches
481,464,Maximilian Wöber,DF,at Austria,26-149,1998,1.6,76.0,89.0,85.4,1368.0,450.0,26.0,29.0,89.7,49.0,54.0,90.7,1.0,3.0,33.3,0,0.0,0.1,0.0,0.0,4.0,1.0,1.0,5.0,Matches
482,465,Granit Xhaka,MF,ch Switzerland,31-279,1992,4.0,254.0,285.0,89.1,4269.0,1178.0,118.0,129.0,91.5,116.0,121.0,95.9,16.0,26.0,61.5,0,0.4,0.4,-0.4,8.0,34.0,4.0,0.0,28.0,Matches
483,466,Lamine Yamal,FW,es Spain,16-355,2007,2.9,100.0,124.0,80.6,1377.0,363.0,67.0,74.0,90.5,22.0,27.0,81.5,6.0,11.0,54.5,2,1.6,1.2,0.4,11.0,1.0,10.0,3.0,12.0,Matches
484,467,Roman Yaremchuk,FW,ua Ukraine,28-218,1995,1.3,23.0,30.0,76.7,272.0,44.0,16.0,18.0,88.9,5.0,5.0,100.0,0.0,2.0,0.0,0,0.1,0.1,-0.1,2.0,0.0,2.0,0.0,3.0,Matches
485,468,Andriy Yarmolenko,"FW,MF",ua Ukraine,34-253,1989,1.2,34.0,49.0,69.4,505.0,131.0,22.0,27.0,81.5,10.0,16.0,62.5,1.0,5.0,20.0,0,0.0,0.3,0.0,0.0,1.0,2.0,0.0,6.0,Matches
486,469,Yusuf Yazıcı,"MF,FW",tr Türkiye,27-155,1997,0.6,16.0,20.0,80.0,213.0,66.0,9.0,12.0,75.0,6.0,7.0,85.7,0.0,0.0,,0,0.0,0.0,0.0,0.0,3.0,0.0,0.0,3.0,Matches
487,470,Kenan Yıldız,FW,tr Türkiye,19-059,2005,2.1,65.0,74.0,87.8,851.0,164.0,37.0,43.0,86.0,25.0,26.0,96.2,0.0,0.0,,0,0.1,0.3,-0.1,1.0,2.0,2.0,0.0,5.0,Matches
488,471,Okay Yokuşlu,MF,tr Türkiye,30-115,1994,0.3,15.0,15.0,100.0,284.0,40.0,6.0,6.0,100.0,8.0,8.0,100.0,1.0,1.0,100.0,0,0.0,0.0,0.0,0.0,0.0,0.0,0.0,1.0,Matches
489,472,İsmail Yüksek,MF,tr Türkiye,25-158,1999,1.1,69.0,74.0,93.2,1182.0,390.0,35.0,36.0,97.2,26.0,28.0,92.9,6.0,7.0,85.7,1,0.1,0.1,0.9,3.0,8.0,1.0,0.0,4.0,Matches
490,473,Illia Zabarnyi,DF,ua Ukraine,21-305,2002,3.0,172.0,200.0,86.0,3633.0,1194.0,48.0,50.0,96.0,108.0,115.0,93.9,16.0,33.0,48.5,0,0.1,0.0,-0.1,2.0,14.0,1.0,0.0,14.0,Matches
491,474,Mattia Zaccagni,"MF,FW",it Italy,29-016,1995,0.9,30.0,38.0,78.9,434.0,72.0,17.0,19.0,89.5,10.0,14.0,71.4,2.0,4.0,50.0,0,0.4,0.1,-0.4,2.0,0.0,1.0,1.0,3.0,Matches
492,475,Nicola Zalewski,DF,pl Poland,22-161,2002,2.7,73.0,100.0,73.0,1017.0,359.0,45.0,51.0,88.2,23.0,27.0,85.2,3.0,11.0,27.3,0,0.1,0.1,-0.1,1.0,4.0,3.0,1.0,14.0,Matches
494,476,Piotr Zieliński,MF,pl Poland,30-043,1994,2.8,123.0,150.0,82.0,1715.0,680.0,70.0,77.0,90.9,36.0,41.0,87.8,10.0,18.0,55.6,1,0.4,0.4,0.6,6.0,7.0,2.0,1.0,10.0,Matches
495,477,Oleksandr Zinchenko,DF,ua Ukraine,27-200,1996,2.4,137.0,161.0,85.1,2350.0,737.0,69.0,75.0,92.0,58.0,70.0,82.9,9.0,13.0,69.2,1,0.2,0.2,0.8,2.0,10.0,2.0,0.0,11.0,Matches
496,478,Andrija Živković,DF,rs Serbia,27-357,1996,2.7,115.0,142.0,81.0,1892.0,612.0,59.0,62.0,95.2,43.0,52.0,82.7,10.0,15.0,66.7,0,0.7,0.6,-0.7,5.0,7.0,9.0,6.0,12.0,Matches
497,479,Budu Zivzivadze,"FW,MF",ge Georgia,30-114,1994,0.2,3.0,3.0,100.0,47.0,16.0,2.0,2.0,100.0,1.0,1.0,100.0,0.0,0.0,,0,0.0,0.0,0.0,0.0,0.0,0.0,0.0,1.0,Matches
498,480,Steven Zuber,MF,ch Switzerland,32-320,1991,0.2,12.0,13.0,92.3,185.0,76.0,8.0,8.0,100.0,3.0,3.0,100.0,1.0,1.0,100.0,0,0.0,0.0,0.0,0.0,1.0,0.0,0.0,1.0,Matches
499,481,Martín Zubimendi,MF,es Spain,25-151,1999,1.1,82.0,88.0,93.2,1439.0,365.0,34.0,34.0,100.0,39.0,43.0,90.7,8.0,9.0,88.9,0,0.0,0.0,0.0,0.0,7.0,0.0,0.0,15.0,Matches
500,482,Oleksandr Zubkov,FW,ua Ukraine,27-334,1996,0.3,6.0,10.0,60.0,99.0,37.0,3.0,4.0,75.0,3.0,4.0,75.0,0.0,0.0,,0,0.0,0.0,0.0,0.0,1.0,1.0,0.0,2.0,Matches
